0,0.43397778,0.18568362,0.2281422,0.060705334,0.042318262,0.048871167,0.00030171796
1,2.263918e-12,6.4535485e-08,4.66015e-08,5.5394366e-13,1.962845e-06,0.9999968,1.0829062e-06
2,1.0315246e-05,5.2583953e-05,0.0004884591,3.718491e-05,0.000778286,0.9982394,0.00039385157
3,0.00058096787,0.0001318801,0.044394694,0.0006818819,0.004373256,0.9497428,9.446651e-05
4,0.013091129,0.0007780687,0.042617917,0.0001354167,0.11762637,0.8255808,0.00017034617
5,5.0109596e-05,4.406817e-06,0.003592374,1.2877832e-06,0.1802645,0.8160746,1.27996e-05
6,0.00061923167,3.883708e-06,0.007200408,1.4487604e-06,0.7715758,0.2205976,1.6416824e-06
7,1.2102286e-05,9.120095e-06,0.00035787205,4.9013513e-05,9.830493e-05,0.9994677,5.9116023e-06
8,0.00016579608,1.3998354e-05,0.013682771,5.89859e-06,0.18720515,0.79888994,3.6414665e-05
9,2.529806e-10,7.3331286e-08,3.5792658e-07,7.280424e-11,3.9593347e-06,0.9999938,1.7861257e-06
10,0.019866997,0.0119378045,0.23195499,0.0038217918,0.09665349,0.63379264,0.001972282
11,4.1835323e-05,0.0009444443,0.00067739177,0.00085988856,8.5580905e-05,0.9957865,0.0016043988
12,0.008957148,0.08174634,0.019804778,0.0044792057,0.11273609,0.7280849,0.044191472
13,1.7375449e-05,0.0006749305,0.00019491014,9.493008e-06,0.0010137698,0.9970239,0.001065631
14,0.0003886755,0.00079401786,0.025478164,9.721558e-05,0.20110565,0.76540077,0.006735597
15,7.906468e-06,1.3075255e-05,0.0035836026,2.9341347e-05,0.006668075,0.9896853,1.2675147e-05
16,0.00081651635,0.0018570554,0.7726251,0.00203967,0.055097762,0.16755132,1.2507839e-05
17,0.00091464206,0.00044330023,0.01601748,0.00011866213,0.05858492,0.9236959,0.0002250545
18,0.001649868,0.0015405308,0.007650091,0.00211065,0.004986186,0.98179203,0.0002705378
19,6.6871116e-20,3.5633087e-14,2.3381736e-13,4.9438825e-25,3.2967247e-09,1.0,3.6405137e-13
20,0.008429977,0.0050430377,0.021459697,0.03236251,0.002787665,0.92983204,8.511876e-05
21,0.1758917,0.06668697,0.40345404,0.033389628,0.107490174,0.2129065,0.00018103604
22,2.6885444e-05,1.9041448e-05,2.6486805e-05,1.0925267e-05,4.7871796e-05,0.9998553,1.3434948e-05
23,6.7588144e-06,0.010223046,0.00019246296,0.000118645614,0.000110499415,0.09581867,0.8935299
24,0.000107959364,0.00021003468,0.24797766,0.00015594481,0.21897377,0.53235966,0.00021496568
25,0.00011019268,4.971873e-05,0.0046838927,1.9791669e-05,0.009510176,0.9856052,2.10803e-05
26,5.3628792e-08,2.2927172e-05,1.4112969e-05,2.2284765e-07,1.1337516e-05,0.9994667,0.00048463585
27,2.121303e-05,3.4928507e-05,0.055856336,6.746465e-05,0.065547384,0.8780994,0.00037327886
28,0.011788183,0.001343884,0.10312008,0.0046438677,0.0034407207,0.874948,0.0007151595
29,0.0019580033,0.055214316,0.0068717403,0.00469156,0.032057207,0.8864176,0.01278952
30,0.0034838703,0.007697078,0.35428676,0.0016928873,0.06420797,0.5666411,0.0019903665
31,0.041043863,0.0015444779,0.09398157,0.00031675262,0.43793336,0.42507502,0.00010486295
32,0.00018053663,8.0060025e-05,0.0024402614,3.9393868e-05,0.061100338,0.9361324,2.7096397e-05
33,0.10109915,0.7992943,0.027985282,0.0427833,0.0002502722,0.01909976,0.009487962
34,1.501745e-05,0.00045601634,0.00012911692,7.200757e-05,0.0011501033,0.99600524,0.0021725218
35,0.0006578606,1.2379421e-05,0.0014198011,4.0156456e-06,0.031308126,0.9665726,2.52805e-05
36,0.0011944388,5.3086394e-05,0.01397636,8.753682e-06,0.57206464,0.41239768,0.0003050191
37,0.0028242792,0.00028622404,0.062378313,9.983375e-05,0.26187554,0.6725092,2.6647695e-05
38,0.0014629267,0.0002480749,0.012626056,0.0001829493,0.028058562,0.9573357,8.572307e-05
39,0.032344066,0.016362306,0.20690508,0.008540986,0.18076701,0.5549762,0.00010432862
40,0.0004063018,0.0030752819,0.008474008,0.00089460047,0.04319946,0.94361097,0.00033932415
41,2.3208248e-07,3.8354214e-05,3.8471404e-05,5.8344807e-07,2.2116154e-05,0.99950385,0.0003963956
42,8.162775e-27,2.58563e-17,3.754455e-18,6.37182e-33,5.706059e-13,1.0,1.7024652e-16
43,0.0035810682,0.00044527618,0.07012533,0.00030782333,0.054415014,0.8709938,0.00013178015
44,0.028335929,0.11556156,0.6227731,0.019696048,0.10614283,0.10719945,0.00029107768
45,4.7421854e-06,1.7933784e-06,0.0044947104,1.5856845e-06,0.039158747,0.9563327,5.6929453e-06
46,0.0037508772,0.0066842223,0.0019951425,0.0018282172,0.022403829,0.9632081,0.00012962258
47,3.5134683e-14,7.322739e-10,2.1684419e-09,1.37402e-16,1.2815397e-07,0.9999999,2.3254803e-09
48,1.4311474e-05,3.0195263e-06,0.0010426451,1.3215995e-05,0.00073860295,0.9981844,3.8677904e-06
49,0.0020853842,0.018952942,0.046023857,0.0007836063,0.044093393,0.8646622,0.023398638
50,4.5393203e-06,2.2639833e-07,0.00045150393,9.4846676e-08,0.15987152,0.8396716,5.99198e-07
51,0.0012962006,9.3968214e-05,0.17414838,2.578255e-05,0.60230464,0.22212769,3.3098393e-06
52,5.0275686e-23,1.1770165e-15,1.5562986e-15,3.6429258e-27,1.7513064e-11,1.0,5.137285e-14
53,4.7693335e-05,0.0001082248,0.01980127,0.0001175567,0.031138444,0.94223934,0.006547342
54,5.8417977e-06,3.944695e-06,7.224814e-05,6.758365e-06,0.0001273783,0.99978095,2.8996237e-06
55,0.007966816,0.13765688,0.28529364,0.033574946,0.005277939,0.52733636,0.0028934458
56,7.339417e-14,4.8491784e-11,1.0803906e-09,6.767235e-17,5.673835e-07,0.9999994,2.4170582e-10
57,0.005753987,0.0018173215,0.25907978,0.00096249464,0.6371182,0.09526594,2.26526e-06
58,3.969393e-05,9.587751e-05,0.006431249,2.9902292e-05,0.06612734,0.9267722,0.0005037062
59,0.00038553507,0.009127856,0.022731327,0.0011351024,0.014253161,0.9515129,0.0008540872
60,0.0027500417,0.0014997879,0.076762006,0.0007117667,0.23054618,0.6876403,8.995819e-05
61,0.009466074,0.0003244869,0.043656424,0.00012718415,0.24852902,0.6973744,0.0005223942
62,0.0032178215,0.0030687586,0.0016337471,0.0019359421,0.0012150962,0.98875844,0.000170311
63,0.0012614788,0.24757312,0.124372244,0.038989015,0.0016818073,0.5832769,0.002845393
64,0.17895201,0.55120236,0.058901936,0.04843374,0.048355054,0.109538354,0.0046165492
65,3.1806172e-05,0.0012439725,0.0019092677,0.00017103276,0.0005638142,0.9956208,0.00045928085
66,0.22866036,0.012048399,0.0129701905,0.014162818,0.013611413,0.7185257,2.118912e-05
67,0.020233823,0.27968347,0.20299077,0.04294176,0.015950054,0.42965156,0.008548518
68,0.24040233,0.0510038,0.19247371,0.041369304,0.082653165,0.39144853,0.0006491769
69,6.5693365e-07,8.3370014e-07,2.4538505e-05,9.546303e-07,0.00013908348,0.9998271,6.82775e-06
70,6.60025e-05,0.0003446931,0.000529149,0.0002894284,0.00021295428,0.9984281,0.00012965326
71,0.020257382,0.00071531226,0.43123335,0.0032156985,0.050212413,0.49434152,2.431762e-05
72,0.07890496,0.013195418,0.12350914,0.014090507,0.09645419,0.6737865,5.9289137e-05
73,1.5684085e-05,0.0001185174,0.00031792975,6.0043767e-05,0.0011055799,0.9980414,0.00034074808
74,7.813119e-05,3.0209021e-05,0.018313384,2.60913e-05,0.13088831,0.8505345,0.00012940487
75,0.0002018533,0.00022251514,0.004607621,9.511297e-05,0.06912628,0.92569894,4.768808e-05
76,0.0002449172,4.281785e-05,0.00277757,1.8509912e-05,0.030018104,0.96686625,3.185098e-05
77,0.00056486187,0.0001872195,0.0035247216,4.1538064e-05,0.06488537,0.93070364,9.2669405e-05
78,0.11479969,0.033901203,0.08746757,0.007239627,0.43490943,0.32121518,0.00046734474
79,0.006593518,0.0021297648,0.034812927,0.0005084807,0.1417504,0.8136296,0.0005752578
80,2.6889807e-06,5.0456197e-06,8.732582e-05,2.7243007e-07,0.0006012443,0.99929917,4.3608434e-06
81,0.065690085,0.018937629,0.15025342,0.021074187,0.13674535,0.607167,0.00013230568
82,0.004075552,0.00061299163,0.09423838,0.00038895768,0.06496701,0.83554584,0.00017133089
83,0.0002600881,1.4070417e-06,0.0011961685,2.8628565e-07,0.39410788,0.6044293,4.818739e-06
84,1.19569935e-20,3.8931835e-13,8.946375e-14,3.0742631e-24,1.7530685e-10,1.0,9.586268e-12
85,3.1874028e-15,1.4464513e-09,4.5370468e-10,1.6564619e-16,4.1269374e-08,1.0,1.3010305e-08
86,0.00094360916,4.265711e-05,0.00916274,1.3928431e-05,0.27477053,0.71503407,3.2505865e-05
87,0.24349816,0.09307913,0.34605828,0.078502595,0.09184313,0.14678851,0.00023025458
88,0.0011223084,0.00078295934,0.009543502,7.944447e-05,0.029479982,0.9501252,0.008866593
89,0.009973428,0.19538388,0.39486343,0.043849263,0.015971884,0.3389616,0.000996472
90,0.0014902125,0.0018438302,0.026281925,0.0006091625,0.06723743,0.90224874,0.0002886755
91,0.061418142,0.05540442,0.1889632,0.0155340675,0.10202838,0.57605577,0.0005960962
92,2.2875873e-05,3.7243557e-05,0.00071479543,0.0001498627,0.00023986502,0.99881893,1.63659e-05
93,0.2646616,0.56132114,0.022244021,0.048641272,0.061097834,0.038579628,0.0034544528
94,8.289326e-07,1.5080079e-06,0.00015864204,3.446422e-07,0.008469603,0.9913564,1.2607515e-05
95,0.0046441294,0.000747976,0.005428926,8.801686e-05,0.22454147,0.76448727,6.22487e-05
96,1.2537917e-05,0.00011949165,0.0005893542,5.6556473e-05,0.00068390404,0.99830544,0.00023276421
97,0.0028226944,0.0015336305,0.026410561,0.00024818152,0.11871953,0.84965867,0.0006067455
98,0.0013809627,0.1965978,0.0069948775,0.002720327,0.0053938273,0.37898812,0.407924
99,0.005506094,0.00068050064,0.023153778,0.002002769,0.014357672,0.954252,4.7166464e-05
100,0.00041194804,6.810006e-05,0.064577825,5.426698e-05,0.15386292,0.7809662,5.8707265e-05
101,0.030920535,0.0011965659,0.14477718,0.0010671096,0.16237512,0.6596168,4.6639092e-05
102,9.496625e-05,0.0027506205,0.019937083,0.0008985827,0.030428654,0.9408122,0.0050779707
103,0.00012840734,0.00019336099,0.008168803,0.0001240656,0.10178039,0.88952976,7.5229924e-05
104,0.0071015675,0.6900039,0.022665592,0.03046455,0.0014663622,0.20219758,0.046100434
105,0.00025392143,0.012141775,0.096608974,0.0017148729,0.11277843,0.7696662,0.0068358877
106,3.0894394e-09,3.808322e-07,1.8613927e-06,2.9727668e-10,1.3139035e-05,0.9999844,2.6368707e-07
107,2.6593079e-14,5.7567245e-10,9.2479857e-10,5.127255e-16,6.668798e-08,0.9999999,1.579691e-08
108,0.0002843173,0.0003493699,0.039600406,0.00014707295,0.18515606,0.7744231,3.969351e-05
109,5.65641e-40,1.6240946e-31,3.9659172e-26,0.0,3.6204875e-17,1.0,2.470324e-32
110,0.059252314,0.0014489151,0.2931723,0.00032886467,0.4570934,0.1886885,1.5706697e-05
111,0.0043076733,0.019998217,0.24702795,0.004855943,0.26558694,0.4518353,0.006387992
112,1.1381736e-06,2.803224e-06,8.790731e-05,3.5799555e-06,0.00023854675,0.99965394,1.20585e-05
113,0.0,4.6555e-40,1.9083959e-30,0.0,9.105021e-19,1.0,6.82e-43
114,0.04192826,0.06169272,0.062765114,0.008257464,0.3929477,0.43179628,0.0006124173
115,0.0004631211,7.189447e-05,0.11114401,0.00019807772,0.09128566,0.79682004,1.7204033e-05
116,0.03970425,0.015941028,0.11774888,0.0035591975,0.26626626,0.5556274,0.0011530322
117,0.00016484209,0.00019442753,0.00254246,0.0005700725,0.00025469644,0.9962316,4.194385e-05
118,1.34872e-06,2.2435374e-06,3.6851776e-05,3.8254952e-06,8.1711296e-05,0.99987125,2.7719052e-06
119,0.0017266737,0.018507384,0.1323994,0.0038504212,0.042937446,0.79540616,0.00517252
120,0.0,0.0,0.0,0.0,0.0,1.0,0.0
121,0.0017008026,0.00028528878,0.33514756,0.0020852229,0.011010028,0.64976555,5.4954066e-06
122,0.0015432534,0.0022114275,0.008362783,0.00025793072,0.01619356,0.9708926,0.0005384355
123,0.0005069842,0.057462227,0.019691491,0.0043504997,0.012223101,0.5230585,0.3827072
124,0.0010040746,1.7824128e-05,0.036488447,1.1338816e-05,0.43748143,0.5249836,1.3288331e-05
125,0.019900093,0.0019327457,0.07962042,0.00023510323,0.8448145,0.053483352,1.3742611e-05
126,5.147132e-29,1.04092874e-19,2.568326e-19,7.873871e-36,1.4575511e-13,1.0,4.3781313e-18
127,2.3266082e-05,1.3007449e-05,0.00049114705,1.755834e-05,0.0017776611,0.9976683,9.059134e-06
128,0.015528798,0.014763025,0.010902393,0.0061804173,0.025215363,0.927083,0.00032688264
129,6.041118e-20,3.387168e-14,2.274064e-13,2.834316e-24,6.7080075e-10,1.0,2.5109496e-13
130,0.4818503,0.12798703,0.14350805,0.08282591,0.0704167,0.09319932,0.00021275078
131,2.262569e-24,2.2507406e-17,4.796369e-16,2.9786688e-30,1.4335765e-11,1.0,4.1863891e-16
132,7.086195e-05,0.0011632569,0.025760544,0.00011933855,0.19861062,0.7577059,0.01656952
133,0.022035955,0.0018593196,0.012512322,0.00017291092,0.3564481,0.60675234,0.00021904524
134,0.022444505,0.019170232,0.20844354,0.015953954,0.0430077,0.6903281,0.00065195566
135,4.0296422e-06,0.00011233357,5.087928e-05,1.9064805e-06,0.00024041728,0.9992204,0.00037007398
136,3.0283423e-05,1.4009251e-05,0.003449587,1.1516577e-05,0.053127974,0.9433516,1.5023183e-05
137,1.1882755e-05,0.00012426061,0.0002613075,3.7387215e-06,0.0008722398,0.9986927,3.39104e-05
138,0.003600194,0.0014144741,0.45923093,0.0019565404,0.1089364,0.42481568,4.580827e-05
139,0.003714514,0.0002429815,0.2741908,0.0003565765,0.1776241,0.54385716,1.3839163e-05
140,2.1578452e-18,9.0521e-12,1.3929056e-12,1.6802533e-21,9.493824e-10,1.0,1.0565517e-10
141,0.00035263092,0.004384783,0.028987058,0.0005933112,0.010882265,0.9541747,0.0006252264
142,0.00065993314,0.0093657,0.025120625,0.00057188317,0.07052866,0.4709855,0.42276767
143,1.3064766e-05,7.798021e-07,0.00019009894,3.363381e-07,0.013076429,0.9866889,3.0334166e-05
144,0.2250313,0.025317868,0.37709484,0.015827311,0.24829163,0.108421,1.611141e-05
145,2.9509132e-16,4.614423e-10,4.5519706e-11,1.1909436e-18,2.1326024e-08,1.0,2.6451255e-09
146,9.071276e-06,6.0645453e-07,0.0038429967,1.1284222e-06,0.024748657,0.97138524,1.2248155e-05
147,2.347993e-05,1.2093009e-06,0.0005674107,6.489597e-07,0.09577864,0.9036273,1.3329995e-06
148,0.00017391714,7.8666344e-05,0.0056938264,3.487913e-05,0.052233137,0.9417321,5.334448e-05
149,0.0016301122,0.00020024124,0.111715846,0.00019354538,0.20116235,0.68500006,9.784241e-05
150,0.00139373,0.00089080737,0.032446843,0.00044448455,0.024011806,0.94070786,0.000104333914
151,9.331014e-05,2.5023877e-05,0.02461055,7.100766e-05,0.01417073,0.96100503,2.4425699e-05
152,0.00033201434,0.00060592603,0.011276169,0.00095606456,0.0020664136,0.98383546,0.0009279982
153,0.45373574,0.08381132,0.13664901,0.020509323,0.26613215,0.039121523,4.091181e-05
154,0.00010025191,0.00013942087,0.0030521709,5.80981e-05,0.09907606,0.89753383,4.0216746e-05
155,7.53234e-40,1.5365744e-27,1.8292023e-26,0.0,3.4098221e-18,1.0,3.110688e-26
156,7.8837205e-05,0.00029983945,0.0018470178,0.0031182624,0.00015466873,0.9943989,0.00010251536
157,0.023784563,0.018003434,0.41293058,0.013719952,0.039110042,0.49213862,0.00031281187
158,8.259617e-05,7.849535e-06,0.0014766301,1.705813e-05,0.0045176214,0.99389344,4.7868434e-06
159,0.021921234,0.03618246,0.7094922,0.014941537,0.037883308,0.17934531,0.00023390222
160,0.00026951334,0.00035785508,0.043047275,0.00015109636,0.06733312,0.8887947,4.641532e-05
161,0.0005475297,0.00028020728,0.08955244,0.00038991703,0.26479197,0.64440674,3.1143914e-05
162,0.40912148,0.055520553,0.24069048,0.023288362,0.12408971,0.1471924,9.700305e-05
163,0.0,0.0,1e-45,0.0,7.217149e-29,1.0,0.0
164,0.0007673775,0.0017744928,0.20063525,0.00056998344,0.10515026,0.6909467,0.00015588611
165,0.24146824,0.4272925,0.061811704,0.025519142,0.12182487,0.12035278,0.0017308258
166,0.031106565,0.0139389,0.04285392,0.0047163977,0.4136322,0.49355122,0.0002007145
167,1.9128113e-06,2.81643e-06,0.00014701532,1.4941337e-06,0.0011602452,0.9986413,4.5156146e-05
168,1.8375138e-07,6.1700746e-08,4.288575e-05,2.655401e-07,0.00017608292,0.99978024,3.0254597e-07
169,0.0017168408,0.0029112503,0.023269832,0.0007875202,0.062201865,0.9083583,0.0007543338
170,0.40009832,0.42440155,0.09603089,0.050237495,0.0031682034,0.024265116,0.0017984016
171,5.476474e-06,2.7823262e-07,0.0005336499,6.285009e-08,0.26242107,0.737039,4.9528956e-07
172,0.04745057,0.13775283,0.050513618,0.01204048,0.03496262,0.7133911,0.0038887607
173,3.700107e-05,3.8717794e-06,0.004397499,2.1099922e-06,0.1641177,0.8314388,3.083162e-06
174,1.648754e-06,8.759353e-06,0.001451462,5.6384833e-06,0.0021700168,0.9963123,5.0130606e-05
175,0.0028393702,0.006793552,0.011227743,0.00085153733,0.08005055,0.8974103,0.00082694076
176,0.0003660712,0.004193425,0.030909274,0.0012970043,0.009190611,0.9527885,0.0012551531
177,0.00051547633,0.00013228835,0.00966332,3.644965e-05,0.03615657,0.9534,9.5921205e-05
178,0.000100586214,2.7552318e-05,0.023216898,2.8533068e-05,0.093033,0.88356906,2.4352943e-05
179,0.0003926085,0.025549246,0.11590231,0.0034621023,0.010109566,0.8438252,0.0007590592
180,0.59266365,0.10418207,0.19468775,0.03629584,0.04469218,0.027421875,5.6581855e-05
181,0.4283542,0.11528182,0.17503922,0.042355496,0.17293099,0.0659287,0.00010963346
182,1.0200074e-05,3.436329e-07,0.0014863996,1.1376792e-07,0.3190217,0.67947966,1.6171925e-06
183,5.2419542e-05,0.0009945381,0.0032317205,0.00013377759,0.015725544,0.97939897,0.00046301488
184,0.0014498096,0.0036942654,0.09224865,0.0002836967,0.4679599,0.43230283,0.0020608522
185,0.0038571355,0.00022139326,0.016065989,6.019341e-05,0.5434699,0.43629804,2.7338641e-05
186,0.13528638,0.012260073,0.19160241,0.008376707,0.55653155,0.09593821,4.6679247e-06
187,5.67653e-10,1.1351284e-06,3.0005455e-07,4.0130846e-12,5.514429e-05,0.99994266,6.9596183e-07
188,0.00064716785,0.004786075,0.052750055,0.0005775683,0.19317423,0.74605125,0.0020136307
189,0.016020715,0.0003636131,0.022230659,4.215197e-05,0.84697163,0.11432795,4.3232143e-05
190,0.054017648,0.027496962,0.3661676,0.028006861,0.015641708,0.50597453,0.0026947374
191,0.0019942138,0.49712467,0.0097807525,0.014726719,0.005181499,0.36561552,0.10557665
192,0.0011400864,0.000877273,0.0662029,0.00025585576,0.09035623,0.8409025,0.0002652663
193,2.5779562e-05,0.00096991635,0.0011558017,0.00017596714,0.0003706853,0.9964594,0.00084251363
194,0.00026728841,1.8245488e-05,0.027571805,9.19343e-06,0.36618295,0.60537237,0.00057815155
195,4e-45,4.4391764e-34,1.9821114e-29,0.0,1.7390366e-19,1.0,3.4141565e-33
196,0.31056783,0.28175244,0.11610368,0.10160558,0.06492424,0.12042355,0.004622719
197,5.8752434e-05,9.753454e-05,0.04848825,6.562714e-05,0.13604924,0.81499547,0.0002452418
198,0.00029367922,0.00030337082,0.049055997,0.00028686548,0.031847797,0.91784483,0.00036736063
199,0.13629702,0.0055026915,0.09625933,0.0013779504,0.16121933,0.5981338,0.0012098557
200,1.8720844e-14,9.797705e-11,3.0509878e-10,3.819066e-18,3.8900913e-07,0.99999964,1.8183217e-10
201,0.0035756254,0.00026993518,0.07738026,0.0004423495,0.1781528,0.7401474,3.1689313e-05
202,5.032809e-09,1.849621e-05,2.6378611e-06,8.2096935e-10,4.049962e-05,0.999749,0.00018942449
203,2.6396507e-05,8.205253e-06,0.0033063248,5.312919e-06,0.02305532,0.9735849,1.3476579e-05
204,9.786487e-05,0.0004015177,0.0011364417,0.00018461616,0.0020273335,0.995751,0.0004012279
205,0.0007231042,0.0044323076,0.0604423,0.004013558,0.009362547,0.9207686,0.00025765513
206,0.00036388723,0.002271291,0.030140247,0.00065339264,0.004054501,0.96224684,0.00026977406
207,0.35440964,0.3313872,0.10281588,0.07455856,0.068640575,0.06777061,0.0004175792
208,6.8224406e-05,7.8575595e-06,0.009197081,9.925896e-06,0.22649376,0.76422006,3.074879e-06
209,0.22719991,0.54843575,0.059233803,0.0368753,0.073005475,0.052364256,0.0028854446
210,0.076836996,0.34034243,0.13636698,0.03184194,0.041406393,0.34300354,0.030201696
211,0.0013979701,0.0034113019,0.05566241,0.00040018154,0.13252878,0.80613136,0.00046802562
212,0.00015137484,0.00016317604,0.0015294306,7.4065574e-05,0.0033407218,0.99453163,0.0002095236
213,0.00040784874,0.00039568756,0.0035485427,2.3380537e-05,0.020047816,0.9746882,0.0008885739
214,8.134021e-06,5.0471994e-05,0.00069606,0.00023055209,0.00020657078,0.9987025,0.000105617786
215,1.3718605e-05,2.6839116e-05,0.00433214,6.219181e-06,0.012764931,0.98283017,2.6014255e-05
216,0.012158305,0.01142019,0.09045509,0.0017676587,0.51922286,0.36474946,0.00022640599
217,0.0006894525,0.0006780828,0.015034409,7.215115e-05,0.09341922,0.8897813,0.0003254352
218,0.00015635068,8.950231e-06,0.0033997614,4.40538e-06,0.09459955,0.9017097,0.00012126483
219,2.2742184e-05,0.0032054347,0.0026715063,0.00044913366,0.0090426635,0.9479346,0.036673833
220,6.3821913e-06,3.6663823e-06,0.00020478743,2.797639e-06,0.0011075345,0.99863607,3.872529e-05
221,0.13839157,0.29368418,0.23242153,0.054800946,0.028153652,0.24483348,0.007714608
222,0.09342599,0.12151381,0.32205096,0.03600119,0.17936344,0.24620241,0.0014421784
223,0.00012778862,0.00012594153,0.010679615,3.755345e-05,0.04630819,0.9425806,0.00014029654
224,0.0016073083,0.00064724084,0.35042807,0.00049404346,0.15409362,0.4927131,1.6701642e-05
225,9.281732e-19,1.2272067e-11,7.750676e-13,1.8929394e-21,5.584102e-10,1.0,2.6558464e-10
226,6.516227e-20,6.8515294e-13,3.0858532e-13,1.23370486e-23,1.3951784e-09,1.0,4.0509527e-12
227,0.00025670105,0.00077466085,0.0033689872,0.00020212418,0.008236225,0.98611337,0.0010480171
228,1.5045706e-05,1.7508273e-05,0.0007293803,8.834323e-05,0.00015012219,0.9989458,5.382744e-05
229,4.5555107e-06,4.075224e-06,0.0001513622,6.18182e-06,0.00044975395,0.99937516,8.894489e-06
230,6.7728547e-07,3.411829e-06,7.575566e-05,2.6101338e-06,0.00018400454,0.99964774,8.578503e-05
231,4.3358606e-05,1.1327154e-05,0.0071661174,1.1138314e-06,0.41519502,0.57745993,0.00012314797
232,0.0015117003,0.0007018936,0.024686547,0.0007087633,0.028371766,0.9437776,0.00024159298
233,0.0007153983,0.00037370736,0.18665218,0.0003619965,0.182569,0.6292927,3.499493e-05
234,2.9213584e-06,9.692629e-06,9.354077e-05,1.9391777e-05,5.3210726e-05,0.99978334,3.7935693e-05
235,0.00010629234,1.1398931e-05,0.026103728,6.144555e-06,0.068268895,0.90550125,2.2687595e-06
236,5.0112753e-10,4.8260966e-07,8.552785e-07,1.8810536e-10,4.6763266e-06,0.9999821,1.1889579e-05
237,8.600917e-07,1.0219557e-05,8.4432286e-05,1.0526093e-06,8.7012995e-05,0.9997423,7.399925e-05
238,0.0004782678,0.0024829472,0.016525432,0.0005509293,0.08208791,0.8973677,0.0005066809
239,0.0012620424,0.00011711836,0.020411322,4.982683e-05,0.11722468,0.86092395,1.11094105e-05
240,0.0002571432,0.0018996941,0.09342385,0.0013275213,0.14043386,0.762611,4.69384e-05
241,0.05747071,0.3715592,0.062097173,0.1432977,0.004239941,0.35972276,0.0016124825
242,1.5534923e-16,4.222309e-11,2.7533845e-11,2.5948265e-19,8.3875165e-09,1.0,4.4110232e-10
243,0.004514875,0.00036909265,0.009313445,0.0007459451,0.019152705,0.9658929,1.1043414e-05
244,3.6042563e-31,3.476738e-21,1.0316621e-20,1.652732e-38,2.6139628e-14,1.0,1.0847548e-19
245,0.021948695,0.012190292,0.7614383,0.004602967,0.0888269,0.11091373,7.913552e-05
246,0.10326826,0.3925743,0.081133336,0.028217303,0.018150728,0.37324312,0.003412887
247,0.000684854,0.0052327584,0.036738917,0.0011913843,0.03146911,0.9216895,0.0029934691
248,0.17883566,0.10371552,0.27033773,0.045126744,0.1755007,0.22591782,0.00056581193
249,0.09066816,0.7896928,0.034100816,0.04205866,9.901226e-05,0.024512928,0.018867677
250,1.6820826e-05,5.5654848e-05,0.00016380817,3.6248715e-05,0.0012799596,0.99835396,9.3483235e-05
251,0.0046038134,0.018838372,0.066117935,0.0030151254,0.13063914,0.774922,0.001863692
252,6.2362626e-05,5.7211087e-06,0.0029164983,2.722968e-06,0.14777018,0.8492308,1.1573799e-05
253,0.0009666135,0.0028816592,0.01677702,0.00028821375,0.017382367,0.9611813,0.00052284787
254,0.016324112,0.0009703332,0.05937097,0.00044204295,0.33321843,0.5896217,5.245939e-05
255,0.28859594,0.019383043,0.14309697,0.0066165575,0.13290372,0.4088089,0.0005948996
256,0.087875545,0.0032852206,0.047938403,0.0018056999,0.3624519,0.4966277,1.547808e-05
257,1.8484272e-06,7.861852e-06,0.0036820523,1.8151917e-05,0.00070179807,0.9955812,7.1410477e-06
258,5.2918884e-05,8.875172e-06,0.00070832507,8.381688e-05,0.0003011151,0.9988438,1.0509974e-06
259,0.000132301,0.00038050793,0.024476238,0.00014458239,0.0133621255,0.96121323,0.00029094442
260,6.824857e-28,6.646555e-18,1.0933842e-18,2.474037e-34,8.279495e-13,1.0,6.055825e-17
261,0.03329675,0.048092995,0.12462809,0.0073579154,0.24743216,0.53773683,0.0014552836
262,0.043550376,0.0074756066,0.12200039,0.026422927,0.017642837,0.78285545,5.2398173e-05
263,0.00011896471,9.4299656e-05,0.066807404,4.1180716e-05,0.06750379,0.8654174,1.6917236e-05
264,3.3719094e-05,4.9329183e-06,0.019864889,7.458166e-06,0.068323344,0.9117624,3.2275093e-06
265,0.05194626,0.003885283,0.17615622,0.00271335,0.5959522,0.16934255,4.1008298e-06
266,3.8e-44,4.587e-33,5.4820627e-29,0.0,3.1824513e-19,1.0,1.8649687e-32
267,1.229299e-22,1.2199973e-15,7.295898e-15,3.942625e-27,5.084797e-11,1.0,6.773599e-15
268,0.00037155082,2.1393747e-05,0.0609919,1.756135e-05,0.45372885,0.48485857,1.0193055e-05
269,2.098257e-11,1.1937352e-10,1.3435038e-08,3.0506778e-17,0.00039202382,0.999608,6.144357e-10
270,0.16123419,0.26761872,0.21804996,0.034850698,0.04513952,0.265605,0.0075019235
271,0.0030683186,0.010452435,0.53246164,0.0040551797,0.32108483,0.12877528,0.00010230366
272,6.186694e-19,1.1249926e-12,2.8871723e-12,1.0350319e-21,1.3850923e-09,1.0,1.0446564e-11
273,0.0001965026,0.0010161852,0.0069145607,0.0011407889,0.010580332,0.979973,0.00017857639
274,5.1366414e-06,3.9860763e-05,0.0007837472,3.881632e-06,0.061549015,0.9373434,0.000274872
275,0.01902418,0.2953153,0.19767305,0.044525005,0.006314798,0.43294373,0.004203933
276,0.00038418203,0.00020208936,0.0033601257,4.690442e-05,0.13348204,0.8624955,2.9100462e-05
277,0.08894715,0.070599146,0.5017763,0.03310102,0.08915026,0.21600088,0.00042530667
278,0.03203283,0.012259547,0.21806984,0.0072740642,0.090461165,0.6388498,0.0010527533
279,0.008173704,0.1638955,0.17534456,0.03118212,0.0035132207,0.61317194,0.004718911
280,1.4695227e-06,3.917763e-06,5.553736e-05,5.4573e-06,0.0003294516,0.99957436,2.9743964e-05
281,0.00019714615,1.8912957e-05,0.030588727,1.9619065e-05,0.05692334,0.91222477,2.7509743e-05
282,0.002749119,0.00018287972,0.04020102,0.0009642275,0.012867621,0.94293064,0.00010444698
283,0.00010674858,0.0003107232,0.001855889,0.00017260903,0.0037472423,0.9931766,0.00063020806
284,1.5535549e-06,1.6569237e-06,8.647842e-05,1.5312032e-06,0.00030251598,0.9995871,1.9101555e-05
285,0.00015876912,2.850279e-05,0.00043485864,4.0233805e-05,0.0010249128,0.9983047,7.924833e-06
286,0.0064084223,0.00011225356,0.16102056,0.00079186476,0.057495177,0.7741704,1.339689e-06
287,2.6073892e-06,2.6941017e-05,0.00014079513,5.985684e-08,0.006035417,0.99373627,5.7872538e-05
288,0.0025983723,0.0004620445,0.00820248,0.00012774252,0.09386516,0.8945942,0.00014994096
289,0.00079311396,7.472518e-05,0.023107676,0.000100862126,0.022416793,0.95348746,1.9526255e-05
290,0.0068640066,0.0040690107,0.006471255,0.011915998,0.0015995216,0.9689934,8.677903e-05
291,8.277475e-06,2.3252271e-06,0.009143654,2.0764912e-06,0.10463192,0.8861962,1.5539223e-05
292,0.0017694659,0.009148161,0.03761808,0.0017920268,0.09168778,0.8573875,0.00059698656
293,0.0014390912,1.0102232e-05,0.0017833466,1.0674293e-06,0.60867125,0.38808575,9.412915e-06
294,0.010005547,0.0013206875,0.03425784,0.00024238884,0.6910543,0.26310903,1.0210661e-05
295,0.0002600469,0.00064585544,0.071899,0.0005381184,0.0051352885,0.9214818,3.9981536e-05
296,0.009511306,0.0013812636,0.050180145,0.00024518135,0.16043565,0.7776677,0.00057876646
297,0.00094542163,0.008180308,0.038734715,0.0019702418,0.029396461,0.92042035,0.00035255344
298,0.00020673491,0.0005983038,0.017498998,0.00013704605,0.17295815,0.8070288,0.0015719819
299,2.97765e-05,1.11874e-05,0.001525476,1.6499275e-06,0.08400409,0.9141639,0.00026395984
300,0.00030435354,4.455618e-05,0.0012474854,0.00024319785,0.0009859264,0.99717253,1.9950533e-06
301,0.0003523394,0.0014072834,0.003738563,0.002726559,0.00020396042,0.99099207,0.0005792523
302,0.12752892,0.039100002,0.29843047,0.026904875,0.21967381,0.28822452,0.00013741475
303,0.007541723,0.004092845,0.120717645,0.0027502473,0.05656746,0.80732256,0.00100754
304,4.153552e-18,5.4521717e-12,6.3650136e-12,5.0714342e-21,8.770364e-09,1.0,4.5893962e-11
305,9.429105e-08,7.915483e-05,1.1081324e-05,2.44401e-07,8.052196e-05,0.99880326,0.0010255849
306,2.7237971e-05,0.00013128376,7.621402e-05,1.2011338e-05,0.0022777368,0.99730754,0.00016801171
307,3.4049182e-05,0.023462413,0.00035799656,7.909427e-05,0.004222805,0.027492132,0.94435155
308,0.00067047833,0.0002601948,0.015291134,0.00031820076,0.00946528,0.97393453,6.0194474e-05
309,0.08609928,0.048225496,0.48519492,0.013863819,0.30893686,0.057655808,2.3737815e-05
310,0.30466035,0.075257875,0.28616634,0.070376076,0.0595551,0.2035511,0.00043314017
311,0.0009414933,0.004874612,0.010182834,0.00039680555,0.032472387,0.94676876,0.004363159
312,5.4960765e-05,0.00012730129,0.0088882595,2.0059944e-05,0.05868663,0.9320974,0.00012529014
313,9.925259e-07,1.1572312e-05,0.00011411709,5.410363e-07,0.00022345938,0.999542,0.00010735634
314,4.5607e-11,3.179713e-07,2.5443478e-07,5.5849643e-12,6.9080247e-06,0.9999914,1.0602512e-06
315,0.65771663,0.05690326,0.03552333,0.021578709,0.20664646,0.02162775,3.9065217e-06
316,0.0019208072,0.106365666,0.013994732,0.0022870465,0.005752113,0.29891145,0.57076824
317,0.00078608876,0.0043652696,0.017767442,0.00048365368,0.020176103,0.95543736,0.0009841876
318,7.476999e-06,2.554802e-05,0.0018071447,6.127842e-06,0.01987156,0.9781648,0.00011738188
319,0.09687898,0.7307278,0.052237164,0.044077728,0.00094124937,0.05769358,0.017443547
320,0.2670552,0.34068793,0.010920713,0.045676846,0.020659875,0.31478712,0.00021232486
321,0.0,0.0,0.0,0.0,2.467622e-31,1.0,0.0
322,0.00013832883,0.0013009573,0.0065398966,0.00013823784,0.10702542,0.8668336,0.018023485
323,4.1384887e-05,9.103778e-05,0.009347386,2.2628832e-05,0.014681899,0.9757749,4.0700404e-05
324,0.009920252,0.01998158,0.016912399,0.001415019,0.04374452,0.90209484,0.0059314426
325,0.0014987796,0.0007286178,0.035487678,0.0003558108,0.19735254,0.76447785,9.874226e-05
326,5.850934e-23,4.227244e-17,1.5437516e-15,7.60871e-29,1.1903785e-10,1.0,2.1623629e-16
327,0.0019208641,0.00037862748,0.0071730954,0.00023317711,0.046512257,0.9437358,4.6050274e-05
328,3.6515894e-06,1.8180472e-05,0.00021589217,2.7757811e-05,7.803289e-05,0.9996106,4.586429e-05
329,0.001918212,0.0025905794,0.0792373,0.0012752726,0.040039934,0.87482816,0.000110623114
330,0.27156702,0.09745925,0.27591816,0.036133017,0.14126678,0.17720485,0.00045099045
331,0.0017802487,0.0019971344,0.0402791,0.00019002978,0.28156677,0.672214,0.0019728218
332,6.6556866e-05,6.6325615e-06,0.00026645072,1.123372e-05,0.0028563414,0.9967919,8.060349e-07
333,0.16524327,0.3569829,0.19669645,0.051216554,0.10281665,0.12303352,0.004010642
334,0.3025352,0.15080008,0.14432421,0.23413587,0.019076895,0.14879608,0.0003316543
335,0.055465538,0.003398253,0.06847235,0.0007252354,0.7088865,0.16303015,2.2032396e-05
336,0.102710076,0.22362863,0.34552956,0.05182491,0.05089374,0.22351034,0.0019027864
337,2.0179271e-25,8.921521e-20,1.0482144e-16,7.843814e-33,1.4421385e-11,1.0,2.5940633e-20
338,0.1341676,0.10071105,0.4348748,0.07519046,0.0017014536,0.24771805,0.0056366413
339,5.486234e-26,7.123321e-17,2.9105084e-17,4.2792926e-32,3.24079e-12,1.0,2.780684e-16
340,0.0015296466,0.0004365263,0.0028543677,0.0015492163,0.0015921795,0.9920224,1.5695445e-05
341,0.0004736345,0.0006675519,0.02448259,0.00021184265,0.08612334,0.88774943,0.00029155688
342,1.41506e-05,1.4846363e-06,0.00023928973,3.967981e-06,0.0009902524,0.9987503,6.225088e-07
343,1.751026e-05,4.6255285e-05,0.0002770354,0.00011720286,0.00015714527,0.9993736,1.1325027e-05
344,0.022982987,0.0032312903,0.40363923,0.002785878,0.17205657,0.39526436,3.972385e-05
345,0.005252423,0.00620133,0.013205778,0.001010551,0.5504369,0.4234656,0.00042746027
346,0.0036758704,0.0032026214,0.16187169,0.0016015648,0.04811643,0.78145474,7.706537e-05
347,1.1540897e-06,6.9931884e-05,4.559608e-05,2.9763197e-07,0.00012792092,0.99962103,0.00013407478
348,0.0006371299,3.105216e-05,0.02424595,7.253121e-05,0.04249365,0.93251204,7.783337e-06
349,9.506114e-10,6.689615e-07,1.4225657e-06,5.999363e-11,8.2424685e-06,0.9999852,4.4454355e-06
350,0.00035683747,6.1071514e-05,0.003344589,0.00020953738,0.002397037,0.9935922,3.8627157e-05
351,0.1754864,0.019950915,0.15992595,0.0018526919,0.4515647,0.18970211,0.00151727
352,0.0026632836,0.010365551,0.0063289846,0.0029566328,0.023584446,0.9518958,0.0022053933
353,4.595474e-05,3.888448e-05,0.0026714643,3.8060357e-06,0.27623817,0.720898,0.00010378494
354,2.097382e-05,0.0008084825,0.0022139696,8.9344736e-05,0.0224839,0.9732274,0.0011558556
355,0.003085316,0.0021417346,0.037423894,0.006211418,0.00972051,0.9413295,8.759022e-05
356,0.0,0.0,0.0,0.0,2.201423e-31,1.0,0.0
357,0.6802047,0.097487055,0.11238182,0.02362501,0.057457566,0.028771067,7.284403e-05
358,0.0011344461,0.00016518068,0.03464689,0.00066903926,0.0015911008,0.9617132,8.010058e-05
359,2.8777338e-05,0.00017157575,0.00060467224,1.8331963e-05,0.00096129364,0.9979286,0.00028670792
360,0.0002542196,0.001974145,0.03126919,0.00025570672,0.16576184,0.79872394,0.0017608783
361,2.9897685e-05,3.4598388e-06,0.0009910738,6.8014333e-07,0.027636299,0.97132146,1.7143288e-05
362,1.1201344e-16,1.2803621e-11,7.049491e-11,1.2336086e-19,2.9783498e-08,1.0,4.0274804e-11
363,0.00012353886,0.0008207552,0.0012124656,0.0011760958,0.00062629173,0.99452186,0.0015190461
364,0.65825653,0.08849663,0.09524242,0.053032663,0.06260818,0.042336155,2.7412383e-05
365,0.14015238,0.12577611,0.23338461,0.023227204,0.25444013,0.22261594,0.0004036074
366,1.0161285e-11,4.774724e-08,1.6979207e-08,3.116579e-13,1.54874e-06,0.99999714,1.3144323e-06
367,0.08077945,0.69382703,0.05959157,0.03641733,0.01104562,0.069765195,0.04857383
368,3.7659779e-38,2.723691e-29,3.7466443e-25,0.0,8.7411034e-17,1.0,1.4288551e-28
369,6.652685e-06,2.0740243e-05,0.0004825,0.00013132035,5.5092794e-05,0.9992834,2.0425376e-05
370,0.005404007,0.0052333516,0.122856006,0.0012453254,0.2732419,0.5919593,6.0203172e-05
371,0.0002068282,0.0014989589,0.026489187,0.0016558009,0.009625981,0.9604821,4.103911e-05
372,0.0022788018,0.0022913704,0.008754759,0.001684073,0.03800214,0.9465421,0.00044679144
373,0.00011604235,5.889136e-05,0.007234921,0.00010991847,0.01664339,0.97572756,0.00010925941
374,5.730357e-06,0.00013558683,0.0001651714,2.3779025e-05,8.4678155e-05,0.9994106,0.00017442682
375,0.009329433,0.014187063,0.33765116,0.0042799236,0.33998722,0.29432032,0.0002448363
376,0.0008095293,0.00033920634,0.03195901,0.004767072,0.00066341844,0.96136516,9.6605596e-05
377,1.4505189e-06,4.5239085e-06,0.00019261977,7.786466e-06,0.00013846943,0.9996271,2.807961e-05
378,0.54886514,0.076201744,0.048056822,0.02142191,0.26470894,0.040715333,3.0152232e-05
379,8.743587e-06,6.705792e-07,0.0014725341,3.5763506e-07,0.18050103,0.81801534,1.3170412e-06
380,8.100224e-05,0.00021810722,0.01999193,0.00011758274,0.016258018,0.9632107,0.00012271515
381,7.670872e-05,1.2707997e-05,0.00684458,3.407009e-06,0.24282028,0.75016356,7.873621e-05
382,2.1687494e-05,4.1272676e-07,0.011915821,3.7757238e-07,0.3210638,0.66699636,1.5481086e-06
383,0.0004385021,0.00029402782,0.004848848,0.00018308283,0.017159605,0.9769876,8.831601e-05
384,0.0002863805,0.0039440505,0.007947758,0.0015234611,0.0034679568,0.98200744,0.0008230351
385,0.0008766531,0.00073875475,0.004690107,0.0042806393,0.00092690607,0.9884444,4.256065e-05
386,0.0008440857,0.0035430167,0.016666023,0.00014888828,0.271396,0.70375407,0.0036479058
387,0.021488512,0.4168095,0.0412015,0.035712317,0.0016160525,0.46590963,0.017262457
388,0.0043056505,0.02738296,0.19109094,0.005814588,0.10474227,0.6648573,0.0018062089
389,0.11608957,0.58825403,0.11161263,0.042019133,0.00077464833,0.12132986,0.019920133
390,0.040138196,0.008798176,0.14498016,0.0018362261,0.11494277,0.68724585,0.0020586173
391,0.3160658,0.022840118,0.25333935,0.021190537,0.21986823,0.16664185,5.412843e-05
392,8.1893704e-13,5.681231e-09,7.679964e-09,4.1863506e-14,4.5407992e-07,0.9999994,9.4116494e-08
393,1.8300352e-16,5.4807404e-12,5.071789e-11,2.0814882e-20,4.00962e-08,1.0,9.275707e-13
394,0.0005339445,0.030219601,0.046379976,0.0068268063,0.0014183266,0.91382176,0.00079950196
395,5.2988226e-14,2.40382e-09,1.9065172e-09,5.951102e-16,1.2628342e-07,0.9999999,9.804391e-09
396,0.00018596415,0.0018683976,0.03235579,0.0011402472,0.017741812,0.94648993,0.00021780054
397,2.317324e-05,9.359072e-05,0.0008795394,0.00015142038,0.00013975865,0.9985815,0.00013101517
398,0.120251425,0.009573388,0.15665248,0.004647026,0.16623122,0.5421925,0.00045196412
399,4.3708675e-05,0.00041841585,0.0008848821,0.00012926958,0.0002745216,0.99803525,0.00021384697
400,1.6723475e-06,9.4208835e-06,0.00032808274,0.00012920312,5.1821393e-05,0.99947053,9.370286e-06
401,0.19770285,0.4735299,0.14809695,0.043933365,0.00760726,0.11386862,0.015260998
402,0.028808713,0.059650846,0.3346847,0.022931878,0.09818994,0.4553495,0.00038442636
403,1.5800992e-11,7.9282835e-08,2.3452193e-08,3.8814256e-13,2.9834084e-06,0.99999654,2.9635794e-07
404,8.169451e-06,1.5109032e-07,0.0013447951,6.971756e-07,0.004286438,0.9943597,1.5233663e-07
405,0.0068640076,0.018428368,0.012555933,0.0008191589,0.64259464,0.31694916,0.0017886376
406,1.5147514e-06,1.1567824e-05,0.0002522195,7.551129e-05,0.000111840636,0.99952686,2.0421352e-05
407,4.8016204e-07,8.728625e-05,0.000101519625,7.440201e-07,0.002321868,0.116161406,0.88132674
408,0.0003241644,0.00015697593,0.08582382,0.00018862478,0.14823791,0.76525205,1.6391514e-05
409,6.423118e-05,1.4315574e-05,0.000714624,5.7607376e-05,0.0002691059,0.99887806,2.0763023e-06
410,5.858658e-39,1.9844265e-29,2.203505e-25,0.0,1.3438305e-16,1.0,8.3527995e-30
411,1.6206279e-05,0.001007006,0.040670447,0.00021845974,0.028713495,0.9111344,0.018240001
412,0.0,0.0,0.0,0.0,5.033048e-34,1.0,0.0
413,3e-45,2.6704403e-36,1.996545e-29,0.0,1.0862503e-18,1.0,1.2343268e-37
414,0.005132514,0.022465048,0.11174933,0.002725135,0.45052102,0.40399075,0.0034161573
415,1.603656e-06,0.0061129904,0.00023667005,2.845689e-05,0.004397285,0.18120745,0.8080156
416,4.788854e-06,4.301563e-05,0.0002974199,7.808287e-06,0.00015689706,0.9992035,0.00028659467
417,3.4339493e-05,0.00036114914,0.0005465453,0.00022345295,6.9076494e-05,0.99748874,0.0012767544
418,0.033269692,0.014779149,0.0067633973,0.0010206037,0.49915463,0.4446735,0.00033895942
419,7.1934073e-07,4.8597525e-07,7.773961e-05,6.4272183e-07,0.00034607822,0.9995683,6.12301e-06
420,8.513419e-05,1.1435772e-05,0.012182311,3.0906556e-06,0.19150643,0.7953549,0.00085667375
421,8.592149e-08,1.7206758e-05,1.4594986e-05,8.0690415e-07,9.056064e-06,0.9996061,0.00035217585
422,9.171475e-05,0.00053358276,0.008825616,0.0002102549,0.012105297,0.97806257,0.00017103045
423,0.0014896438,0.2769852,0.026775848,0.009616736,0.0016416872,0.6757391,0.007751722
424,7.82612e-18,2.581054e-12,1.6070882e-12,4.355534e-22,7.771165e-09,1.0,3.6071107e-12
425,2.2513555e-11,2.9038563e-07,1.1875517e-07,1.58858e-11,4.6980583e-07,0.99998987,9.257248e-06
426,0.0057420232,0.46527982,0.013632663,0.011497115,0.022334157,0.30919513,0.17231913
427,3.3260963e-05,5.6976596e-06,0.0011074914,2.8483937e-06,0.031094013,0.96775043,6.207921e-06
428,0.14521612,0.06799759,0.21070401,0.024895746,0.45279092,0.098333225,6.241456e-05
429,0.22223304,0.021377157,0.29904094,0.021614145,0.23839507,0.19730034,3.9290197e-05
430,0.0011627695,0.0003888718,0.008041728,3.3569057e-05,0.35534045,0.6349394,9.323707e-05
431,0.04776104,0.007822599,0.04613249,0.001652619,0.7279788,0.16863883,1.3617454e-05
432,1.0198152e-09,5.237266e-07,7.843398e-07,1.0952709e-10,7.640877e-06,0.9999881,3.0061283e-06
433,0.00038421652,6.6078705e-05,0.013111552,0.00012016985,0.018728483,0.9675637,2.5734349e-05
434,5.7473994e-06,0.00031103604,0.00031653338,1.442078e-05,0.0002399204,0.99815136,0.0009609812
435,6.699978e-05,6.6580683e-06,0.009102542,8.496246e-05,0.00199063,0.9887404,7.838362e-06
436,4.01348e-05,3.706549e-07,0.0043443316,2.7175423e-07,0.12876646,0.86682916,1.9261572e-05
437,0.0015644813,0.00073081977,0.23449104,0.00075321895,0.1580972,0.6042987,6.449133e-05
438,8.267224e-05,0.0020763394,0.0008003613,0.00017159205,0.001351538,0.9923225,0.003195038
439,0.00016079599,0.0076283533,0.0027939465,0.00063800457,0.0068569332,0.96953124,0.012390817
440,0.00087690284,0.003045773,0.008398613,0.00011212099,0.08616985,0.89631736,0.005079458
441,4.374859e-05,0.00011846572,0.0007620567,8.655664e-05,0.0009668633,0.99788034,0.0001419053
442,0.00027637414,0.00016841086,0.037301462,0.000100833924,0.05756324,0.90454215,4.751606e-05
443,3.6135133e-09,3.0657036e-06,2.4417295e-06,1.9926616e-09,9.08558e-06,0.9999255,5.9923103e-05
444,0.39512193,0.13999678,0.18672325,0.08064983,0.04069437,0.1559505,0.0008632956
445,0.004005392,0.0036130114,0.08162134,0.0009833025,0.046595562,0.86263376,0.00054763956
446,0.00017209243,0.0021514306,0.007294713,8.758444e-05,0.035642844,0.9532242,0.0014271477
447,0.004267446,0.00029802104,0.019847933,0.00019192092,0.20708665,0.7682839,2.400791e-05
448,0.0006202265,0.0008058487,0.00091909943,0.0009481392,0.00033656455,0.99622935,0.00014066217
449,0.0019025818,0.0026185662,0.0067093493,0.0005251526,0.04051061,0.947136,0.0005978655
450,9.1881407e-07,3.7175065e-05,0.0001527303,5.565891e-06,4.0120805e-05,0.9996917,7.171451e-05
451,0.0019130702,0.005406981,0.20226477,0.0047952286,0.14713174,0.6384532,3.500724e-05
452,1.1826036e-06,3.842212e-07,0.00018166706,1.2263548e-07,0.041895714,0.95790994,1.1058999e-05
453,0.014425875,0.007812771,0.022708077,0.0021391902,0.04630527,0.9052086,0.0014001805
454,8.129006e-05,0.0008285792,0.008479134,0.00011909877,0.046947423,0.9429651,0.000579288
455,2.6774837e-06,2.6437926e-06,0.00032627778,6.126203e-06,0.00028946224,0.9993555,1.7416962e-05
456,0.020056115,0.00123905,0.10570404,0.00027554014,0.6558076,0.2168174,0.00010028942
457,0.00017135014,0.00011707976,0.00187128,6.188813e-06,0.035750333,0.9616457,0.000438013
458,0.0004588766,0.00035132226,0.018873006,0.00013383637,0.13401996,0.8460047,0.0001582062
459,1.9110777e-05,6.9332373e-06,0.02132603,5.4983425e-06,0.16256873,0.8160712,2.524701e-06
460,0.3241933,0.14626805,0.11035292,0.097528435,0.10082982,0.22066069,0.00016679542
461,0.00051824335,0.06070611,0.05252216,0.0033427216,0.029491127,0.7630638,0.09035582
462,5.795454e-05,0.001000957,0.001750078,0.000106640764,0.010932661,0.9860422,0.00010958003
463,0.00024056988,2.650096e-05,0.008070991,1.2486225e-05,0.15723246,0.8344042,1.2813904e-05
464,0.00010857167,1.6448519e-06,0.0041936184,1.0950213e-06,0.37528494,0.6204083,1.8507011e-06
465,0.03889851,0.44625232,0.1209359,0.032310292,0.0017011685,0.35078645,0.009115335
466,0.016734084,0.00021528036,0.049637344,0.00012014612,0.47678757,0.45646727,3.8229526e-05
467,3.555017e-08,4.7959578e-08,1.9641527e-06,4.77105e-08,8.637159e-05,0.99991024,1.338395e-06
468,3.6806003e-05,4.2950676e-05,0.0052985265,6.6881344e-06,0.035780013,0.9587116,0.00012333837
469,0.08299859,0.050399084,0.04467513,0.018792795,0.16516438,0.6376511,0.0003189864
470,0.054010764,0.0012409546,0.028582634,0.0008109976,0.5793621,0.3359863,6.2573185e-06
471,0.029252747,0.038321257,0.07712092,0.023637425,0.036852732,0.7941213,0.00069357594
472,7.627155e-05,0.0004103002,0.00056203274,3.3785604e-05,0.03486993,0.9639882,5.9464055e-05
473,3.42976e-05,7.781566e-05,0.00056903064,0.00010331695,0.0011600605,0.9979226,0.0001329738
474,0.00021661815,0.009182873,0.01133563,0.0011778657,0.0009953466,0.9763932,0.0006984292
475,0.00017434743,1.9850135e-05,0.05031313,2.0244443e-05,0.24107139,0.7083947,6.342754e-06
476,0.0003093753,0.00016591312,0.015530085,6.59383e-05,0.061516684,0.92231387,9.8108845e-05
477,0.0011071934,0.0059144325,0.023793966,0.000604093,0.08485201,0.8832053,0.00052292005
478,2.2783444e-08,4.6441237e-06,1.0094106e-05,2.0147128e-08,9.638232e-06,0.9998086,0.00016705139
479,0.0,0.0,0.0,0.0,8.109005e-31,1.0,0.0
480,0.004614122,0.00010723715,0.054866534,7.623298e-05,0.28851354,0.6517464,7.6007214e-05
481,0.0025179782,0.00070827425,0.1774539,0.00039310256,0.34032974,0.47820532,0.00039172033
482,0.0027543004,0.00041112263,0.0061756973,0.00045814013,0.007427794,0.9827352,3.774568e-05
483,0.0005096345,0.00019613527,0.051269207,0.00075031683,0.0360865,0.91115916,2.9010296e-05
484,0.0002333863,0.0006550142,0.0065513854,0.00020545106,0.07058142,0.9216793,9.402154e-05
485,0.00044104576,0.0003772063,0.010125741,4.906784e-05,0.10428011,0.88409257,0.00063425425
486,0.08065063,0.057021633,0.056629613,0.030282097,0.10958139,0.6655499,0.0002847686
487,0.080615826,0.114058465,0.41881412,0.02377109,0.24627665,0.11623897,0.00022487328
488,0.00021908984,0.0007700101,0.2523609,0.0011239904,0.14241415,0.60189134,0.0012205234
489,0.014805515,0.00018857395,0.014260255,4.746637e-05,0.79377884,0.17691752,1.8550013e-06
490,2.8274096e-09,2.878843e-07,1.7633705e-06,1.0734217e-09,9.390595e-06,0.9999865,2.088466e-06
491,0.00013957341,0.00014035347,0.0041653984,0.00018833259,0.0019182883,0.9931191,0.00032882925
492,6.201089e-06,2.125361e-05,0.00038974546,4.1608462e-05,0.00011868803,0.99926394,0.00015865441
493,0.00096485036,0.00018108629,0.024022471,0.00036493532,0.032572336,0.94182265,7.168247e-05
494,1.7567e-41,1.2224111e-29,2.1177867e-27,0.0,7.2940505e-18,1.0,3.403267e-29
495,0.00426351,0.043722577,0.02185722,0.016274568,0.026742425,0.8830593,0.00408033
496,7.4242917e-07,1.3368792e-05,4.348931e-05,6.770511e-08,0.00083606096,0.9990393,6.694106e-05
497,0.000840821,4.737864e-05,0.015032865,9.493139e-06,0.20229186,0.78171116,6.644686e-05
498,5.9746853e-05,0.0009397894,0.000752235,1.0326161e-05,0.007340779,0.9906759,0.00022116279
499,3.9827783e-25,1.9764823e-18,1.365451e-16,3.5152347e-31,3.1086223e-12,1.0,7.220356e-18
500,3.3984777e-15,5.1265058e-11,4.9197446e-10,1.400799e-17,3.2791917e-08,1.0,1.7190496e-10
501,0.005216694,0.0010888904,0.04244025,0.00037166316,0.3201073,0.6271135,0.0036615692
502,0.0045467024,0.006740977,0.0030825203,0.0012959657,0.07878528,0.90528196,0.00026654417
503,3.889056e-05,1.6431924e-05,0.00035484697,7.059212e-06,0.0047721514,0.9947214,8.905355e-05
504,0.00022072313,0.0004897634,0.008820359,4.305619e-05,0.051211722,0.93846977,0.00074449676
505,4.5007964e-12,1.1348583e-08,2.756808e-08,1.3031026e-13,4.8132875e-07,0.9999994,1.3885024e-07
506,3.8975667e-08,4.491457e-08,3.8622234e-06,3.603766e-08,0.00033002128,0.9996617,4.3607656e-06
507,0.00013921077,0.00014362103,0.0037415083,0.00049236923,0.00087096647,0.994555,5.732754e-05
508,0.0019544738,0.00022062198,0.14983122,0.00025198175,0.3191981,0.52854025,3.2869877e-06
509,0.0003782188,2.5305415e-05,0.00047110123,5.76201e-05,0.0021280043,0.9969373,2.500584e-06
510,0.008624161,0.00022004594,0.097490616,9.709489e-05,0.7074881,0.1860771,2.8206832e-06
511,0.002547207,0.000434765,0.17053467,0.0004385658,0.11694876,0.70908695,9.1581205e-06
512,0.1249461,0.15542296,0.083940335,0.006797314,0.31285363,0.3112833,0.0047563924
513,6.217952e-33,3.525885e-23,5.619219e-22,5.8988e-41,1.8396605e-15,1.0,2.2481936e-23
514,0.0009960165,0.00057166506,0.0022341702,0.00013291046,0.02514663,0.97086406,5.4679836e-05
515,0.00012146443,1.2180077e-05,0.05888947,0.00024672772,0.002030461,0.938694,5.6232698e-06
516,0.009514085,0.0011246653,0.16316172,0.00070603285,0.3283577,0.49709716,3.8697057e-05
517,4.708963e-05,0.00040663287,0.0017996174,0.00021006078,0.0001838219,0.996687,0.0006657992
518,0.09882315,0.13542035,0.13100818,0.016429191,0.18926911,0.42775655,0.0012934349
519,0.0056743445,0.059649643,0.09600065,0.006325147,0.20356041,0.62427115,0.0045186076
520,0.00050726224,3.0444036e-05,0.0013825495,4.5122235e-07,0.85940874,0.13808334,0.0005872043
521,0.0014045255,0.000442017,0.0059422683,9.937276e-05,0.38153857,0.61052644,4.6812514e-05
522,0.0011701175,0.00013250105,0.0022563804,0.00032873455,0.002479693,0.9936259,6.6289776e-06
523,0.00876565,0.004428046,0.041854575,0.0009362107,0.04729087,0.89575714,0.000967495
524,5.391064e-36,8.324478e-25,7.230339e-24,1.4e-44,5.626333e-17,1.0,3.8766102e-23
525,4.8034948e-05,6.727425e-06,0.0027442488,2.9988092e-05,0.0026593136,0.9945056,6.057411e-06
526,0.0036000167,0.004575959,0.030317003,0.00025276592,0.053930633,0.9036272,0.0036964908
527,0.0013806415,4.6816782e-05,0.023453282,1.0333872e-05,0.5543922,0.42068797,2.874813e-05
528,1.8703205e-38,1.2208599e-28,4.243302e-25,0.0,1.7435162e-16,1.0,6.057451e-29
529,6.3519233e-06,2.4074693e-06,0.000737957,2.252717e-05,0.00028421244,0.9989459,7.3750203e-07
530,0.38618365,0.40399843,0.070925675,0.040122192,0.04502197,0.052510288,0.0012377875
531,0.004511997,0.4323897,0.0026020212,0.012647486,0.020489506,0.5116738,0.015685411
532,0.096165456,0.674391,0.03362093,0.037244704,0.0955464,0.060658704,0.0023727766
533,0.0058135465,0.0017489473,0.023650274,0.00028322276,0.04905065,0.9182822,0.0011712107
534,3.677692e-05,0.00045528117,7.932005e-05,9.18121e-06,0.0015305205,0.9970336,0.0008552905
535,0.00020445714,0.0007187652,0.002976717,6.314704e-05,0.052465133,0.94258386,0.0009879272
536,0.07123206,0.02990255,0.3008015,0.018249728,0.036220666,0.5426198,0.0009736748
537,0.006414657,0.00061300036,0.07785075,0.0028809705,0.06168972,0.85051715,3.3703833e-05
538,4.5906268e-06,1.1322969e-05,0.00024587187,1.5552017e-05,0.00013343162,0.9995408,4.834182e-05
539,9.394961e-37,1.4743967e-29,3.780384e-24,0.0,1.7257831e-15,1.0,5.858191e-31
540,7.840379e-05,0.0005408985,0.0015444896,0.0003443408,0.0023365722,0.99442875,0.00072653376
541,1.4519453e-06,2.4065023e-06,0.00017116877,7.4953914e-06,0.00011097546,0.9997003,6.2192457e-06
542,2.1162426e-21,1.2469621e-16,2.0141625e-14,2.8653816e-27,6.722173e-10,1.0,6.9889284e-17
543,9.12343e-15,1.8331193e-09,5.170521e-10,2.8158668e-16,4.0354983e-08,0.9999999,7.297149e-08
544,0.007935866,0.0001908082,0.014890702,5.332193e-05,0.48144937,0.49547753,2.3968535e-06
545,0.028399365,0.016480003,0.104063705,0.0038510268,0.053471997,0.7924382,0.001295752
546,1.4060614e-05,6.7008564e-06,0.007679395,5.4045177e-06,0.059930548,0.9323599,3.9818806e-06
547,0.0002908888,0.012226782,0.0029284866,0.00010718595,0.1177797,0.30132195,0.565345
548,7.342241e-06,6.3396833e-06,0.0002784436,1.284661e-05,0.00045468807,0.999215,2.5287349e-05
549,0.029322505,0.0061551365,0.10045105,0.0021139819,0.29584762,0.5660647,4.5050365e-05
550,0.00071861653,0.00034558802,0.5770049,0.00050157803,0.15351133,0.26791075,7.2373e-06
551,0.0060163103,0.0006617484,0.02598671,0.00012993767,0.5606476,0.40653014,2.7480994e-05
552,0.035305295,0.08179031,0.02738731,0.013465972,0.15115832,0.69000924,0.00088358443
553,0.079592414,0.003696771,0.21651103,0.0026006545,0.42130268,0.27628145,1.4988893e-05
554,0.011451708,0.023980824,0.12496609,0.0062762243,0.22241676,0.61055684,0.00035154072
555,0.001440443,6.848958e-05,0.0059210192,4.6263896e-05,0.07872379,0.91376203,3.7882848e-05
556,0.0,0.0,4e-45,0.0,4.1198405e-28,1.0,0.0
557,0.007088545,0.007885059,0.07633038,0.007885101,0.11059345,0.7898859,0.0003315157
558,9.6387965e-05,0.0014968901,0.0046409867,0.00058892445,0.009512076,0.98333126,0.00033350935
559,0.0018902483,0.00082524423,0.36241043,0.00151758,0.2831924,0.350153,1.1137626e-05
560,2.6029726e-05,3.597913e-05,0.0027496726,8.90873e-06,0.022055935,0.97501934,0.00010409945
561,2.2985807e-06,6.214857e-06,0.00012795054,3.5385262e-06,0.00031464142,0.9994961,4.9203747e-05
562,0.0031408607,0.011193745,0.024137639,0.00093914237,0.029096099,0.9287953,0.0026971558
563,1.1992638e-09,1.1777673e-07,3.305695e-07,3.495931e-11,4.594268e-05,0.9999535,7.165264e-08
564,2.2572798e-05,9.33607e-06,0.00045139054,1.0435954e-06,0.02543705,0.9740571,2.153129e-05
565,5.2421854e-37,9.2566256e-27,1.826924e-24,0.0,1.6557101e-16,1.0,1.4405358e-26
566,8.876358e-05,0.00030903838,0.0005487161,0.00096392084,0.0003088442,0.9976724,0.00010831437
567,0.003102903,0.0027811725,0.014856554,0.0069550895,0.0008645729,0.97128016,0.00015946949
568,0.0,1.1356e-41,3.661841e-30,0.0,4.0240698e-19,1.0,1.7e-44
569,0.003551623,4.0294046e-05,0.006142963,1.6004358e-05,0.5594787,0.4307661,4.3462906e-06
570,2.4662213e-06,4.2220067e-06,0.00025500954,2.1852807e-06,0.0017040233,0.99789584,0.00013638784
571,3.0188761e-31,6.495844e-22,1.16686984e-20,7.532142e-39,1.0845011e-14,1.0,5.017228e-21
572,6.45324e-05,3.9992956e-05,0.025213955,2.7749007e-05,0.03844023,0.936189,2.4561481e-05
573,4.54563e-06,3.7075464e-05,0.00023301119,2.9434748e-05,0.00024159507,0.9991798,0.00027457
574,2.9619412e-17,2.3701703e-13,1.4156296e-11,5.669451e-22,2.116289e-08,1.0,2.4385607e-13
575,7.628486e-05,6.0290833e-05,0.0015732378,0.000428006,0.00048068527,0.9973742,7.2761354e-06
576,0.0003229054,0.000118511445,0.023634827,2.4125535e-05,0.5873746,0.38851076,1.4260888e-05
577,6.755429e-16,1.0156948e-09,1.2947785e-10,2.1464582e-18,4.451886e-08,1.0,7.8724325e-09
578,6.975424e-05,0.00043107767,0.01026639,0.0001478222,0.04079581,0.9477688,0.000520418
579,0.18002586,0.02544408,0.30884144,0.01741052,0.31149298,0.156767,1.8059922e-05
580,0.07999332,0.49923477,0.026614213,0.056178242,0.019585496,0.31609765,0.0022962738
581,7.4006315e-11,1.7448154e-07,2.2230648e-07,5.754077e-13,1.50139185e-05,0.999984,6.6322013e-07
582,0.0050133895,0.00035337725,0.20296866,0.00039992054,0.3194051,0.47184688,1.2625619e-05
583,0.013379237,0.0015821625,0.14402777,0.0031125122,0.01030931,0.82727695,0.00031210936
584,3.9020388e-06,3.593878e-05,0.00018310721,1.1007125e-05,0.00016714976,0.999438,0.00016086105
585,0.00078170095,0.0018848823,0.033905324,0.00064614654,0.23230164,0.73035115,0.00012924508
586,0.00080309657,6.889157e-05,0.039622005,4.6214926e-05,0.12206849,0.8373584,3.2945896e-05
587,0.0003459942,0.00017924308,0.0045633814,0.00065872684,0.0044256244,0.9898178,9.179543e-06
588,0.000677479,0.0008797181,0.051475715,0.0006818055,0.06534829,0.8808721,6.484008e-05
589,4.1302712e-05,0.00030801407,0.00013533782,2.4773206e-05,0.00013627134,0.9988593,0.00049501914
590,0.010846639,0.001435396,0.23346162,0.0015285513,0.30532324,0.4473824,2.224661e-05
591,3.3496868e-13,4.4879966e-09,4.2185686e-09,6.506207e-15,2.3528288e-07,0.99999964,8.2114475e-08
592,0.00020537317,9.3776485e-05,0.06610219,0.000144785,0.020749832,0.9126392,6.4875414e-05
593,8.310228e-26,2.1763899e-16,7.515806e-18,1.9001792e-31,5.4008555e-12,1.0,2.6187974e-15
594,0.024761405,0.077694885,0.05385903,0.003408324,0.06254132,0.7351838,0.042551193
595,6.718967e-07,3.522964e-07,4.205601e-05,2.0941468e-06,3.8102717e-05,0.9999163,3.4509117e-07
596,0.00042831476,0.00015326383,9.908971e-05,2.9503059e-05,0.012154274,0.9871178,1.7775415e-05
597,2.4816374e-05,0.00011890056,0.0028831116,5.485164e-06,0.0715114,0.92517245,0.0002838375
598,2.2583204e-06,3.0475683e-06,4.820905e-05,1.2251523e-06,0.0016506588,0.99828726,7.2596495e-06
599,0.00018018871,1.296598e-05,0.030161237,1.2922947e-05,0.41472644,0.55489624,1.0014059e-05
600,0.2783113,0.34797287,0.051155753,0.10043301,0.10969967,0.11162552,0.00080182345
601,0.001305644,0.025788512,0.14271405,0.0076472536,0.010946353,0.8100854,0.0015127482
602,0.011341911,0.008963248,0.31855756,0.0038195003,0.067547366,0.5896557,0.00011474909
603,0.021406822,0.002123927,0.1211949,0.00071279996,0.45073187,0.40364456,0.00018510933
604,0.00036854864,1.7786608e-05,0.0052931374,1.6301304e-06,0.60667896,0.38744977,0.00019014494
605,0.004246712,0.0050689927,0.019854354,0.00047301635,0.34415308,0.6257073,0.00049646344
606,0.00012488847,0.0004064775,0.0025632048,0.00053323177,0.00044663323,0.9955363,0.0003892693
607,1.0721108e-38,9.52323e-31,3.789724e-25,0.0,3.0019263e-16,1.0,6.7256497e-32
608,0.010666664,0.0021156701,0.15011853,0.002303397,0.46470812,0.3700697,1.7906697e-05
609,1.1969669e-06,2.1698625e-05,4.1722727e-05,2.3448508e-06,7.717675e-05,0.9995647,0.00029110123
610,7.2723605e-09,4.2034836e-07,1.8339624e-06,2.765408e-10,1.4159881e-05,0.9999832,2.7907132e-07
611,0.0,3.782696e-37,8.02755e-35,0.0,4.9820356e-23,1.0,5.3324855e-36
612,0.0068787583,0.03854796,0.28123835,0.006954757,0.009987563,0.65595746,0.000435224
613,0.01524791,0.008138434,0.014074369,0.0003295506,0.16551466,0.78910273,0.007592389
614,0.09285445,0.033845317,0.5534884,0.0136277685,0.11231593,0.19366744,0.00020074255
615,0.0010365869,0.0065310826,0.029479075,0.0021486613,0.033918194,0.9224948,0.0043915054
616,0.006687044,0.0012264703,0.05656127,0.00024433938,0.15155533,0.7835704,0.00015510537
617,3.1128564e-13,4.847888e-10,7.4916935e-09,2.3073273e-15,2.8665147e-07,0.99999976,1.1535677e-09
618,0.0042784624,0.010099854,0.2715581,0.008599631,0.088375345,0.61695474,0.00013388577
619,2.2123051e-05,2.609252e-05,0.004607743,5.196766e-06,0.23520845,0.7584553,0.0016750947
620,4.2413576e-11,7.507816e-09,1.4527178e-07,3.388888e-13,3.8239446e-06,0.99999607,2.3932076e-08
621,0.038599744,0.34361148,0.08354383,0.047738943,0.0038334099,0.47160542,0.011067107
622,2.8824443e-06,5.254763e-06,0.00014343724,3.6132787e-06,0.00023812312,0.99956924,3.7549173e-05
623,8.172434e-27,1.9795156e-18,3.533192e-18,1.9946378e-33,9.133435e-13,1.0,7.144517e-18
624,7.357974e-07,6.4060505e-06,5.1521725e-05,3.5479488e-07,0.00057353737,0.9992169,0.00015051536
625,2.0650516e-11,4.496579e-08,1.1038089e-07,1.4714236e-12,1.0466716e-06,0.99999833,4.8670483e-07
626,5.648266e-09,3.9156163e-07,2.6769e-06,9.3600246e-11,2.3947627e-05,0.9999727,2.8033864e-07
627,1.5022597e-09,1.6527932e-07,3.6097415e-06,2.7038263e-10,6.4937965e-05,0.99992967,1.718129e-06
628,0.0034001984,0.012840491,0.025848765,0.00578439,0.11238722,0.8392146,0.0005242325
629,0.08831128,0.05574797,0.075363316,0.027207397,0.035435975,0.71694547,0.0009886292
630,0.016084561,0.20764066,0.37880337,0.0644518,0.00914568,0.32282388,0.0010501137
631,0.039325025,0.8536432,0.012234009,0.02786877,0.0034974422,0.032936983,0.030494647
632,2.0635116e-05,5.8324536e-06,0.00037612216,1.9942834e-05,0.0005000289,0.99907506,2.4401647e-06
633,3.5186633e-05,0.00017221108,0.0008514245,0.00025450566,0.00014388033,0.99841475,0.00012809082
634,0.0002508911,6.494269e-05,0.036542907,6.151912e-05,0.18531452,0.77775246,1.26975e-05
635,0.00015458901,5.259752e-05,0.00070422573,2.046882e-06,0.47786322,0.5204362,0.00078709755
636,0.0006554346,0.00031617976,0.058782082,0.00026551977,0.09526638,0.8446998,1.459952e-05
637,7.786635e-05,2.0685962e-05,0.0014469975,1.0588909e-05,0.04005054,0.95838296,1.0405742e-05
638,0.0015381188,0.022108834,0.3105836,0.0076169674,0.005608614,0.65222996,0.0003139428
639,0.0039281435,0.027215049,0.081510425,0.005666391,0.024357928,0.8549903,0.0023317891
640,0.542645,0.043888442,0.11989499,0.009713615,0.13443337,0.14927858,0.00014595073
641,6.723045e-05,2.5823523e-05,0.022896394,3.74363e-05,0.08353737,0.8934152,2.045503e-05
642,0.030908413,0.4664982,0.11497616,0.06214869,0.012382328,0.30961326,0.0034729494
643,0.0015060416,0.00022087092,0.19679618,0.00023641346,0.089217946,0.7119953,2.736079e-05
644,0.011850319,0.024345946,0.38705784,0.006844371,0.056882955,0.5127625,0.0002560592
645,0.11314826,0.7194643,0.036386646,0.053337518,0.002294256,0.06867225,0.0066967816
646,0.0015848542,0.008602721,0.06382155,0.0059152334,0.009852041,0.9097283,0.0004952972
647,0.00021032633,0.0002478654,0.044575434,0.00010394447,0.24508981,0.7077252,0.0020473327
648,0.00015652669,7.629215e-05,0.025926137,6.699261e-05,0.048762966,0.92497075,4.0216826e-05
649,0.06337674,0.23203611,0.077192985,0.017154887,0.010847301,0.58941764,0.009974326
650,0.0010349774,0.000687447,0.046781193,0.00039799587,0.046359945,0.90449905,0.00023940486
651,1.0533371e-06,8.572501e-07,3.6570284e-05,7.75483e-07,0.0010436763,0.9989102,6.819707e-06
652,0.012736256,0.0014838947,0.48070142,0.0019461603,0.3359,0.16722691,5.3276704e-06
653,6.016494e-06,5.4903165e-05,0.00017930656,4.5241795e-06,0.00075546344,0.9987913,0.00020849137
654,0.33835635,0.041354835,0.3411987,0.036947858,0.1788443,0.06327327,2.4670911e-05
655,0.0001527294,0.011688836,0.007484148,0.0010571112,0.008512086,0.43730488,0.5338001
656,4.783908e-15,5.014753e-12,2.6780037e-10,7.6336906e-19,2.3324296e-07,0.99999976,3.798912e-11
657,0.00040378218,2.7409294e-06,0.013755832,2.0940333e-06,0.34977272,0.63604575,1.7079246e-05
658,0.0044782744,0.0025832106,0.033026077,0.0018253219,0.050075237,0.9078354,0.00017661105
659,0.0015672526,8.3960804e-05,0.006033872,2.1693153e-05,0.47604948,0.5162278,1.5959598e-05
660,1.6814708e-22,2.4339566e-16,1.2408469e-14,8.757379e-27,3.441721e-11,1.0,1.945509e-15
661,0.012444656,0.0035465183,0.35832638,0.0050739506,0.013455817,0.60700953,0.00014317967
662,0.029772954,0.17715004,0.085061826,0.009077086,0.07319341,0.575567,0.05017762
663,0.010942759,0.005752192,0.435827,0.0041880663,0.42131472,0.12196604,9.288764e-06
664,1.5725022e-05,5.2441686e-07,0.00024443638,4.151647e-06,0.0006020327,0.99913305,1.0131499e-07
665,0.09300182,0.6865022,0.04202382,0.029951457,0.0748969,0.07126289,0.0023609374
666,0.00079909404,0.00040430727,0.020378511,5.0232295e-05,0.14369176,0.8346401,3.5949666e-05
667,0.0016263124,0.0014551003,0.04947719,0.00026787812,0.04384449,0.9031852,0.00014381167
668,5.733212e-07,0.00011854074,0.000250032,1.7812492e-06,0.024314238,0.071681805,0.90363306
669,2.7211624e-06,3.4964534e-05,0.00032225173,2.4767974e-07,0.0014522981,0.9980781,0.00010940656
670,0.00026488723,0.0002197396,0.0038200915,0.00023816049,0.040352773,0.9550859,1.8448223e-05
671,1.5244012e-05,2.941423e-06,0.0061130347,1.309138e-06,0.12469421,0.8691681,5.14411e-06
672,0.0018160194,0.00016583937,0.00068878743,0.00020780257,0.0011568558,0.99595106,1.3662894e-05
673,0.51007617,0.27308786,0.11119629,0.064669855,0.008406274,0.031706102,0.0008574844
674,0.046722732,0.69037694,0.058673028,0.054402806,0.0095075555,0.12580949,0.01450737
675,0.013701719,0.0014362531,0.0979729,0.0006644686,0.27005163,0.61593735,0.00023561544
676,5.9116337e-05,2.6405049e-05,0.011141449,1.4132498e-05,0.07028815,0.9184156,5.5196317e-05
677,0.0001678583,3.971986e-05,0.007169516,9.372469e-06,0.16580124,0.82678056,3.1731463e-05
678,3.3255906e-06,1.5421065e-07,0.0002347288,6.6358484e-07,0.0018077311,0.9979533,1.18840845e-07
679,0.0016000052,0.0012281694,0.008184179,0.00015425173,0.045552082,0.94254446,0.0007368019
680,0.091286026,0.004437103,0.13065737,0.0023549662,0.6027957,0.16846468,4.134359e-06
681,0.061894786,0.81048006,0.0128189735,0.03923575,0.004724205,0.058214933,0.012631239
682,0.0001873427,2.5571215e-05,0.012516518,7.100531e-06,0.45345274,0.5337989,1.1790572e-05
683,0.07831963,0.12523422,0.057818893,0.03000523,0.26431265,0.44363636,0.00067302387
684,0.30348775,0.008399825,0.061085742,0.0016915431,0.35958117,0.26571256,4.141632e-05
685,0.0010117411,0.00019622385,0.12356808,0.00050123665,0.13551618,0.7391719,3.46044e-05
686,0.024981778,0.010550695,0.031558037,0.0032394512,0.41697082,0.5126427,5.644164e-05
687,0.0,0.0,0.0,0.0,0.0,1.0,0.0
688,0.0002814776,0.0021109532,0.0028701404,0.0007097887,0.04134401,0.95144093,0.0012427159
689,4.8490096e-28,9.799084e-20,1.1862598e-18,5.421403e-35,3.930992e-13,1.0,1.0889595e-18
690,9.818183e-06,9.165723e-05,0.00046986676,1.9071089e-05,0.00034184428,0.9984316,0.0006361159
691,0.00013809715,5.661024e-05,0.008387046,0.00014850729,0.004476418,0.98675144,4.195109e-05
692,0.00060777005,0.00010561198,0.0054371646,2.6973501e-05,0.053989545,0.9396156,0.0002173062
693,0.00011861257,3.2834087e-05,0.019181559,5.0766426e-05,0.08572676,0.89487547,1.4028822e-05
694,5.0258373e-06,1.227484e-05,0.00013975933,1.4498395e-06,0.0013876967,0.9983607,9.310697e-05
695,0.029430194,0.0013196679,0.17777349,0.0010877992,0.6186325,0.17175508,1.3061883e-06
696,8.232827e-05,0.046016604,0.0007009828,0.0002248227,0.016669257,0.10546403,0.830842
697,0.00025775845,0.00097442704,0.04415223,0.00016746944,0.13714553,0.8164978,0.0008047443
698,0.00014419727,0.00028065292,0.0052872207,0.0007158547,0.00063270004,0.9926785,0.00026090018
699,4.264713e-06,5.743026e-06,0.00012174177,9.283879e-06,0.0001653802,0.99968684,6.825816e-06
700,0.00056611985,9.572917e-05,0.027010245,6.823166e-05,0.12703723,0.8451504,7.2023846e-05
701,0.059076503,0.8149193,0.03532673,0.03628824,0.00037531139,0.023028513,0.030985413
702,0.0007069638,0.00026128395,0.12151061,0.00028874585,0.2073023,0.6699265,3.4731518e-06
703,1.4918662e-06,3.0672196e-05,0.00015246865,3.0104371e-05,9.686323e-05,0.9996099,7.8497236e-05
704,0.009492475,0.0058928197,0.009827362,0.00039109826,0.6436334,0.33069223,7.060749e-05
705,2.4191297e-37,1.0393707e-24,1.8713821e-25,0.0,3.137973e-16,1.0,2.7172221e-24
706,0.0010521712,0.0004865826,0.012470868,0.0009488435,0.0032328095,0.98172206,8.655366e-05
707,2.9403725e-06,8.562784e-05,0.00014195598,1.8541185e-05,3.159022e-05,0.99903286,0.00068648794
708,0.09355679,0.047953743,0.38700235,0.022213811,0.10740425,0.34167498,0.00019410034
709,0.0042403005,0.0058112564,0.018109124,0.0017160767,0.06405063,0.90572053,0.00035205344
710,0.039767195,0.013202268,0.4623464,0.008907121,0.23728895,0.23846324,2.4866331e-05
711,0.0019268314,0.0032024414,0.073389255,0.0011113308,0.18608516,0.73306787,0.0012171279
712,2.4771593e-06,7.988899e-06,0.00012501366,1.7317743e-05,7.961104e-05,0.9997459,2.1727346e-05
713,0.64967155,0.07116208,0.17044567,0.03225522,0.04753856,0.028875627,5.1345924e-05
714,0.0010784786,0.0008738357,0.048771232,0.000868871,0.02457224,0.92357343,0.0002618702
715,4.142975e-36,2.6273365e-27,8.284472e-24,0.0,1.7067838e-15,1.0,3.6704457e-28
716,0.0027637416,0.06124511,0.04507505,0.0073503233,0.007941071,0.87098086,0.004643851
717,1.0662861e-07,2.3958515e-05,9.224022e-06,2.4550297e-06,0.00013263307,0.99907637,0.00075518194
718,3.361669e-05,8.393376e-06,0.00413075,4.9674007e-05,0.0011665286,0.994605,5.9489967e-06
719,0.014822396,0.04781795,0.58625335,0.014084336,0.034748524,0.30051097,0.001762501
720,0.013078725,0.25582758,0.15201871,0.058046415,0.0022506325,0.51343125,0.0053466815
721,0.00010001482,0.00022933107,0.06459948,6.965022e-05,0.40849605,0.523195,0.0033104063
722,2.8301867e-18,5.4562396e-12,2.816399e-12,1.3870144e-20,8.0328594e-10,1.0,1.5345375e-10
723,0.00093397824,0.004008344,0.08507798,0.0016773278,0.035777386,0.8712525,0.0012724908
724,5.7351363e-17,1.5244589e-13,2.238584e-11,6.7720283e-21,1.1681664e-08,1.0,2.0237523e-13
725,0.004197346,0.0010881056,0.0018173391,0.0032096775,0.0008710712,0.9888003,1.6071093e-05
726,0.0031918306,0.0007699798,0.049695663,0.0002280251,0.20335543,0.74272966,2.9459477e-05
727,0.026749926,0.020124752,0.030782325,0.0008334301,0.04334781,0.8713441,0.0068176575
728,0.05941509,0.024722084,0.58603173,0.010716317,0.061032355,0.25788313,0.00019923413
729,0.0055039586,0.0012345781,0.063429035,0.0012197023,0.03331993,0.8940045,0.0012882556
730,0.00042243392,0.009313533,0.0019480046,0.0010392712,0.00077954744,0.98619485,0.00030241173
731,1.5791754e-06,5.050661e-07,0.00015020405,3.5217574e-06,0.00019195532,0.99965155,5.968297e-07
732,0.0030114222,0.0050728368,0.17826112,0.0019182307,0.115337245,0.69595635,0.00044279266
733,0.061709948,0.11993656,0.5218865,0.036573827,0.022924935,0.23465131,0.0023169045
734,1.0675698e-07,8.077453e-06,2.902858e-05,8.629266e-08,0.00011514974,0.9997317,0.00011576504
735,0.00017251082,0.00091977784,0.0009921463,0.0008873265,0.0015603027,0.9950294,0.00043860127
736,2.4418596e-05,0.0005384997,0.0051864437,5.7725796e-05,0.026842406,0.9645685,0.0027820237
737,1.6351156e-32,2.8357141e-22,1.5858816e-21,1.11637e-40,1.13758405e-14,1.0,2.5268467e-21
738,8.963983e-06,5.704064e-06,0.00041391334,2.093983e-05,0.00045629728,0.9990864,7.776007e-06
739,1.2085478e-06,5.0139656e-06,0.0001029354,7.589014e-06,0.00017297111,0.9996929,1.7301605e-05
740,5.8012403e-05,1.4577077e-05,0.0006629228,2.5950974e-06,0.028560754,0.9705749,0.00012628273
741,4.2774134e-18,3.916199e-12,3.2993805e-12,3.625455e-21,3.2267076e-09,1.0,4.2583482e-11
742,6.7261906e-05,4.246786e-05,0.007865978,3.3896937e-05,0.042073205,0.94980323,0.000113959635
743,0.11770733,0.17933449,0.47875908,0.034087505,0.012068691,0.17641431,0.0016285882
744,0.004722674,0.0015667232,0.10975495,0.002103501,0.053897068,0.8278724,8.2723454e-05
745,0.0002147762,1.840813e-05,0.0139557775,6.636302e-05,0.020293988,0.96544105,9.622766e-06
746,3.802724e-05,0.0016871108,0.0020877172,0.00017966883,0.016525032,0.9787486,0.0007337304
747,0.057089478,0.86195666,0.005666367,0.041252106,0.00021661693,0.029897556,0.003921171
748,0.001824909,0.0002908393,0.030250477,0.00014004497,0.092068546,0.87508875,0.00033650995
749,1.9071416e-05,5.837868e-07,0.0020586576,1.1869072e-05,0.00088887796,0.99702054,2.8977698e-07
750,0.0032754657,0.699771,0.036068473,0.020252429,0.0004352325,0.23160417,0.0085932715
751,0.0,0.0,0.0,0.0,6.702087e-32,1.0,0.0
752,1.0599748e-06,1.1511526e-06,0.000100587524,3.6158688e-06,7.6515214e-05,0.9997956,2.1417218e-05
753,1.994063e-06,9.14512e-05,1.6232681e-05,2.0102873e-06,0.005128131,0.9944654,0.0002947816
754,8.8676126e-26,7.9327375e-17,3.1473822e-17,5.3115676e-31,1.9415192e-12,1.0,3.8750571e-16
755,0.00015678791,0.00025039015,0.008721495,4.8275357e-05,0.03546208,0.9552772,8.376309e-05
756,3.2225168e-29,1.8658383e-23,4.2775745e-19,7.4756123e-38,1.04469906e-13,1.0,1.3107496e-23
757,0.0097827595,0.030738128,0.1475056,0.005227353,0.05314862,0.75071216,0.0028854148
758,0.059950825,0.021452868,0.1494425,0.017872533,0.3616308,0.3895919,5.8611302e-05
759,0.0017759375,0.0018449137,0.015522307,0.0006226884,0.016288476,0.9603348,0.0036109912
760,0.000107313484,0.0012533356,0.0003015013,1.1462736e-06,0.042144153,0.95554346,0.00064908876
761,3.453026e-12,6.6044734e-09,1.8569114e-08,9.4096626e-14,6.497228e-07,0.9999993,9.536549e-08
762,0.000655432,0.0027418805,0.14177342,0.0006113909,0.22102556,0.6212425,0.011949779
763,0.09494245,0.44772717,0.047989883,0.044880573,0.09408347,0.26281625,0.0075602387
764,0.00018857316,0.0015424667,0.049835406,0.0019793655,0.021264251,0.9249199,0.00027012013
765,0.0012075411,0.0028099758,0.040869404,0.0008705385,0.08540181,0.8681388,0.00070187653
766,0.0,0.0,0.0,0.0,7.383171e-29,1.0,0.0
767,0.00017386844,0.00979017,0.0933322,0.0008138476,0.20541719,0.67191184,0.018560927
768,0.00022448078,0.0017546715,0.0018083623,0.00048722146,0.011037959,0.9828441,0.0018432183
769,0.002163217,0.0015403348,0.011119151,3.7956226e-05,0.0714761,0.9092106,0.0044526476
770,0.0003767127,0.0001632474,0.104936674,6.869476e-05,0.40954304,0.4846856,0.00022604456
771,0.04522017,0.002544355,0.027457666,0.00079606165,0.5354247,0.38853866,1.841474e-05
772,2.8913602e-05,0.008352174,0.00028836157,4.490483e-05,0.0007213334,0.027781503,0.9627828
773,9.0028116e-05,0.0004086977,0.0071921702,8.04508e-05,0.026641784,0.96524763,0.00033930602
774,0.0010436192,0.00014084438,0.045098666,0.0012748322,0.0019120898,0.95051754,1.237119e-05
775,2.1978073e-09,3.815551e-06,1.142264e-06,6.923032e-10,7.2158887e-06,0.9999701,1.7744256e-05
776,0.2927451,0.06446482,0.12173883,0.013412096,0.22972849,0.27783263,7.794745e-05
777,0.0121554015,0.002924619,0.058710296,0.00074951747,0.437549,0.48785648,5.479695e-05
778,0.0011097402,0.0028805444,0.009370819,0.0021275836,0.02247784,0.96130246,0.0007310159
779,0.009784576,0.0016480875,0.2106467,0.00050883857,0.42637113,0.35098702,5.3596345e-05
780,0.0004064347,0.00029662185,0.004045958,0.00012785109,0.025522992,0.96942466,0.00017546478
781,1.1265996e-33,4.132975e-25,3.4399165e-22,3.91e-43,6.5054396e-15,1.0,4.0056178e-25
782,0.010691138,0.002994944,0.0052893376,0.005655083,0.002814398,0.97251916,3.596451e-05
783,0.40289366,0.14720337,0.2510823,0.02867088,0.08778196,0.08217872,0.00018908583
784,0.26787406,0.07022754,0.18573946,0.018798145,0.26547652,0.19177946,0.00010479944
785,0.0033224288,0.0032054707,0.12990038,0.00088974094,0.266914,0.59532577,0.0004422248
786,0.14706522,0.120654374,0.26398692,0.047237203,0.0772126,0.34173626,0.002107438
787,7.154961e-05,1.6122818e-06,0.0022687402,3.2773832e-07,0.5340321,0.4636246,1.0528773e-06
788,0.00010294575,9.811622e-06,0.002563083,7.127206e-05,0.0025879175,0.99466443,5.091068e-07
789,1.977612e-27,6.4297975e-22,4.6071487e-18,2.1300517e-36,3.6042564e-12,1.0,2.070335e-23
790,0.0011360106,0.0005968837,0.33434197,0.00041695277,0.15907414,0.5044179,1.6175296e-05
791,0.00015853035,4.907502e-05,0.020088188,5.5907756e-05,0.055483766,0.9241124,5.208508e-05
792,8.243428e-05,2.1005158e-05,0.00866372,1.1280315e-05,0.19365373,0.79755765,1.01272335e-05
793,5.892569e-05,1.6341934e-06,0.0007747605,4.1977864e-06,0.005156833,0.9940019,1.7790692e-06
794,3.2322507e-07,0.00011402203,6.106216e-05,2.7418404e-08,0.00033708915,0.99944776,3.9693983e-05
795,1.265322e-05,0.00018905429,0.002810572,2.8286906e-05,0.013910495,0.9827727,0.00027626805
796,9.657648e-05,0.00040609605,0.0008837859,7.164433e-05,0.0029296693,0.99518126,0.00043091326
797,0.25176167,0.3224832,0.02603923,0.03713616,0.058052663,0.30283326,0.0016938335
798,0.053356633,0.002877577,0.20108812,0.0021616817,0.34855783,0.39193052,2.753439e-05
799,0.012010447,0.003002766,0.014346217,0.0006713,0.06243423,0.90735424,0.00018075945
800,0.00070711505,0.0002527428,0.06538757,0.00010548494,0.2726994,0.6607838,6.381095e-05
801,6.441882e-05,0.00012299854,0.017082086,2.9602588e-05,0.27368146,0.7014812,0.0075382106
802,1.3564526e-33,1.7754908e-24,5.275325e-22,4.39e-43,5.583236e-15,1.0,4.8198818e-24
803,0.07034618,0.030791918,0.11207268,0.005403925,0.49536037,0.28597713,4.78096e-05
804,0.0037288922,0.0011400396,0.16041528,0.0012388633,0.23131251,0.60209197,7.241914e-05
805,0.0009619618,4.107142e-05,0.016111074,1.8250432e-05,0.67592293,0.30675045,0.0001941912
806,0.009273094,0.0090337135,0.106002115,0.0017934851,0.06381142,0.8096097,0.00047650785
807,7.080374e-34,1.0275762e-22,2.1597184e-22,4.331e-42,1.6795536e-15,1.0,2.5336613e-21
808,0.052495103,0.0014874758,0.041275084,0.00034641207,0.80164254,0.10274921,4.2391275e-06
809,0.026225867,0.015350259,0.056729637,0.0041070455,0.26267797,0.63476753,0.00014163935
810,1.3615715e-15,5.558723e-11,2.2945319e-10,8.456402e-19,4.5760565e-08,1.0,2.4940742e-11
811,4.9950697e-05,2.0834786e-05,0.0140092615,4.26666e-06,0.39182574,0.59319854,0.00089142594
812,0.007771405,0.0007557946,0.016258862,6.353267e-05,0.15281957,0.82188857,0.00044234842
813,0.00023003836,0.003811859,0.02551457,0.0002863903,0.005471357,0.96413654,0.000549185
814,0.0007710921,0.00071915064,0.010231349,0.0002893293,0.1410626,0.84691495,1.151987e-05
815,0.29919755,0.27848577,0.27892283,0.080938935,0.013937496,0.047687124,0.0008302594
816,0.023264093,0.010221637,0.14161462,0.0033967556,0.61214125,0.2093372,2.4429655e-05
817,0.0016230703,0.016887018,0.14177765,0.024127763,0.021973224,0.79211867,0.0014926766
818,0.022422034,0.5289802,0.08481516,0.026869915,0.05130177,0.20262824,0.08298272
819,0.00041274395,0.0003738332,0.008627328,0.00015303405,0.010951035,0.9784414,0.0010405958
820,2.187671e-05,5.2408624e-05,0.00014879707,2.044738e-05,0.00025766678,0.9993424,0.0001563657
821,0.003088576,0.0055336365,0.08341194,0.002329328,0.18498826,0.7205903,5.7971833e-05
822,0.0005947553,0.00030387327,0.0022988166,7.741477e-06,0.06771186,0.92598814,0.0030948343
823,0.0016423977,0.0001720321,0.08144492,0.00019700832,0.1388809,0.7776312,3.1542168e-05
824,0.28102714,0.22926737,0.29925057,0.06940433,0.0233995,0.09657818,0.0010729071
825,0.011861007,0.2529636,0.038900368,0.08524465,0.0076240697,0.58916324,0.014243025
826,0.08100636,0.3167347,0.28446916,0.10279217,0.03709115,0.17599046,0.0019160091
827,0.02426839,0.030021884,0.10729733,0.004473222,0.20145088,0.6322854,0.00020288255
828,0.012949049,0.0036722526,0.014582096,0.00019396158,0.34315434,0.6246262,0.00082205463
829,0.0010683008,0.0004213755,0.12606663,0.00018254887,0.18264854,0.68908113,0.0005314421
830,0.04640955,0.00044021194,0.007151436,4.5346063e-05,0.9225893,0.023363596,5.039693e-07
831,0.00028470164,0.0022417363,0.005248911,0.00013013734,0.07942913,0.9113202,0.0013451579
832,1.7141618e-17,3.2240326e-12,1.0399209e-11,4.020184e-21,9.973825e-09,1.0,1.8106351e-11
833,2.2870967e-07,4.91372e-06,3.0190196e-05,1.2306819e-07,8.7597e-05,0.9998369,4.008865e-05
834,0.002517714,0.0053054527,0.5176869,0.0065637953,0.044934735,0.4228698,0.000121599754
835,0.0038153678,0.00091486686,0.024101542,0.0001610972,0.27970383,0.69119614,0.00010713461
836,0.0015188935,0.00040109307,0.10923726,0.00028037338,0.2510671,0.6372122,0.0002830376
837,0.0005031731,7.780528e-05,0.020359688,0.0013907637,0.00047814482,0.97718585,4.533261e-06
838,8.305759e-06,2.4759294e-07,0.0007090045,1.2570311e-07,0.03601266,0.96326137,8.275477e-06
839,0.012466686,0.003974908,0.0066768504,0.0005815017,0.067989774,0.90817076,0.00013945837
840,0.007221504,0.0051904363,0.4391968,0.0054432126,0.3536641,0.18923236,5.158712e-05
841,0.0004279287,0.0014204797,0.053436935,0.00043556435,0.15622786,0.7877216,0.00032972603
842,9.8163626e-05,0.024005812,0.0011609519,0.00029572315,0.0035436812,0.090587296,0.88030833
843,6.3707455e-05,4.225279e-05,0.002450816,9.327587e-05,0.0005152289,0.996799,3.56844e-05
844,1.0325226e-06,4.9960443e-05,0.002547,1.5647511e-06,0.22327599,0.18528248,0.5888419
845,0.0003268036,0.0029740517,0.005282677,3.97166e-05,0.118827544,0.8340123,0.03853693
846,0.0098523805,0.0005666083,0.009654197,1.7221382e-05,0.43053865,0.5489327,0.00043830197
847,0.00091644545,0.005062712,0.024038756,0.000602252,0.08537168,0.8829654,0.0010427769
848,0.24703087,0.0069922563,0.039370578,0.0014340626,0.665012,0.040157527,2.7959807e-06
849,0.06264036,0.0089139305,0.060039528,0.0015731109,0.6882675,0.17850879,5.678643e-05
850,1.5481238e-27,5.294688e-19,2.0363853e-18,8.776645e-34,2.680903e-13,1.0,2.4678266e-18
851,3.7052785e-06,2.0783946e-05,0.00016641713,1.86225e-06,0.00029063298,0.9993788,0.00013782669
852,0.01343505,0.00010764436,0.037435815,7.693105e-05,0.5973483,0.35159305,3.3718595e-06
853,0.0014224151,0.00012536313,0.015804881,0.00011774138,0.3285761,0.6539442,9.262807e-06
854,0.0011304333,0.010300804,0.023957003,0.0015955034,0.022387855,0.9371072,0.0035211986
855,0.042512134,0.0560921,0.040490158,0.039926313,0.1147542,0.7054866,0.0007384736
856,0.003490597,0.16454457,0.02610657,0.0056232964,0.021436289,0.7061072,0.072691515
857,0.0003729269,0.00014103761,0.024352174,7.686335e-05,0.04636486,0.928672,2.0103465e-05
858,1.8357671e-06,1.1505946e-05,3.552608e-05,5.8266155e-06,0.00011917776,0.9997861,3.9958974e-05
859,0.006015109,0.0007966202,0.043775816,0.00015306934,0.4003514,0.5488191,8.879968e-05
860,0.00082173926,0.0025413812,0.08733687,0.0004563662,0.26870754,0.6392963,0.0008398267
861,0.00022842019,3.6012745e-05,0.0030122509,1.2533241e-05,0.12604292,0.8706451,2.274022e-05
862,0.08324931,0.03466308,0.34276605,0.015884075,0.26411116,0.259227,9.940194e-05
863,0.0006938426,0.0010850951,0.0059561804,0.00049087737,0.036315866,0.9534965,0.0019615581
864,4.4949236e-05,3.7515467e-05,0.00094616617,1.5424357e-05,0.005466457,0.99338865,0.000100771955
865,0.29905707,0.08524422,0.2130671,0.05821367,0.14113915,0.20300281,0.00027596616
866,0.015443358,0.001539356,0.48246774,0.0014281208,0.27287865,0.226234,8.752076e-06
867,0.013895445,0.008944979,0.68877643,0.0065001296,0.07290352,0.20888233,9.715944e-05
868,0.022364892,0.03687008,0.11390486,0.005594128,0.19482496,0.625512,0.00092907046
869,1.3108709e-05,2.0272248e-05,0.00028076427,6.625152e-06,0.0031892436,0.9955805,0.000909495
870,3.6697267e-05,7.597116e-05,0.00078352785,8.213275e-05,0.0005318483,0.99841464,7.516545e-05
871,0.002750014,0.0011202195,0.023814322,2.744284e-05,0.8978584,0.07405237,0.00037724714
872,0.0042402986,0.010239371,0.68793964,0.004777372,0.13381931,0.15882753,0.0001564784
873,5.7584304e-10,7.530876e-07,9.345354e-07,7.1849593e-10,1.7592564e-06,0.999972,2.4663294e-05
874,0.00013517897,9.2872586e-05,0.0014102807,0.00013194355,0.0024677648,0.99568886,7.3131814e-05
875,0.004131711,0.002493068,0.107087664,0.001351988,0.09156202,0.793037,0.0003366205
876,0.0008551224,0.07875984,0.054786388,0.008574114,0.012567857,0.8353359,0.009120754
877,4.7172347e-17,1.10673935e-10,4.69884e-11,4.1658796e-19,6.2830496e-09,1.0,1.1086456e-09
878,0.0017675632,0.0012775577,0.13310798,0.00020961736,0.41534942,0.44608966,0.0021981772
879,0.016497679,0.70109975,0.011295543,0.01646364,0.0024839777,0.03787031,0.21428907
880,0.002639639,0.004878938,0.064406164,0.00079444767,0.04175118,0.88468415,0.00084551255
881,7.417702e-07,7.668432e-06,3.7911796e-05,6.3176262e-06,6.0080354e-05,0.9998274,5.9963295e-05
882,0.54315525,0.28039366,0.023609072,0.0343276,0.093595944,0.024768645,0.00014987314
883,0.00021532699,4.411964e-05,0.037719905,2.930736e-05,0.22966088,0.7323178,1.2659331e-05
884,0.0003684099,0.00041955613,0.011350261,5.992274e-05,0.07062724,0.91654915,0.00062555127
885,6.036774e-06,5.046973e-06,0.00024570376,6.2336636e-07,0.0014701566,0.9982622,1.0317922e-05
886,3.9110646e-12,1.7436736e-08,3.5098772e-08,2.7465847e-13,5.786933e-07,0.99999845,9.206356e-07
887,0.00035743104,1.5980497e-05,0.057321414,5.4032877e-05,0.026563419,0.91566914,1.8602732e-05
888,0.0063692103,0.0002322506,0.028275821,5.012765e-05,0.31141958,0.6535635,8.9571506e-05
889,1.1039925e-06,9.393759e-08,0.0006527443,1.344324e-07,0.06551866,0.933827,2.5154495e-07
890,2.3779902e-17,3.48201e-12,2.2702428e-12,1.5796266e-21,4.933742e-08,1.0,1.4578417e-11
891,2.8133181e-05,1.0089142e-05,0.012648802,3.9150027e-06,0.56886226,0.41838405,6.270173e-05
892,7.9028865e-07,7.967001e-06,5.5201723e-05,1.3000339e-06,4.3223583e-05,0.99976295,0.00012851565
893,8.023581e-05,2.2983604e-05,0.011449742,4.863794e-06,0.16557553,0.8228062,6.0465783e-05
894,1.7119983e-05,7.654109e-07,0.00061713223,4.886016e-06,0.0012760676,0.99808335,7.1762173e-07
895,6.903766e-39,2.9163545e-32,2.9346447e-25,0.0,3.5846757e-16,1.0,1.2634657e-33
896,0.0012685143,0.0002735281,0.06187021,0.0026034892,0.0045522507,0.9294025,2.9449642e-05
897,0.00038509394,0.00043592957,0.003101079,0.0028588525,0.0002816568,0.9928659,7.1540184e-05
898,0.0027196389,0.0010951447,0.38313422,0.0011521651,0.15369298,0.45818496,2.0994326e-05
899,0.20689309,0.24004298,0.043172568,0.063548006,0.038875375,0.4072805,0.000187497
900,0.010465658,0.0013073104,0.009000353,0.00010513409,0.71026325,0.268829,2.9331513e-05
901,0.001588736,9.330033e-05,0.31572366,0.0002055429,0.11055544,0.571822,1.13738e-05
902,0.001689208,0.003401053,0.031393044,0.0115222335,0.0021994237,0.94924855,0.0005466333
903,0.00014665001,8.1955495e-06,0.033110686,2.6158143e-05,0.013247097,0.95344853,1.276268e-05
904,3.619352e-26,7.5887183e-19,2.7572861e-17,3.2480466e-32,1.1965804e-12,1.0,3.603689e-18
905,1.1051219e-05,1.6401447e-05,9.114518e-05,1.265688e-05,0.00052501477,0.99931717,2.6571346e-05
906,0.010199493,0.00013379984,0.040363923,0.00024133634,0.54416,0.40488908,1.2352196e-05
907,0.0047680107,0.025133116,0.038278233,0.0008320761,0.064785354,0.7277292,0.13847406
908,1.3071228e-05,2.9197802e-06,0.0013890777,1.4657375e-06,0.052249838,0.94634145,2.1475712e-06
909,7.78353e-14,1.6029545e-09,2.510064e-09,4.3763654e-16,1.4503617e-07,0.9999999,3.4192875e-09
910,2.9742707e-05,0.01835623,0.0056921453,0.0010317017,0.00015650787,0.97349936,0.0012342779
911,1.6111478e-06,6.7760374e-07,0.00011199917,3.520003e-06,0.00011315912,0.9997675,1.4525859e-06
912,0.004804139,0.093221486,0.0027545444,0.011321071,0.0015194018,0.8856361,0.0007432941
913,1.6152124e-05,1.6911487e-08,0.0003019403,1.6200855e-09,0.9540525,0.04562932,1.3786205e-08
914,0.0032381474,0.0060007363,0.3028566,0.0048403447,0.29154202,0.38861826,0.0029039024
915,0.00033678417,0.001179418,0.001786892,2.1716909e-05,0.20957091,0.7864373,0.00066703494
916,0.2922987,0.3077901,0.05358065,0.031820413,0.13402137,0.1800705,0.00041823296
917,0.00034080475,7.5065545e-05,0.0037960373,1.37292445e-05,0.31035024,0.6853837,4.042518e-05
918,0.0014257143,0.033077043,0.022444865,0.001704778,0.002550359,0.38512558,0.55367166
919,0.00017649797,0.00062414125,0.0016188822,0.00014641827,0.0017202402,0.99509996,0.00061401667
920,0.00013770767,0.068464674,0.0011823887,0.00021494961,0.0028928646,0.2167731,0.7103343
921,0.0012934931,0.00020322709,0.003077148,3.8880673e-05,0.37303618,0.6223261,2.5023774e-05
922,0.14826526,0.20417182,0.22908047,0.03417578,0.065116644,0.31419265,0.0049973573
923,2.126025e-05,6.217521e-05,0.00052630843,0.00014988022,0.00015106582,0.9990005,8.880143e-05
924,0.0032825423,0.0044374103,0.043647148,0.0027842135,0.20222685,0.74303854,0.0005832574
925,2.7688815e-05,0.0001557605,0.12048445,4.460324e-05,0.63823783,0.2392746,0.00177505
926,0.0,9.017456e-36,9.890426e-33,0.0,1.9453099e-21,1.0,1.03783165e-35
927,0.011882347,0.009702117,0.040609024,0.0017543643,0.053247996,0.8819039,0.0009003306
928,0.0036108568,0.038143273,0.052762076,0.02730396,0.00012217772,0.8655638,0.0124939
929,0.45755094,0.10849761,0.3073403,0.04911352,0.019711796,0.057483546,0.00030237524
930,0.00047877923,7.772106e-05,0.0052911243,0.00039658102,0.0024067634,0.9913373,1.16733945e-05
931,3.644061e-37,3.7191895e-25,6.6948544e-25,0.0,4.4622543e-17,1.0,5.33842e-24
932,0.0811394,0.0049968236,0.31517082,0.0052830935,0.2776325,0.3157545,2.2939028e-05
933,0.0024017033,0.0006602802,0.06306841,0.00015173573,0.7591003,0.17461187,5.6443096e-06
934,0.34427685,0.3337248,0.08728797,0.10590956,0.012917197,0.11452336,0.0013602927
935,2.7547743e-05,2.0152822e-05,0.0023607402,1.1033255e-05,0.032332543,0.96522987,1.8079178e-05
936,0.07575125,0.0025783877,0.12291194,0.0010137534,0.6240547,0.17367896,1.1014861e-05
937,2.4054505e-05,3.160312e-06,0.0048195003,5.401922e-06,0.04955253,0.9455907,4.680314e-06
938,9.65207e-05,0.00030850648,0.001251234,0.0002505656,0.0008709875,0.9970092,0.00021292623
939,0.0027153299,0.005739945,0.6730792,0.003929319,0.013201697,0.30129322,4.1292496e-05
940,0.00015180928,0.0022299862,0.0015383918,9.973096e-05,0.004472743,0.9648215,0.026685808
941,2.5832433e-05,9.902309e-05,0.016606133,2.733298e-05,0.09221443,0.8806256,0.010401684
942,3.9900196e-06,4.1086383e-05,0.00025753817,1.4827719e-05,0.00013760188,0.9992704,0.00027465797
943,1.9135927e-11,7.34399e-08,6.018828e-08,4.5181706e-12,1.3412092e-06,0.9999975,9.977939e-07
944,0.0004970005,0.0029394554,0.0053860634,0.003103689,0.0014059332,0.9843911,0.0022768353
945,9.546413e-05,0.118858725,0.0046167444,0.0020546147,0.0033061032,0.50956756,0.3615008
946,9.527159e-05,1.9754943e-05,0.006384742,3.7721384e-06,0.19974573,0.79373175,1.8961524e-05
947,1.4094e-41,3.8038666e-29,9.4429e-28,0.0,1.5597731e-18,1.0,3.6697035e-28
948,5.528058e-06,0.00021034795,0.00047499302,1.1829415e-05,7.479823e-05,0.99761176,0.0016107585
949,0.048333135,0.78702015,0.018090984,0.02655461,0.0021190864,0.09780701,0.020075025
950,6.8143714e-07,1.0693523e-06,4.5935467e-05,7.587668e-07,0.00051294686,0.999419,1.9721396e-05
951,0.0018543121,0.00030701008,0.0707384,0.00014853233,0.21580379,0.7111323,1.5684287e-05
952,0.019921303,0.04341898,0.36561614,0.01029792,0.33747566,0.21618333,0.0070866635
953,0.0004738168,0.00023799547,0.058350377,0.00016147607,0.034103565,0.90656716,0.000105646315
954,1.9091094e-05,0.00010335953,0.0018474525,9.681011e-05,0.0011508112,0.9966112,0.00017124845
955,0.0,0.0,0.0,0.0,2.720683e-34,1.0,0.0
956,0.020866577,0.00027794632,0.019648336,7.178893e-05,0.39187133,0.5672109,5.307649e-05
957,0.010573193,0.014740328,0.42227766,0.0111884065,0.17575176,0.36540273,6.5909946e-05
958,2.7321576e-09,1.9762376e-06,4.456562e-06,1.06090825e-08,4.103722e-06,0.999933,5.638097e-05
959,0.00010967753,0.00011517083,0.0033636962,0.00020131888,0.0014542153,0.9946467,0.00010916943
960,1.6994215e-07,1.3984367e-05,3.203628e-05,1.3115127e-07,6.180085e-05,0.9994221,0.00046991746
961,0.00073321146,4.211782e-05,0.004963627,0.0002448098,0.0027696418,0.991245,1.6776166e-06
962,0.00020808761,0.00048660135,0.06082259,0.00037273543,0.041653566,0.89626104,0.00019537141
963,0.0002625666,1.046528e-05,0.042227633,1.7330387e-05,0.23140469,0.7260688,8.578485e-06
964,0.031952735,0.3183253,0.12537134,0.051891256,0.0050803674,0.4601589,0.007220072
965,0.00025276514,0.0002097748,0.030038552,0.00014985997,0.092632666,0.8748511,0.0018653292
966,0.0074801766,0.01912858,0.849922,0.008150968,0.030398676,0.0848576,6.194752e-05
967,6.3612606e-05,1.0460725e-06,0.035931803,5.6040008e-06,0.103403665,0.8605916,2.658066e-06
968,0.0002729359,2.2584827e-05,0.061692636,1.919951e-05,0.14794074,0.79003865,1.3188296e-05
969,0.0001334782,0.00052753603,0.04016311,0.00016188844,0.025477033,0.93272334,0.00081363966
970,0.0015686224,0.00014952141,0.0054662265,1.3313258e-05,0.630975,0.3617927,3.463295e-05
971,0.00039083505,0.0006022981,0.050915677,0.00018078744,0.12855288,0.81868345,0.0006741663
972,1.976262e-08,4.781654e-06,1.2077146e-06,6.4788477e-09,1.1805478e-05,0.99994445,3.7752463e-05
973,0.0004367018,0.00045058274,0.0023630043,4.949861e-05,0.081630744,0.91489685,0.00017257394
974,2.7455786e-05,0.00010835698,0.00018980753,0.00011319018,0.00062323216,0.99890184,3.6092566e-05
975,0.0008998764,9.500438e-06,0.0026554852,2.0520143e-05,0.01760204,0.97881204,5.9135306e-07
976,0.00010620909,0.00079079217,0.019464985,0.0001694732,0.033519693,0.9454157,0.00053310965
977,1.1611236e-08,1.8088942e-07,3.5966968e-06,1.0664818e-10,6.1770166e-05,0.9999343,8.015719e-08
978,0.004947969,0.00050311367,0.0058680996,0.0009307152,0.004335362,0.9834011,1.3582539e-05
979,4.909988e-09,1.7049417e-06,4.7576827e-06,2.487117e-09,1.582904e-05,0.99996746,1.0262238e-05
980,0.00022851187,6.931357e-05,0.00322665,0.0002880732,0.001555519,0.9946207,1.1188415e-05
981,0.00027361434,0.018517539,0.021464258,0.0026281623,0.008014987,0.94442874,0.004672598
982,0.00017018316,0.0001233329,0.010549313,2.3319217e-05,0.11055205,0.877754,0.0008277617
983,0.00037455134,0.0010819585,0.0068835476,4.9392853e-05,0.009165935,0.982105,0.00033951015
984,0.00018827152,9.595242e-06,0.005580118,4.1708918e-06,0.15839918,0.8357989,1.9741234e-05
985,1.0091555e-09,6.1955615e-07,9.8886595e-08,2.5776115e-10,7.4751088e-06,0.99998987,1.9164925e-06
986,2.1518796e-05,1.7180035e-05,0.00042375506,2.1145028e-05,0.0009906493,0.99849725,2.846216e-05
987,0.0,0.0,0.0,0.0,2.0507242e-30,1.0,0.0
988,0.00085603667,0.00016963716,0.02817036,3.337959e-05,0.27433962,0.6963895,4.153646e-05
989,0.0013232545,0.0014217808,0.009130935,0.0001780811,0.03619721,0.9513587,0.00039007296
990,0.0005130072,0.001374284,0.0030094357,0.0013313764,0.0043036705,0.9888488,0.00061956653
991,8.7344255e-05,0.00015658865,0.0027285034,0.0007125034,0.00013272712,0.99605787,0.00012442804
992,0.00045232073,7.9510726e-05,0.003801244,0.00036363784,0.002589662,0.9927048,8.774598e-06
993,6.457645e-06,1.189831e-05,0.0006022495,4.7811696e-05,6.970912e-05,0.9992441,1.7851653e-05
994,0.0307472,0.17427272,0.16399343,0.030602524,0.09705197,0.5016273,0.001704826
995,0.00059635844,7.2295414e-05,0.0006178258,8.987233e-05,0.001897996,0.996723,2.7851254e-06
996,0.08652456,0.10079861,0.056205112,0.031461343,0.056856822,0.66650176,0.0016517927
997,0.00017155313,0.00012573523,0.020109981,6.341536e-05,0.06546035,0.9140256,4.3399916e-05
998,0.0034149932,0.00091423286,0.06793912,0.0042567328,0.010798058,0.9126367,4.0256222e-05
999,0.015985208,0.16047639,0.06504742,0.043332968,0.03659143,0.67592865,0.0026379526
1000,0.000113474394,0.00018964768,0.058239855,9.659439e-05,0.029687664,0.9116325,4.0241004e-05
1001,0.00013205074,4.3917556e-05,0.051546637,0.00017348789,0.006425472,0.94165283,2.570469e-05
1002,5.9161886e-07,1.8689377e-06,0.0006035945,2.5011676e-08,0.94076353,0.049751498,0.0088789025
1003,0.0015196498,0.005163752,0.014391371,0.00038091955,0.0373264,0.93804204,0.0031759196
1004,0.1412623,0.004730961,0.49167386,0.0077705565,0.25096926,0.103591755,1.2200359e-06
1005,0.003948042,0.0009663843,0.03521247,8.7654684e-05,0.076873384,0.88255274,0.00035941842
1006,0.00063589413,0.00035442287,0.006396206,4.7210702e-05,0.10078631,0.89152783,0.0002520964
1007,5.8362264e-05,0.00018043742,0.0019044401,0.0002071412,0.0005381844,0.99699783,0.00011360765
1008,0.0010625259,0.0007158012,0.030726435,9.299548e-05,0.036529943,0.93066466,0.0002076634
1009,4.2489874e-09,6.923501e-06,1.1595207e-06,6.296645e-11,0.000100848665,0.9998851,5.986467e-06
1010,5.3610376e-05,2.4768828e-05,0.0019889856,4.9672268e-05,0.0077449773,0.990126,1.1954518e-05
1011,0.0005805241,0.00076675427,0.0050611664,0.00015950632,0.1324823,0.8608941,5.571171e-05
1012,0.0031078774,0.00018989331,0.01028611,3.453152e-05,0.4312781,0.55507195,3.154923e-05
1013,0.09021051,0.05927942,0.18663286,0.010602422,0.11372996,0.53899413,0.00055068807
1014,6.2607546e-07,3.314187e-05,5.7065794e-05,2.3643516e-07,0.0002713351,0.9995017,0.00013591794
1015,0.0033754578,0.00089125056,0.016046787,0.001996417,0.009366008,0.9682782,4.5847097e-05
1016,2.1286309e-05,6.372142e-05,0.0008525956,6.115356e-06,0.0013351322,0.9976889,3.2247324e-05
1017,3.687695e-07,1.0382122e-06,0.0015480344,1.3713319e-06,0.0018771541,0.99656796,3.916364e-06
1018,0.001040596,0.001443143,0.0029979798,0.0005661484,0.0032838907,0.9906562,1.2116162e-05
1019,0.022787562,0.015834652,0.6934442,0.006742881,0.14466245,0.11647105,5.7181624e-05
1020,8.255056e-20,7.92933e-14,2.8118783e-13,1.2868004e-23,5.101859e-10,1.0,2.6567997e-13
1021,2.7191965e-05,0.00016135686,0.01294172,4.575033e-06,0.88115674,0.07779402,0.027914412
1022,6.193141e-07,6.672391e-06,0.022645723,4.5835063e-06,0.295065,0.66508836,0.017189002
1023,8.85438e-06,5.0466906e-06,0.00022510544,6.300682e-07,0.032371674,0.9671312,0.0002574799
1024,0.275798,0.120692916,0.21723965,0.06817465,0.050520048,0.2668258,0.0007489594
1025,0.04158502,0.0052648936,0.02311805,0.0014710024,0.32428032,0.6042561,2.4674648e-05
1026,9.00153e-07,0.00011937652,0.00055001985,3.1895304e-06,7.060062e-05,0.99886286,0.00039304697
1027,0.00030815593,0.0002566913,0.003168054,0.0002538225,0.0070986087,0.98886347,5.119037e-05
1028,0.003966101,0.00029626169,0.031696476,0.0002074781,0.11141937,0.85229605,0.000118295386
1029,4.150933e-06,9.672723e-06,0.00092629425,2.0096636e-06,0.023963613,0.9750435,5.0838775e-05
1030,0.00026819983,0.00013250177,0.0065626362,0.0005933008,0.00086509367,0.99154496,3.343148e-05
1031,0.35309342,0.386688,0.11231403,0.09369741,0.012571677,0.040903997,0.00073153776
1032,0.07744432,0.007197079,0.0589043,0.00056304154,0.76907194,0.08679902,2.0327561e-05
1033,6.9317044e-05,0.0006899674,0.010517928,5.3381904e-05,0.023697129,0.9647869,0.00018543338
1034,0.0064558988,0.00083886244,0.18331671,0.0011898751,0.15944575,0.6485934,0.00015955738
1035,0.00021531283,0.00035311605,0.0012977413,0.00031395096,0.009993569,0.9877324,9.387333e-05
1036,1.6625388e-06,1.1051325e-06,0.0007288494,5.1297314e-07,0.004690565,0.9944094,0.00016802172
1037,0.00032549366,0.0029494273,0.43064502,0.0016732223,0.09320815,0.47102016,0.00017855577
1038,5.8143117e-09,2.2231707e-06,3.5235314e-06,9.2546626e-10,1.45711865e-05,0.999972,7.6249144e-06
1039,0.0061084526,0.00017749277,0.037782412,6.433588e-05,0.27109134,0.684686,8.99173e-05
1040,4.0786774e-05,5.039637e-05,0.0005790094,5.9891932e-05,0.0012992803,0.9979387,3.190333e-05
1041,3.4225809e-09,3.2892503e-06,1.9003337e-05,5.195599e-10,5.2694704e-05,0.9999231,1.8438973e-06
1042,6.18826e-05,5.9567587e-06,0.0012521336,3.1970993e-07,0.32879978,0.66971636,0.00016350778
1043,0.20961067,0.07717266,0.38890216,0.047599066,0.14003454,0.1364412,0.00023968922
1044,0.1931711,0.012440271,0.10857666,0.01170644,0.20752116,0.4665559,2.8560924e-05
1045,6.613182e-05,4.998113e-05,0.11938312,8.3598214e-05,0.018321995,0.8620907,4.5459988e-06
1046,0.1945415,0.19879574,0.24295259,0.075368725,0.015621089,0.27142122,0.0012991065
1047,0.0106866,0.017993543,0.5056755,0.016981117,0.08479104,0.3634521,0.00042009875
1048,0.12230637,0.047475286,0.08869156,0.012447548,0.2159632,0.5123801,0.00073599484
1049,0.013634077,0.28261518,0.20403548,0.04354971,0.0039074635,0.44400036,0.008257724
1050,0.016627261,0.28012,0.020330573,0.0098655885,0.02957043,0.619439,0.024047136
1051,0.041735608,0.237463,0.036166813,0.015331556,0.31534407,0.34893698,0.0050219446
1052,2.5847748e-05,1.3637286e-05,0.0127354,1.4867012e-05,0.09546002,0.89174104,9.170497e-06
1053,0.0807397,0.008142304,0.25359392,0.0055360957,0.42146632,0.23050648,1.5171902e-05
1054,2.1844694e-06,1.0536225e-05,0.00016991571,7.1021304e-06,0.00014417562,0.9994148,0.00025136452
1055,0.00047826345,0.0012759593,0.020993996,0.00025591638,0.05788625,0.91857594,0.00053375674
1056,0.00026522612,0.00013924096,0.0019301334,0.00022015882,0.0023963146,0.9950269,2.2045264e-05
1057,0.005839995,0.00071703945,0.09380809,0.0004856342,0.24386628,0.65527123,1.1738609e-05
1058,5.146322e-16,1.8241993e-11,1.0138805e-10,1.4782966e-18,9.09049e-09,1.0,6.2612464e-11
1059,0.00038134732,0.0133755505,0.007897413,0.0008814596,0.010365783,0.9625149,0.0045835995
1060,6.604259e-14,1.6681672e-09,1.4812385e-09,7.631345e-16,1.04233564e-07,0.9999999,1.8325085e-08
1061,3.156521e-05,1.315559e-05,0.0010217848,8.336817e-06,0.0045639444,0.9943482,1.3000451e-05
1062,0.0057127234,0.0018216677,0.02799256,0.00090426503,0.052552473,0.91095555,6.0740094e-05
1063,5.655347e-14,8.014176e-09,1.2238976e-09,1.0694068e-15,8.018813e-08,0.99999976,1.3584354e-07
1064,0.020852868,0.009859526,0.027325636,0.0030881632,0.5518454,0.38691333,0.00011507489
1065,1.9933645e-10,1.6894435e-07,2.8365258e-07,3.255835e-11,2.613094e-06,0.9999963,6.797221e-07
1066,0.012325272,0.007977953,0.08479077,0.0032059038,0.08105484,0.80519587,0.0054493863
1067,0.0037797256,0.039003648,0.046277918,0.005441559,0.04895036,0.84663254,0.009914206
1068,1.42297e-20,1.0130969e-15,6.8005545e-14,6.5467037e-26,3.8148604e-10,1.0,1.3105749e-15
1069,0.012875778,0.052635476,0.0037828046,0.0056859083,0.022033243,0.9025016,0.00048521525
1070,0.019887477,0.008871812,0.2067508,0.009097706,0.316127,0.43918407,8.115271e-05
1071,0.0059600603,0.020692592,0.13881907,0.0074990606,0.16857174,0.65834683,0.00011060155
1072,0.0033026864,0.0003625723,0.2643909,0.0004359407,0.15545025,0.5759867,7.09676e-05
1073,0.04862018,0.0024501353,0.3395308,0.0017150207,0.49042237,0.11725787,3.594063e-06
1074,0.42480323,0.09374195,0.22509065,0.03282327,0.14661904,0.07686537,5.6591478e-05
1075,0.0,8.37e-43,1.3961016e-36,0.0,2.1590334e-23,1.0,4.82e-43
1076,0.033254355,0.12994298,0.007094998,0.030549027,0.017895615,0.77983415,0.0014289435
1077,0.004165721,0.00014219926,0.021381287,4.3496566e-05,0.14089744,0.83316886,0.00020100662
1078,5.0177646e-06,5.138205e-07,0.00038951068,1.4450665e-06,0.0016638659,0.99793833,1.36759e-06
1079,2.5703719e-05,2.1319092e-05,0.001239833,4.6932495e-05,0.0017694226,0.99688965,7.184514e-06
1080,0.00011980613,5.3325602e-06,0.0074102134,2.2167096e-06,0.23477675,0.75767595,9.655926e-06
1081,3.8973867e-06,9.026492e-07,0.0035547675,3.8625546e-07,0.16805151,0.8283879,6.723572e-07
1082,6.789533e-07,7.471678e-07,4.1370055e-05,1.1389202e-06,0.00020541386,0.999744,6.676044e-06
1083,0.0015655519,0.00076420297,0.013436376,0.00043249773,0.090476766,0.8931163,0.00020833849
1084,0.0029486206,0.00010658801,0.11657079,0.00012550385,0.44292295,0.43732104,4.5227316e-06
1085,3.5504203e-05,0.0001917634,0.0006144202,0.0004942847,0.00027766035,0.99814177,0.00024454907
1086,3.3078725e-06,1.5485813e-05,0.00017495218,1.0053006e-05,0.00012336863,0.9995272,0.0001456249
1087,0.6181025,0.060490225,0.1681039,0.045473106,0.051937252,0.0558618,3.1127664e-05
1088,0.0,0.0,0.0,0.0,1.20396725e-32,1.0,0.0
1089,1.3136912e-18,1.6002945e-12,2.1206728e-12,3.0548953e-22,3.1228007e-09,1.0,1.2542309e-11
1090,0.014765266,0.03107626,0.71926534,0.012862609,0.016625613,0.20487891,0.00052601326
1091,0.034902204,0.006590944,0.31970024,0.025896985,0.023133561,0.58964884,0.00012721555
1092,6.397204e-05,4.86488e-05,0.037945077,0.00020556917,0.0030574063,0.95857733,0.00010195131
1093,7.837614e-05,2.711745e-05,0.0034295362,5.639822e-06,0.07215834,0.9240157,0.00028530956
1094,0.0,0.0,0.0,0.0,4e-45,1.0,0.0
1095,5.3742735e-08,1.6744868e-06,2.4904744e-05,5.588557e-10,0.0002554605,0.9997179,5.775825e-08
1096,0.0005829909,3.4016597e-05,0.03765659,1.4407931e-05,0.46208796,0.49957556,4.845747e-05
1097,0.0016311452,0.030995535,0.0050977496,0.008556487,0.03318329,0.91806334,0.002472486
1098,0.0017138772,0.013335952,0.16267186,0.004612992,0.044738986,0.7724527,0.00047365823
1099,0.0,7.88e-43,1.3275573e-37,0.0,2.3029207e-24,1.0,5.06e-43
1100,1.7402564e-05,4.716734e-06,0.00029153115,1.6497079e-05,0.0010497448,0.998618,1.9639897e-06
1101,0.21678865,0.15345713,0.16429837,0.016189115,0.14863658,0.2995227,0.0011074141
1102,0.004334897,0.01015574,0.038619403,0.0021990428,0.02956909,0.91340756,0.0017142226
1103,1.1287896e-13,1.3381976e-09,5.353306e-09,6.684445e-16,3.6554763e-07,0.99999964,4.2679704e-09
1104,0.0007701626,0.00073477556,0.043108713,0.00024507014,0.11324086,0.8418497,5.0657698e-05
1105,0.0030263327,0.19560531,0.04126177,0.0028961187,0.028666139,0.51660275,0.2119416
1106,5.7330304e-05,0.00012683297,0.00076248153,8.7485496e-05,0.0010791628,0.99773324,0.00015338787
1107,0.0042763436,0.00014349121,0.040371273,0.00030630233,0.24891368,0.70596427,2.4638164e-05
1108,0.3525498,0.034716442,0.1068151,0.1682267,0.01196517,0.32568398,4.28473e-05
1109,0.00020656198,6.793189e-05,0.037581563,4.6495617e-05,0.089518614,0.87253827,4.060284e-05
1110,0.18126246,0.04271518,0.09748936,0.004874616,0.17212752,0.50079894,0.00073197373
1111,0.031301837,0.050865185,0.094394766,0.007257526,0.0982384,0.7142692,0.003673007
1112,0.003906743,0.9448826,0.0053581162,0.015375224,0.00013192276,0.020763665,0.009581736
1113,2.7970453e-05,7.5019284e-06,0.0131888855,7.1059085e-06,0.05135751,0.93532217,8.890229e-05
1114,0.0,0.0,8.713994e-34,0.0,1.0920778e-21,1.0,0.0
1115,2.3528195e-21,1.6780942e-14,3.3372695e-14,4.4528496e-25,8.877733e-11,1.0,2.8063806e-13
1116,0.0002144953,0.0001415347,0.004895537,0.00023658836,0.0013619836,0.9930235,0.00012623786
1117,0.023734873,0.003471487,0.067611076,0.0009959441,0.293782,0.61021894,0.00018570495
1118,6.8172762e-06,1.1785903e-07,0.0009321846,7.27331e-08,0.27182284,0.72723794,9.3344674e-08
1119,0.0071660564,0.059453584,0.10493579,0.013861881,0.056419525,0.7574208,0.00074244617
1120,0.0007597006,0.020373974,0.016631806,0.006551271,0.0042371587,0.9457612,0.0056847828
1121,0.13108908,0.014081859,0.46431166,0.020814154,0.050420526,0.31919873,8.399462e-05
1122,5.0246574e-05,8.382707e-06,0.010879308,1.0983629e-05,0.03572548,0.9532816,4.397212e-05
1123,0.0029397306,0.002548577,0.13688487,0.0012198419,0.07637518,0.7798773,0.00015458337
1124,0.19512306,0.22391023,0.23255879,0.02984903,0.07032363,0.24683028,0.0014050002
1125,0.0003803695,0.0041984585,0.0074401326,0.0047156303,0.0001733329,0.98122036,0.0018717078
1126,0.010857557,0.62899643,0.023466228,0.01522633,0.054320946,0.22211802,0.045014538
1127,0.03009213,8.4989566e-05,0.06954634,0.00011822904,0.5207422,0.37941304,3.173008e-06
1128,0.00022844439,4.881611e-06,0.002835602,1.5408139e-07,0.91027635,0.08659238,6.224433e-05
1129,0.0057842433,0.0026807496,0.70610166,0.0014617662,0.065962985,0.21799868,9.95939e-06
1130,0.27780145,0.28653365,0.035427134,0.05906602,0.014884975,0.3246386,0.0016481744
1131,2.800677e-23,1.6632757e-15,6.8849374e-16,2.625772e-28,2.7939234e-11,1.0,3.3537775e-14
1132,1.2299533e-05,2.0881189e-05,0.00023021779,1.597525e-05,0.0005563144,0.9991468,1.758302e-05
1133,0.3752685,0.32611325,0.19973332,0.06385856,0.007147003,0.026361337,0.0015181242
1134,0.001896183,0.00020371098,0.023075188,9.773264e-05,0.15891561,0.8156125,0.0001991211
1135,9.619354e-06,5.1691623e-05,0.0015813254,3.0842468e-05,0.009179094,0.9891206,2.6831844e-05
1136,0.006974191,0.00056692003,0.059608653,0.00013177245,0.10907134,0.82347304,0.00017412918
1137,0.00013412618,3.3620145e-05,0.033767425,3.8431976e-05,0.08693734,0.8790492,3.981624e-05
1138,0.0004944781,0.0076919566,0.0013861166,0.00095615175,0.0006950121,0.98845136,0.0003249171
1139,0.068294875,0.003199732,0.23154315,0.00066636864,0.4565849,0.23969996,1.1042822e-05
1140,0.0034871094,0.0021388796,0.16207021,0.010943557,0.013127109,0.80815876,7.4412375e-05
1141,0.0034727915,0.002794581,0.1862277,0.020575425,0.0012909035,0.785441,0.00019768404
1142,0.055546455,0.10919666,0.13620679,0.016752837,0.038522974,0.6418165,0.001957758
1143,6.472075e-05,9.183063e-05,0.0009828963,3.8128695e-05,0.0041078134,0.9942023,0.00051222823
1144,0.000465509,7.0081835e-05,0.023940997,3.392182e-05,0.43860912,0.5368628,1.7596445e-05
1145,0.035968058,0.3224319,0.039724167,0.027973382,0.071455665,0.49584052,0.006606423
1146,0.0002575177,7.163465e-05,0.005432294,2.3234952e-05,0.040517353,0.9536248,7.3295596e-05
1147,7.154693e-05,0.000102768514,0.0028794573,1.561563e-05,0.027492017,0.9688465,0.0005921293
1148,0.0011561294,0.058192573,0.025047923,0.003162215,0.01549524,0.8660963,0.030849645
1149,0.007300501,2.4724295e-05,0.016954012,1.9442592e-05,0.66307783,0.31261486,8.6676955e-06
1150,8.6576e-41,1.7333262e-28,5.7582786e-27,0.0,6.8215305e-19,1.0,5.283972e-27
1151,0.21861193,0.5227618,0.011093609,0.016614387,0.19825567,0.031688914,0.00097371754
1152,0.00019232252,0.00011908676,0.0024411704,6.186509e-06,0.030504411,0.96647495,0.00026176524
1153,0.00023297331,0.00087863405,0.07192265,0.0007648855,0.027610157,0.89852464,6.606162e-05
1154,0.0008934056,0.0013270547,0.012438162,0.0013950692,0.0053253113,0.9784832,0.00013775604
1155,5.6543166e-05,9.8711076e-05,0.0030053172,2.4324574e-05,0.035220705,0.96152914,6.537041e-05
1156,0.00029432404,0.00068799825,0.0061104153,0.0002773261,0.0081221275,0.98415816,0.00034963147
1157,0.00017034727,2.4109904e-05,0.22617248,6.71009e-05,0.29026437,0.4833005,1.118417e-06
1158,7.069017e-05,6.0424092e-05,0.00031729665,7.955902e-05,0.00031388458,0.99914217,1.5983665e-05
1159,0.06641625,0.24900368,0.067099266,0.04081808,0.005672203,0.5655939,0.005396695
1160,1.2044115e-19,1.5948007e-12,2.946969e-13,3.2569593e-22,2.7890423e-10,1.0,7.918098e-11
1161,1.105061e-06,4.106953e-05,4.8962997e-05,3.1314832e-07,5.4538214e-05,0.99977154,8.242512e-05
1162,8.84359e-05,1.3689978e-05,0.0045415275,7.82685e-06,0.03878824,0.95648926,7.099664e-05
1163,6.715825e-05,2.0626027e-05,0.0038078688,1.4582587e-05,0.077249475,0.9188221,1.8209643e-05
1164,0.00018070526,0.0013880653,0.014754649,0.0006356059,0.0017995982,0.98118913,5.2215324e-05
1165,0.07813889,0.40127704,0.19182898,0.052420523,0.089747384,0.17726985,0.009317349
1166,0.0,4.7522016e-32,1.5482632e-30,0.0,1.913859e-20,1.0,6.8175353e-31
1167,0.08091412,0.08767435,0.04296184,0.010666569,0.20107935,0.57527304,0.0014307732
1168,0.0038856815,0.00032935297,0.0073240884,3.5187044e-05,0.6107474,0.37761554,6.274336e-05
1169,0.00011958588,3.484302e-05,0.0029871308,0.00028366738,0.00083925005,0.9957274,8.053328e-06
1170,0.078823045,0.54064107,0.05143515,0.05956259,0.00634507,0.24826027,0.014932863
1171,0.00030583073,0.00017027938,0.006141251,3.257559e-05,0.106328905,0.88684696,0.00017417884
1172,4.5660082e-07,1.1226184e-06,4.7436348e-05,7.338996e-07,0.00015010854,0.999744,5.6181507e-05
1173,0.00010333991,3.8294635e-05,0.02219573,4.0234714e-05,0.120081134,0.85752815,1.3073004e-05
1174,0.00015496342,0.000859583,0.0043331753,0.00037792517,0.0017803729,0.9880398,0.004454175
1175,2.7056058e-05,0.0001159367,0.0045119827,7.44043e-06,0.09069272,0.9037741,0.0008708033
1176,1.3577354e-05,2.140662e-06,0.0016573453,4.7269057e-07,0.13507582,0.86324203,8.530022e-06
1177,0.03125605,0.043276098,0.11655566,0.006739644,0.027089484,0.7710919,0.0039911387
1178,0.0042096386,0.006245708,0.8018158,0.0051943716,0.048292104,0.13420676,3.568063e-05
1179,1.626407e-05,0.0007140788,0.00047441502,1.9880792e-06,0.0035305985,0.99516135,0.00010128861
1180,0.0027532224,0.016594177,0.029911937,0.003929408,0.034597896,0.9118512,0.00036205354
1181,0.0,0.0,9.085e-42,0.0,2.3645093e-27,1.0,0.0
1182,5.6925964e-10,1.2861658e-06,5.2616224e-07,4.530419e-11,6.349752e-06,0.9999863,5.549058e-06
1183,4.2239033e-05,0.00012424431,0.0015927982,0.0008095715,0.000393351,0.99698204,5.5740427e-05
1184,0.000365907,0.000117566175,0.004615991,0.00023446407,0.0028772186,0.9917557,3.3173998e-05
1185,1.3112781e-05,1.1921459e-05,0.01661266,1.1901103e-05,0.037561942,0.9457713,1.713347e-05
1186,0.00040724553,0.00027249672,0.00423576,4.9551094e-05,0.03661868,0.958356,6.025616e-05
1187,0.0003854076,0.0013388848,0.003561981,0.0028907214,0.00021669052,0.99142516,0.00018106171
1188,8.559275e-06,7.5575284e-05,0.00057673646,5.8125574e-05,0.00035174543,0.9976548,0.0012744723
1189,2.547255e-38,2.5176382e-29,2.3861405e-25,0.0,2.7065056e-16,1.0,7.712356e-30
1190,0.00011713353,0.00014573027,0.00080039294,6.9996815e-05,0.0007284596,0.9980988,3.9521125e-05
1191,3.1978198e-11,3.0808604e-08,1.1590975e-07,4.650489e-13,4.3998034e-06,0.99999547,3.680421e-08
1192,0.00018165271,0.00042406286,0.032636065,0.00012088131,0.059982304,0.906453,0.0002020373
1193,0.027154597,0.009079119,0.35578698,0.021292727,0.017500924,0.568946,0.00023961926
1194,9.361152e-15,9.94728e-10,3.723974e-10,1.1652886e-16,2.0017675e-08,1.0,9.765665e-09
1195,0.00012999892,0.0004851383,0.0006075931,0.0008663244,0.0008788805,0.9969893,4.2829783e-05
1196,0.0,0.0,7e-45,0.0,8.2841036e-29,1.0,0.0
1197,2.7572477e-07,2.0221344e-07,2.5039777e-05,1.399706e-07,0.00035312588,0.99961877,2.4041842e-06
1198,4.1940172e-07,1.6976725e-05,0.006933599,1.4995824e-06,0.4743461,0.36226508,0.15643628
1199,0.006841929,0.005347366,0.3485616,0.0031319363,0.24206556,0.39400533,4.622318e-05
1200,0.15001611,0.086479306,0.06680411,0.010135618,0.3121133,0.37344864,0.0010028589
1201,0.00065356586,0.0017281178,0.045734636,0.00034485984,0.578448,0.35671654,0.01637433
1202,0.0009612551,0.00052536884,0.012165997,6.599365e-05,0.10419855,0.8812385,0.00084438926
1203,0.0144245345,0.026268696,0.058719035,0.05924794,0.0010473796,0.83905834,0.0012341152
1204,1.0482638e-05,3.1659401e-06,0.0009122722,7.299809e-07,0.056744676,0.9423253,3.4605146e-06
1205,4.7109014e-12,8.585546e-08,3.589379e-08,3.8810562e-13,7.07262e-07,0.9999987,4.3820182e-07
1206,0.010859494,0.01618418,0.044831794,0.00064265064,0.054620113,0.8691884,0.0036733467
1207,3.676143e-09,1.866848e-06,2.190808e-06,1.1048694e-09,1.2074521e-05,0.99995637,2.7477668e-05
1208,0.0041998844,0.0029530947,0.044305895,0.0005538938,0.3736327,0.57406276,0.00029171372
1209,0.043780144,0.71714044,0.046263594,0.036820497,0.0014104011,0.13563003,0.018954989
1210,0.005656007,0.008633948,0.052298747,0.002956866,0.10650913,0.8235782,0.000367155
1211,8.084694e-08,7.1789727e-06,2.5939084e-05,4.011394e-07,1.3438781e-05,0.99974006,0.00021294392
1212,0.013840811,0.0051009045,0.031428825,0.007571911,0.030794855,0.9111831,7.9653575e-05
1213,0.00012546987,7.6011755e-05,0.0006779959,1.2097135e-05,0.06467642,0.93439543,3.658391e-05
1214,2.7833286e-05,5.1318652e-06,0.0041074133,8.201964e-06,0.03139077,0.964456,4.5703864e-06
1215,1.224085e-16,6.0045004e-11,3.5331234e-11,1.2507905e-19,1.769987e-08,1.0,3.2615233e-10
1216,0.04710709,0.04648489,0.12975794,0.012364553,0.16884036,0.59345865,0.0019865476
1217,2.8080786e-24,7.281826e-16,1.7593036e-16,7.976745e-30,4.13466e-11,1.0,6.8677597e-15
1218,0.4880977,0.07421757,0.079139195,0.12712222,0.020614317,0.21070805,0.00010094846
1219,0.087644175,0.03162328,0.30498126,0.013424797,0.30948967,0.25280356,3.322642e-05
1220,1.2047522e-05,6.2259984e-05,0.00011286456,1.3783839e-05,0.00082755706,0.9985067,0.00046477607
1221,0.0,7.95e-43,2.874595e-38,0.0,1.871597e-24,1.0,1.677e-42
1222,7.2197225e-05,1.5672256e-05,0.0014861001,8.087869e-06,0.008139283,0.9902536,2.497748e-05
1223,0.0005267921,0.0006923195,0.048609514,0.0009653822,0.11848799,0.830701,1.7056867e-05
1224,5.61921e-05,2.8154403e-05,0.0004716601,4.138484e-05,0.0015000346,0.99788624,1.6296259e-05
1225,0.012128862,0.23344478,0.056266654,0.068393216,0.0014408504,0.6139218,0.014403843
1226,0.24807437,0.31045952,0.22214308,0.043481432,0.05721487,0.11443493,0.0041917833
1227,0.03212613,0.01801073,0.5997591,0.020210601,0.21015196,0.11966018,8.1326354e-05
1228,4.3500795e-06,2.0103582e-06,0.0002208446,2.806957e-06,0.0005693829,0.9991892,1.1331103e-05
1229,0.002477208,0.0002698988,0.043245938,0.00010304158,0.10616537,0.8476067,0.0001318382
1230,4.7165117e-06,1.7956412e-05,0.00043044108,8.868374e-06,0.02440359,0.97511995,1.4567919e-05
1231,3.5405789e-12,7.7108115e-09,2.7982656e-08,4.803969e-13,7.30904e-07,0.9999988,4.1633822e-07
1232,0.0032078107,0.0023925574,0.06091256,0.0015805351,0.051387932,0.879606,0.0009126414
1233,0.010469424,0.0014595182,0.20312592,0.0011627142,0.35708952,0.4266668,2.610797e-05
1234,0.007238747,0.0034599253,0.57955116,0.0018078791,0.20059045,0.2073196,3.222896e-05
1235,0.00013310603,0.0005800834,0.012629598,0.00013101853,0.17658763,0.809612,0.0003266028
1236,4.9710252e-05,0.00010091842,0.0030871804,0.00014981421,0.001082035,0.99528044,0.00024979073
1237,0.5635728,0.13879937,0.19200951,0.045130648,0.030204765,0.030031515,0.00025132275
1238,0.012530803,0.02276396,0.028103357,0.008372476,0.13074684,0.7971713,0.00031133278
1239,2.3701548e-05,9.274674e-05,0.00062565884,4.1907373e-05,0.0024044279,0.9962941,0.00051737286
1240,0.07122639,0.016602183,0.5476702,0.022319514,0.046756163,0.2953491,7.649796e-05
1241,0.0011546977,9.801796e-05,0.033653434,7.437716e-05,0.15071398,0.81425846,4.70486e-05
1242,0.000107390726,0.00039670395,0.023386616,6.211186e-05,0.055254187,0.9206068,0.00018619944
1243,2.8500332e-05,8.906162e-05,0.006904755,2.375816e-05,0.036756735,0.9550464,0.0011507956
1244,0.0010116805,0.073826835,0.018950665,0.0053928485,0.010163244,0.51466924,0.37598553
1245,0.0014794877,0.0047467705,0.017543286,0.0008862229,0.018291933,0.95582557,0.0012267783
1246,0.0029030554,0.0011923652,0.014337704,7.488396e-05,0.168854,0.8118305,0.0008074828
1247,1.0742108e-06,7.6737444e-07,0.00015915524,2.736582e-06,0.00014111081,0.99969375,1.4258287e-06
1248,6.547382e-06,5.282255e-06,0.00039534754,3.5081623e-06,0.002006255,0.9975387,4.4403e-05
1249,0.00064406544,0.00019324267,0.014038815,3.3710654e-05,0.052362144,0.9324594,0.00026871133
1250,0.00024204577,0.0010645728,0.009149957,0.005226327,8.93816e-05,0.9836864,0.00054129795
1251,7.758174e-06,1.922284e-06,0.00019043348,5.7344587e-06,0.0002526404,0.9995407,8.442322e-07
1252,2.9236934e-18,3.8420937e-12,2.5410483e-12,5.7347967e-21,1.5596939e-09,1.0,1.9194986e-10
1253,2.1637189e-07,0.00013918975,5.4033142e-05,4.039361e-07,0.009099743,0.034887277,0.95581925
1254,1.830937e-06,1.35662085e-05,0.00015877718,3.9117564e-05,0.00012439575,0.9996063,5.5993736e-05
1255,0.017522156,7.896441e-05,0.009514676,7.273074e-06,0.9090829,0.06378915,4.850659e-06
1256,0.0025198513,0.0013679494,0.25613922,0.0009636584,0.18834566,0.5506253,3.8371272e-05
1257,0.022858316,0.013241395,0.046282854,0.0034248242,0.1800597,0.7339289,0.000203972
1258,1.3327597e-20,1.1842096e-14,8.425078e-14,1.6432887e-24,2.2260797e-10,1.0,5.049523e-14
1259,3.6340015e-08,6.6847615e-06,8.429644e-06,3.3542864e-08,0.00013708023,0.9997787,6.908403e-05
1260,0.0015132861,0.08558333,0.043700963,0.011574795,0.022693947,0.8262802,0.008653468
1261,3.1673396e-32,5.9068844e-24,3.0009794e-21,6.246e-41,3.9191367e-15,1.0,5.6996096e-24
1262,2.560494e-07,0.00038594505,3.9333365e-05,4.396694e-06,0.000118886186,0.086678654,0.91277254
1263,0.16864546,0.49024984,0.14006329,0.0634054,0.0025686382,0.112970494,0.022096828
1264,0.023408143,0.01977025,0.63943154,0.0062217857,0.21865004,0.09250354,1.4743759e-05
1265,1.4260715e-06,1.8450849e-06,7.4849515e-05,1.4491949e-06,0.0007133504,0.9991911,1.6023734e-05
1266,2.1683823e-05,2.373408e-05,0.00021875193,1.3005598e-05,0.0012800078,0.99837154,7.139646e-05
1267,0.09488329,0.40632743,0.008533175,0.0037896656,0.42785692,0.055550512,0.0030589716
1268,0.020327345,0.055604734,0.6160277,0.025938012,0.041940693,0.24001001,0.00015152985
1269,0.00014187144,0.0008402419,0.012277599,2.7354325e-05,0.22416611,0.48698878,0.275558
1270,0.00048712167,0.00011205363,0.15919532,0.00014496794,0.1522853,0.6877521,2.3121347e-05
1271,6.474667e-06,6.818346e-06,0.00017139463,1.34158845e-05,0.00019361361,0.9995989,9.333413e-06
1272,0.0020721867,0.00033400857,0.0033899953,7.8671656e-05,0.061513525,0.9323924,0.00021915013
1273,0.006385253,0.00097298966,0.069675565,0.00071572163,0.08769895,0.83438754,0.00016395136
1274,0.0072635235,0.07815111,0.03166258,0.0064854636,0.07620416,0.7868541,0.013379044
1275,2.7110495e-05,0.00010105196,0.030116605,7.365806e-05,0.033733312,0.9354224,0.00052577676
1276,0.00022707382,0.0005302994,0.019533738,0.00022040824,0.038850117,0.938545,0.002093344
1277,0.022472426,0.083437964,0.3226587,0.020333895,0.0651662,0.4852811,0.00064968725
1278,0.00031896454,0.00017443346,0.022817755,0.0002370126,0.036233947,0.9401979,2.006108e-05
1279,0.00067194854,1.5694457e-05,0.0176315,9.739234e-06,0.49064943,0.4909243,9.747248e-05
1280,0.0,1.0724811e-34,7.747793e-32,0.0,1.2093787e-20,1.0,6.4839465e-34
1281,0.5397889,0.01495363,0.095203,0.0022232574,0.31357315,0.034249313,8.719231e-06
1282,0.00024250457,7.789741e-05,0.0020340492,4.4476135e-05,0.0038542256,0.993509,0.00023777735
1283,1.3169624e-06,3.6231086e-05,0.0001760176,7.753323e-06,4.623207e-05,0.9994217,0.00031080467
1284,0.00039694156,8.458e-05,0.0013783863,1.5729043e-05,0.050741334,0.9473642,1.8840215e-05
1285,4.2531593e-11,2.6669397e-08,1.198703e-07,4.0682786e-13,5.740901e-06,0.9999939,1.8474628e-07
1286,0.00017817729,5.9386757e-06,0.01914693,1.4429847e-05,0.10279995,0.8777754,7.916951e-05
1287,0.0021334884,0.0051910835,0.014255257,0.0011639436,0.1335306,0.8434652,0.0002604853
1288,1.8599223e-19,3.301557e-13,7.4653624e-13,4.6055912e-23,6.268874e-10,1.0,3.3692905e-12
1289,0.0006877078,0.19732344,0.02660676,0.013709473,0.0049661156,0.66915905,0.08754736
1290,0.15419841,0.06375333,0.51113296,0.035420746,0.06106067,0.17418133,0.00025255216
1291,6.4426745e-06,1.9948018e-05,0.0003039052,3.0949413e-05,0.00017816087,0.99942917,3.1472915e-05
1292,6.0117377e-06,1.3807065e-05,0.00039117187,2.054839e-05,0.00011924812,0.9994017,4.757311e-05
1293,4.1086245e-12,4.6237156e-09,3.0857873e-08,4.9242074e-14,9.122745e-07,0.9999989,8.7034024e-08
1294,4.9843722e-05,0.00010950326,0.0012320997,0.00022978285,0.0005531846,0.9977596,6.598374e-05
1295,0.00080927595,0.00012366178,0.014378068,0.0001746229,0.030979225,0.95351607,1.907439e-05
1296,5.880272e-06,1.6793011e-06,0.00017122281,6.3657285e-06,0.00021599184,0.99959725,1.6465692e-06
1297,0.047971036,0.0047508134,0.08514248,0.0015067057,0.8064465,0.05417342,9.0129915e-06
1298,0.0009772922,8.092793e-05,0.3107103,0.0001751187,0.12279989,0.565244,1.2436993e-05
1299,9.643854e-06,0.00012150251,0.00010601207,2.2919537e-06,0.00028029855,0.99893326,0.0005470693
1300,1.5014964e-05,2.2749055e-06,0.00046423788,7.5587586e-06,0.0010126488,0.99849546,2.7399935e-06
1301,2.0239919e-35,9.421331e-24,7.891239e-24,3e-44,1.3184167e-16,1.0,8.163041e-23
1302,0.00037620723,9.552945e-05,0.040768094,0.00010783041,0.18150622,0.7771387,7.3542055e-06
1303,3.1422631e-12,4.6711566e-08,3.6880213e-08,1.0902121e-12,2.1831359e-07,0.99999845,1.3221685e-06
1304,0.30734596,0.045411803,0.19015245,0.0162702,0.2507618,0.18999663,6.1109335e-05
1305,0.00017273647,1.714873e-05,0.007114407,9.112981e-06,0.31903595,0.6736377,1.2966941e-05
1306,0.008670307,0.03834886,0.09235285,0.009975347,0.09475474,0.75179046,0.0041074124
1307,0.01891551,0.021071723,0.09244646,0.0014690564,0.089478515,0.7760495,0.00056915503
1308,0.2390841,0.22626354,0.15602352,0.0754389,0.14020395,0.16178727,0.0011986659
1309,0.00044685428,1.766282e-05,0.050644144,1.0899518e-05,0.3518375,0.59703916,3.7999891e-06
1310,0.0023786852,3.3906577e-05,0.06452185,2.7604836e-05,0.37839386,0.5546011,4.298895e-05
1311,2.3537162e-37,2.7647726e-26,1.2876394e-24,0.0,1.9345769e-16,1.0,1.5126893e-26
1312,0.012362072,0.69837254,0.0066785244,0.0455833,0.00068480894,0.22857745,0.0077412897
1313,0.40763947,0.030760864,0.16156127,0.021441456,0.2906109,0.08797004,1.6032976e-05
1314,1.1094325e-05,1.9107447e-06,0.00034478525,6.291267e-06,0.0005595761,0.99907047,5.922003e-06
1315,0.15980421,0.3562268,0.08693186,0.16362481,0.0032799002,0.22117683,0.008955549
1316,2.970448e-05,4.649927e-06,0.0018880931,1.8395132e-05,0.0010051198,0.9970488,5.2183505e-06
1317,0.49381492,0.2727646,0.108860426,0.0649872,0.019402198,0.039496493,0.0006741785
1318,6.0395945e-05,3.8526487e-06,0.003939212,3.387854e-05,0.0036174136,0.9923443,9.4979094e-07
1319,2.6908785e-05,8.067387e-06,0.0012848652,2.2026422e-06,0.054748647,0.94389266,3.659333e-05
1320,5.8483594e-05,0.00015886789,0.09354083,7.856097e-05,0.107386895,0.7985211,0.00025530506
1321,0.34675762,0.1946514,0.29827544,0.046883274,0.04657122,0.06621175,0.0006492504
1322,0.00633055,0.0011478371,0.021724602,7.7717494e-05,0.75138116,0.2193335,4.6191253e-06
1323,6.10484e-05,1.3006633e-05,0.001040559,3.8236714e-05,0.002872648,0.9959726,1.8758518e-06
1324,4.0716403e-21,3.0934318e-13,6.580169e-14,4.5296216e-24,7.9685494e-11,1.0,3.7309253e-11
1325,0.0682564,0.478692,0.20721143,0.066273615,0.010711088,0.1645603,0.0042952597
1326,0.028189601,0.10080562,0.32194564,0.054688416,0.040038917,0.45336896,0.0009629455
1327,6.278218e-29,6.350318e-19,8.798531e-20,1.4643925e-35,1.2189543e-13,1.0,5.9455823e-18
1328,6.6484806e-13,5.978392e-08,6.0212115e-09,1.4979432e-13,1.00335434e-07,0.99999726,2.5518218e-06
1329,0.0013396394,0.0059014694,0.040844716,0.0005752493,0.04872158,0.9008365,0.0017806742
1330,0.11125263,0.5910095,0.083257325,0.087142006,0.00051502156,0.09228238,0.034541167
1331,0.6072164,0.12990212,0.15294206,0.039631184,0.043860953,0.026337774,0.00010946345
1332,6.452708e-07,1.0220997e-05,4.6169378e-05,9.6297164e-08,0.00011159417,0.9998222,9.025178e-06
1333,2.0532203e-05,7.683713e-05,0.00051526004,0.0001693351,4.6033543e-05,0.9991135,5.847568e-05
1334,0.0018905653,0.0042242142,0.0008627643,0.00088680786,0.0035175143,0.9885046,0.000113539005
1335,3.6078584e-17,1.3335077e-12,5.7973344e-12,3.671201e-21,2.3275092e-08,1.0,1.2661641e-12
1336,1.03e-42,2.4322662e-32,9.710814e-28,0.0,1.4723761e-18,1.0,4.9586536e-32
1337,0.00029369377,0.00025281069,0.0011398554,0.00020230083,0.011109196,0.98698074,2.1360796e-05
1338,0.0002372875,0.012128022,0.0063072457,0.0006703244,0.016777012,0.95851433,0.005365785
1339,3.541457e-05,5.8719732e-05,0.0028624304,3.942316e-05,0.06944727,0.9275262,3.0546744e-05
1340,2.0086802e-07,1.7674265e-05,1.6334274e-05,7.8710954e-08,3.1176336e-05,0.9998659,6.858523e-05
1341,0.0008935718,0.0011689811,0.2586205,0.0010704855,0.16552532,0.5726236,9.75631e-05
1342,5.8469254e-06,2.7542405e-06,0.004838165,3.5004439e-06,0.036842294,0.9582879,1.9554282e-05
1343,9.193303e-06,1.2271757e-07,0.00017197012,1.0068473e-07,0.015936172,0.98388183,5.8554315e-07
1344,0.07218227,0.028254667,0.3048218,0.017065467,0.19721194,0.38018486,0.0002790061
1345,0.00018774031,0.00011112622,0.04955332,0.00018005665,0.35328686,0.59657806,0.00010277044
1346,0.00013254398,8.768479e-05,0.0143623585,0.00021537085,0.029677264,0.9555001,2.4623921e-05
1347,2.6517506e-07,2.4396445e-06,0.0003890696,0.00013531624,4.3312343e-06,0.99944705,2.1607178e-05
1348,0.0020508403,0.011615134,0.1609661,0.006186007,0.059073225,0.7597867,0.00032188868
1349,7.016291e-05,2.2039906e-06,0.0032035932,2.596461e-07,0.7877052,0.20900509,1.3571148e-05
1350,0.00018799584,3.6581085e-05,0.009279057,1.8827239e-05,0.19527048,0.7951808,2.6192885e-05
1351,1.1938575e-06,1.6165606e-06,0.000119305514,2.8331533e-06,0.00013439874,0.99973303,7.5084154e-06
1352,5.242744e-05,8.802719e-06,0.0009990216,5.3963628e-05,0.00064384204,0.9982388,3.2245148e-06
1353,3.308714e-06,0.001441439,0.00057875057,7.858519e-05,0.0066974135,0.9787998,0.012400707
1354,8.314175e-05,3.175294e-05,0.0025668037,7.675401e-06,0.08267934,0.9146091,2.2307135e-05
1355,2.8702715e-07,6.7122875e-07,1.2987938e-05,1.2146427e-07,0.00020615781,0.9997781,1.630211e-06
1356,0.113682784,0.14824417,0.4294213,0.042090677,0.0154881645,0.2489119,0.0021609077
1357,0.00048550445,0.00036753202,0.066090345,0.00014284406,0.19799887,0.7348714,4.3558328e-05
1358,0.0012509748,0.003854288,0.09152031,0.006113215,0.0023047742,0.89210874,0.00284775
1359,9.940005e-05,2.2125278e-05,0.0008712919,4.5083983e-05,0.0008241886,0.9981261,1.178583e-05
1360,0.0020685236,0.0032980964,0.040537063,0.00175341,0.023337267,0.92861426,0.0003914346
1361,0.16904335,0.0071541956,0.028408047,0.00042321222,0.75325,0.0416918,2.9396595e-05
1362,2.0541795e-12,9.0957203e-10,1.0689374e-08,1.373945e-14,3.1895948e-07,0.99999964,8.179707e-10
1363,0.0041575492,0.0016235566,0.009769417,0.0014541827,0.3232864,0.6596936,1.5268419e-05
1364,5.611366e-09,9.866347e-06,3.9504944e-06,9.822605e-10,2.2969258e-05,0.99993956,2.3623688e-05
1365,0.010363588,0.02069701,0.2549696,0.004401149,0.14899865,0.560175,0.00039501398
1366,0.0053287446,0.031697772,0.5655572,0.00695994,0.02918752,0.36117733,9.150225e-05
1367,0.0016081828,0.00067600404,0.0049609076,6.529801e-05,0.40896854,0.5836549,6.616174e-05
1368,0.12598665,0.2546778,0.058103215,0.03354891,0.10061956,0.42025748,0.006806323
1369,0.0,2.5e-44,1.6511441e-38,0.0,1.8023432e-24,1.0,3.4e-44
1370,0.0037928638,0.00018352595,0.056712355,0.00011925054,0.44783187,0.4913478,1.2330665e-05
1371,0.00040444257,0.0030598794,0.04681915,0.00039014244,0.19036196,0.757407,0.0015574564
1372,0.051364645,0.041072946,0.32979205,0.025734866,0.15301919,0.39880592,0.00021038644
1373,4.2548663e-06,4.2571914e-06,0.00032644323,7.2848807e-06,0.00026234402,0.99939036,5.070953e-06
1374,0.0027813332,0.00078633724,0.0028217752,8.992547e-05,0.20041855,0.7930796,2.2422613e-05
1375,3.0679297e-05,1.7682592e-05,0.0017730077,4.274505e-06,0.15278184,0.84538215,1.0426115e-05
1376,9.181918e-07,3.4998932e-06,3.8129434e-05,2.0025643e-06,0.00024857707,0.9996723,3.460611e-05
1377,0.0007038795,0.0046470966,0.032379437,0.00022152977,0.07517792,0.88591766,0.00095240655
1378,0.0007554367,0.00030201362,0.20733157,0.00022466427,0.3342832,0.45709747,5.6422823e-06
1379,1.2926815e-05,2.2888885e-06,0.012044218,4.9404694e-06,0.016812114,0.9711149,8.563828e-06
1380,0.11448235,0.016382534,0.060459513,0.12124576,0.0054242546,0.6819556,5.0089253e-05
1381,0.00034472448,0.000778722,0.035867922,0.00019077452,0.0801719,0.8820244,0.00062156667
1382,1.8129276e-06,3.1364339e-06,0.00011661565,3.680379e-06,0.00014231501,0.9997179,1.4537161e-05
1383,1.4046567e-06,8.290644e-07,0.00010382318,2.6406374e-06,0.00013511801,0.9997547,1.4835409e-06
1384,0.02520454,0.02145469,0.58366024,0.014270848,0.098312885,0.25693262,0.0001642274
1385,0.10892029,0.3237308,0.15712835,0.047158156,0.12533504,0.23692113,0.00080625084
1386,0.030692196,0.0894253,0.05673371,0.038642544,0.009898685,0.76536053,0.009247034
1387,0.0005002591,0.0010413049,0.035605717,0.00036129466,0.017620288,0.94466096,0.00021022894
1388,0.0006275164,5.8897647e-05,0.068789445,7.136015e-05,0.22785716,0.70257175,2.3927447e-05
1389,3.4797508e-06,2.106366e-05,0.00013131247,3.859611e-05,0.00015924747,0.99961495,3.1289186e-05
1390,9.971079e-05,8.860422e-05,0.008612758,4.5988356e-05,0.12114432,0.8699917,1.6946866e-05
1391,0.009035865,0.0005304115,0.034272544,0.00017490321,0.34429318,0.6116433,4.9716193e-05
1392,0.005393132,0.029953862,0.00974219,0.0007549764,0.25412372,0.6949073,0.0051248334
1393,0.0055648657,0.010955532,0.39818424,0.006163441,0.19604905,0.3817322,0.0013506964
1394,0.0005823997,0.00075816567,0.0014692716,0.00018200105,0.037115842,0.9598396,5.2746458e-05
1395,1.3622289e-05,2.6788457e-05,0.0001959083,1.535598e-05,0.0006872318,0.9988675,0.00019364215
1396,0.00563263,0.0010032788,0.012198419,0.021797178,0.001885833,0.9574754,7.1449076e-06
1397,0.0003848393,0.000185263,0.013720135,0.00041944406,0.0103585655,0.974857,7.4847085e-05
1398,0.0006900559,0.0008898939,0.01963987,0.00030326433,0.115885906,0.8622435,0.0003475563
1399,3.531886e-06,5.981046e-07,0.00026917722,2.1454766e-06,0.00049600645,0.99922776,8.2472644e-07
1400,0.00023951201,0.0005780092,0.004936938,0.0012022312,0.0015940514,0.99132735,0.00012199094
1401,0.00035355706,0.00017712996,0.12890159,0.00011058166,0.13740556,0.73298675,6.4879525e-05
1402,2.1447488e-05,1.0675015e-05,0.007477661,7.321244e-06,0.056378473,0.93604124,6.303562e-05
1403,0.0009353566,0.0019843976,0.055216692,0.0009724222,0.11378258,0.82611597,0.0009926381
1404,8.489316e-05,3.3290227e-05,0.0022702753,1.1185956e-05,0.06380189,0.93377405,2.44949e-05
1405,3.4581823e-05,0.0013385168,0.009705124,8.2352264e-05,0.049739145,0.93898684,0.000113381
1406,4.751664e-22,1.1422395e-17,4.1223383e-14,6.859889e-27,6.055358e-11,1.0,8.0909505e-18
1407,3.2362288e-13,8.207811e-09,2.2114592e-09,3.0820264e-15,1.5430818e-07,0.99999976,3.3064296e-08
1408,6.094517e-05,0.00021074599,0.0007238547,0.0011991676,0.0001493676,0.9976053,5.0642986e-05
1409,6.1609e-05,5.3694907e-06,0.0008727414,2.009798e-05,0.0014995044,0.9975393,1.3961237e-06
1410,0.0043851673,0.00412223,0.05313419,0.0015888787,0.5097776,0.42685986,0.00013204379
1411,4.1268622e-25,8.143498e-18,2.9472795e-16,4.5839104e-30,3.2571994e-12,1.0,2.662716e-16
1412,0.022653675,0.7997049,0.024304245,0.037002716,0.00019614935,0.08942389,0.026714372
1413,9.294032e-05,0.0003365695,0.02309322,8.746236e-05,0.009727605,0.96649474,0.00016752374
1414,7.888782e-09,6.3286275e-06,3.409737e-06,5.17714e-10,4.3959935e-05,0.99993646,9.785289e-06
1415,0.04244413,0.14082728,0.24442618,0.029429842,0.09812652,0.43088648,0.013859482
1416,0.00045755628,0.0012789275,0.0014202205,0.00045162265,0.0011573597,0.9951697,6.4625514e-05
1417,5.582998e-16,7.014403e-11,1.9255552e-11,4.855137e-20,9.097189e-08,0.9999999,1.0864286e-10
1418,2.0760338e-06,3.3643202e-05,0.0001337649,3.078483e-05,5.5830154e-05,0.9993548,0.0003892595
1419,1.041202e-05,0.0007295868,0.005562947,3.2493575e-05,0.113661475,0.8506773,0.029325739
1420,1.5432135e-05,1.02843915e-05,0.00018433465,1.2721886e-06,0.040171657,0.9596037,1.3291665e-05
1421,1.669524e-05,0.04155792,0.0024543807,0.00040425186,0.0056369957,0.39271584,0.55721384
1422,0.57537466,0.042117804,0.098724276,0.032883544,0.19040799,0.060478486,1.3284194e-05
1423,0.018226514,0.0012107241,0.026371865,0.0002293659,0.31390664,0.6397649,0.00029005492
1424,1.2414716e-22,6.2684e-16,9.321065e-15,1.3925496e-27,7.765541e-11,1.0,4.7046416e-15
1425,0.00027363436,0.0011393776,0.0016882895,0.0002517621,0.00499662,0.990716,0.0009343599
1426,1.8804052e-05,0.00036310893,0.00034084654,3.9938535e-05,0.00012736893,0.99616516,0.0029447959
1427,3.1442037e-06,6.959438e-05,0.00022870251,4.505325e-06,0.00021933028,0.99929035,0.00018433668
1428,0.00024806024,1.8021114e-05,0.02565326,5.751356e-05,0.013551454,0.96046144,1.0261161e-05
1429,1.1535766e-05,4.3614127e-06,0.0035383403,2.5708569e-06,0.018742202,0.97765315,4.796706e-05
1430,0.012303921,0.008042048,0.12795167,0.0040368903,0.20455833,0.6421617,0.00094542507
1431,2.5778809e-06,7.706891e-06,0.0011721329,1.0035554e-06,0.08576012,0.91285163,0.00020482512
1432,0.48948088,0.036280777,0.13598995,0.122628674,0.015642835,0.19994296,3.3849614e-05
1433,0.03357696,0.0030641728,0.0942874,0.0011745429,0.4388593,0.42897257,6.498853e-05
1434,0.002760097,0.00025196196,0.103177726,0.00030419233,0.3470042,0.546475,2.6783136e-05
1435,0.0003303969,0.0007420169,0.0036986861,0.0003932692,0.006109759,0.98616636,0.0025595957
1436,2.6584362e-06,2.9137602e-06,0.00016008245,1.9781896e-06,0.0003948462,0.9994117,2.5796902e-05
1437,0.0017453353,0.0010977311,0.019927455,0.00021732783,0.08785863,0.888999,0.00015451956
1438,5.7615365e-05,2.3673258e-05,0.004723805,9.639814e-06,0.06364827,0.93149954,3.7446516e-05
1439,1.2310076e-21,2.9512203e-14,1.5639112e-14,5.4472374e-26,8.0401824e-11,1.0,1.10010396e-13
1440,1.9899407e-09,2.9448913e-07,2.3411653e-06,3.5788564e-10,6.238572e-06,0.9999896,1.5003648e-06
1441,0.1369104,0.4905621,0.15812474,0.087824956,0.014930696,0.10509991,0.006547234
1442,4.864703e-05,8.3410036e-05,0.001161278,0.00012672214,0.0017701036,0.99677116,3.8706276e-05
1443,0.00014040575,4.744557e-05,0.0020638201,1.7553188e-05,0.022960033,0.9747063,6.4528365e-05
1444,3.436212e-07,1.9236995e-06,2.9100689e-05,1.0287565e-06,0.00017460648,0.9997255,6.747651e-05
1445,0.0015620986,0.0024813518,0.0051131663,0.00011434275,0.038123943,0.94941944,0.0031856934
1446,0.030464543,0.020889185,0.12536234,0.015321388,0.020327857,0.7853409,0.002293715
1447,0.0003823459,0.0002362032,0.19407274,0.00036542394,0.021642508,0.7831964,0.0001043839
1448,1.9023555e-05,7.3137375e-07,0.0109403245,6.615645e-07,0.17507832,0.81395966,1.185017e-06
1449,6.1515146e-07,4.6322918e-07,2.6455444e-05,5.529527e-07,0.0006616707,0.9992964,1.3716032e-05
1450,3.3661198e-37,1.0678886e-26,1.6095324e-24,0.0,1.03330264e-16,1.0,2.125963e-26
1451,9.1943e-06,2.360588e-05,0.00062129955,3.386895e-05,0.00018297548,0.9990742,5.4832526e-05
1452,0.0009485952,0.0010078978,0.4231674,0.00041857417,0.14461394,0.4298275,1.6062399e-05
1453,0.0001446976,0.00022360668,0.003822094,5.6757526e-05,0.059819307,0.9358422,9.137694e-05
1454,1.9111203e-05,0.0001139284,0.0001350059,3.298884e-05,0.0018351725,0.9977428,0.000121108904
1455,0.0,0.0,0.0,0.0,4e-45,1.0,0.0
1456,8.4381486e-07,1.9710107e-08,7.744241e-05,3.0986873e-09,0.3650489,0.63487273,9.004985e-08
1457,0.00011043585,7.515523e-05,0.0006069872,9.108916e-06,0.09555677,0.9036071,3.4390825e-05
1458,0.00086923916,0.0042944085,0.06975542,0.0052038613,0.06255841,0.8570779,0.00024075678
1459,0.04238434,0.24212474,0.020951431,0.03267761,0.011333231,0.64925116,0.0012774866
1460,0.08603656,0.02718197,0.04456564,0.18309194,0.0019495827,0.6570208,0.00015340821
1461,0.007036728,0.008322924,0.03606561,0.00039113476,0.045791607,0.8958362,0.006555777
1462,0.01601273,0.06727732,0.1584561,0.00771733,0.098280385,0.64992785,0.0023283313
1463,0.015198235,0.0027704241,0.094287954,0.0010973496,0.09718669,0.7891158,0.00034354726
1464,9.3581104e-05,0.0010143148,0.041006446,0.00014454646,0.2824243,0.48370853,0.1916082
1465,0.0005191836,0.008788756,0.00873102,0.0006189754,0.06399087,0.8979483,0.019402934
1466,0.004607018,0.012293827,0.017533736,0.0012976722,0.10438492,0.8585107,0.0013721898
1467,0.00031318492,0.00013928891,0.007939573,6.124006e-05,0.15473424,0.8363263,0.00048622076
1468,0.007713775,0.005526431,0.07451254,0.0060854335,0.21161073,0.6944924,5.8732123e-05
1469,0.0036119483,0.0027512682,0.09769757,0.0015236259,0.20164369,0.69262725,0.00014468515
1470,0.0044576814,0.00017975722,0.010743166,1.6615164e-05,0.26648015,0.7180795,4.3099706e-05
1471,0.00026030332,0.0013652797,0.0076498603,0.0025907925,0.00015605862,0.9871656,0.00081209565
1472,0.00081784464,2.0512676e-05,0.011811201,9.7257e-06,0.31212863,0.67520565,6.3332222e-06
1473,8.075482e-06,7.016472e-05,0.0008426909,5.4123055e-05,0.0076164976,0.9913675,4.0901745e-05
1474,0.0028535912,0.0010525443,0.045207854,0.0002586878,0.40740305,0.5430353,0.00018898508
1475,2.0090554e-18,2.8662985e-13,1.8020999e-12,5.298274e-23,9.782985e-09,1.0,6.612103e-13
1476,0.0019315371,5.6746074e-05,0.019468289,1.038696e-05,0.3708488,0.6076747,9.584561e-06
1477,0.0068139173,0.00053425395,0.03378855,3.7696274e-05,0.6141996,0.34266517,0.0019608573
1478,0.21075188,0.24526823,0.23863648,0.048413053,0.019616239,0.23467629,0.0026378427
1479,6.508851e-06,5.88293e-05,0.0046266504,2.1018686e-05,0.0038049833,0.9905454,0.0009366822
1480,0.00021050744,0.00023758922,0.00077198766,8.43049e-05,0.012671456,0.9858649,0.00015927166
1481,6.0102406e-07,1.6080282e-06,6.615901e-05,3.2801831e-06,5.2154573e-05,0.99986637,9.798414e-06
1482,0.0009347845,0.00057202525,0.0027414446,0.0001757063,0.03439882,0.96091807,0.00025906164
1483,0.01859466,0.00012857719,0.03213674,3.048371e-05,0.49481136,0.4542199,7.8266436e-05
1484,0.4628644,0.38338324,0.07282429,0.041705973,0.011840717,0.025955364,0.0014260964
1485,4.238058e-06,3.0269857e-05,0.00023826963,5.2477037e-05,0.00023013374,0.9993204,0.00012416996
1486,1.3815454e-05,8.233838e-05,0.0006985472,5.9316124e-05,0.0003106476,0.998547,0.00028834317
1487,0.022580564,0.0013191754,0.11822505,0.00013279308,0.6663001,0.19138326,5.903705e-05
1488,0.0025582123,0.0038254946,0.036158882,0.00011324906,0.20526382,0.7141024,0.037978
1489,0.003122621,0.0046917666,0.03818977,0.0013996038,0.030442337,0.92110384,0.001049999
1490,0.0004930421,0.000698503,0.045954816,0.00026763193,0.12311635,0.8292583,0.00021134915
1491,0.000664223,0.00020619707,0.0074307583,3.471803e-05,0.07156146,0.9184762,0.001626393
1492,0.0005760981,8.380431e-05,0.021023007,4.2093703e-05,0.17532024,0.80292714,2.7534343e-05
1493,0.0030750749,0.0002101365,0.12415795,0.00019669237,0.21738873,0.6549411,3.037532e-05
1494,0.011281535,0.029380178,0.55547994,0.013009473,0.024900023,0.3655,0.00044887944
1495,0.0013551582,0.0013926622,0.023933081,0.00049493555,0.034379803,0.9382795,0.00016484915
1496,2.3156925e-33,1.4143557e-26,3.0618368e-22,2.02e-43,6.455063e-14,1.0,7.538656e-27
1497,0.6055919,0.20883642,0.11313877,0.044428635,0.010803226,0.017010067,0.00019103986
1498,0.0003978519,7.7225806e-05,0.010721696,8.752441e-05,0.019129531,0.96954364,4.256834e-05
1499,0.0011567939,0.00038382297,0.0027585265,0.00017071598,0.010733587,0.98477733,1.9195899e-05
1500,0.00061361276,0.014041229,0.0147333015,0.0007824036,0.007289334,0.96133596,0.0012041231
1501,0.21725856,0.47850078,0.16308309,0.06441226,0.0035069464,0.06083495,0.012403397
1502,4.9010123e-05,0.00034669516,0.015869502,0.00013920138,0.0017381813,0.981727,0.00013044897
1503,0.0043202788,0.00081310404,0.03475565,0.00021528393,0.10565477,0.8541,0.00014100566
1504,2.8822678e-06,3.2413365e-05,0.00014983614,0.00010799911,4.2085932e-05,0.99962246,4.2306736e-05
1505,2.7022728e-13,3.641777e-08,4.0329233e-09,1.7717364e-14,1.9696537e-07,0.99999917,6.864168e-07
1506,0.14233552,0.34754875,0.13380992,0.049056903,0.02508193,0.29958725,0.0025797102
1507,0.0065783514,0.008776825,0.17188182,0.00091164664,0.6319561,0.17936611,0.0005291217
1508,2.4479013e-34,6.9092847e-28,3.0307518e-22,0.0,3.6148554e-14,1.0,7.557508e-29
1509,0.00023027165,0.0014753424,0.0022704834,0.00010400053,0.0031010532,0.99261487,0.0002040376
1510,3.4825987e-07,9.8615865e-06,6.684967e-05,6.931717e-07,0.0016554355,0.99824834,1.8518798e-05
1511,3.7560715e-06,1.0396329e-06,8.268766e-05,6.9465625e-07,0.006694239,0.9932167,8.756541e-07
1512,1.5703159e-05,2.125767e-06,0.00051816396,8.4885e-06,0.0006181944,0.998833,4.4033895e-06
1513,7.236395e-09,1.6802659e-06,3.9988586e-06,4.070818e-09,8.1853195e-06,0.99994457,4.1559724e-05
1514,0.0005791819,6.5093395e-06,0.009749026,2.2925958e-06,0.40352413,0.5861139,2.4909432e-05
1515,0.0060584024,0.00034092425,0.061942473,0.00024996343,0.65085346,0.2805511,3.7317006e-06
1516,0.005112625,0.00029794275,0.08839987,0.00030266875,0.48150805,0.42437404,4.725567e-06
1517,0.003904476,0.0011876932,0.030819407,0.00019428706,0.15633596,0.8074404,0.0001178006
1518,0.014374383,0.0027478607,0.17861642,0.0052855215,0.27197084,0.5269494,5.560463e-05
1519,1.1906829e-05,4.411012e-05,0.0003211221,7.0697774e-06,0.0015727917,0.99768674,0.00035631808
1520,0.10659551,0.61157924,0.06408802,0.07885015,0.0023391643,0.13320048,0.0033474308
1521,0.22130774,0.11237286,0.4886943,0.04890632,0.01253667,0.11572363,0.00045840748
1522,0.02047516,0.35572317,0.03385752,0.08342765,0.0029637958,0.4523777,0.051175043
1523,0.000565466,0.002843499,0.015984138,0.004894083,0.00018771835,0.9738163,0.0017089108
1524,4.1290813e-18,4.012134e-13,1.5809781e-12,1.0963305e-22,5.3829075e-09,1.0,1.8899963e-13
1525,0.17948143,0.09276556,0.33240193,0.05775662,0.115644105,0.22153516,0.0004151667
1526,0.20858842,0.49037972,0.10757779,0.064670905,0.0126244305,0.11267799,0.0034807185
1527,0.0014062742,0.017714936,0.0951046,0.002924459,0.071852565,0.80640364,0.0045934673
1528,0.0015183007,0.00035279014,0.010466049,0.00014833265,0.15871245,0.8287756,2.6456764e-05
1529,0.038987722,0.035340197,0.68429947,0.012906002,0.105792396,0.122587904,8.642027e-05
1530,0.0006613931,0.00013467266,0.027565502,4.4443463e-05,0.19387905,0.7776919,2.3090299e-05
1531,0.0072444016,0.00081999495,0.06174121,0.0003561644,0.19802168,0.73175216,6.441077e-05
1532,0.00012205789,5.3232856e-05,0.05265462,4.622054e-05,0.10296395,0.8441508,9.170647e-06
1533,9.554312e-05,0.00044206253,0.03438425,0.00015689232,0.003920577,0.9608782,0.00012249904
1534,0.00054423895,1.4751213e-05,0.046698797,2.9576415e-05,0.11253544,0.84017146,5.7922307e-06
1535,0.00060833874,0.0014103327,0.041301884,0.0007530315,0.006280759,0.9495832,6.251182e-05
1536,0.020765752,0.0001141354,0.072357915,5.2582032e-05,0.727759,0.17894074,9.933402e-06
1537,0.15459636,0.095792025,0.17403701,0.03399826,0.37075233,0.1707459,7.8161764e-05
1538,0.00025855956,0.00032633133,0.0485929,0.0003523523,0.077035256,0.8733767,5.7959627e-05
1539,0.0008066272,0.00719543,0.010222077,0.003519928,0.022058556,0.9547021,0.0014953248
1540,0.0005431294,4.3897275e-05,0.0620042,3.504849e-05,0.11206198,0.8252709,4.085776e-05
1541,0.27394873,0.053113945,0.052784607,0.08921354,0.011953566,0.5186234,0.00036227418
1542,0.16350918,0.011741774,0.09439523,0.002205138,0.6524661,0.07567418,8.404145e-06
1543,0.0022907036,0.0042853644,0.004125355,0.0042025656,0.0012254268,0.98364455,0.00022602288
1544,0.00012850759,1.6867238e-05,0.009468222,1.7619792e-05,0.14396435,0.84640044,3.929876e-06
1545,0.0012631419,0.0003250022,0.006641104,3.088652e-05,0.18772289,0.8033557,0.00066118006
1546,0.1346115,0.040413555,0.55496776,0.022727031,0.08711511,0.16000924,0.00015578548
1547,0.52169305,0.12926209,0.116885334,0.06817269,0.06423876,0.09951654,0.00023147416
1548,0.0003583047,3.866043e-05,0.005102114,2.779443e-05,0.01297249,0.98144424,5.6350033e-05
1549,0.01819729,0.0031850953,0.02843865,0.001481029,0.10074229,0.84773386,0.00022177807
1550,0.0032215023,9.3336144e-05,0.026093269,3.5074638e-05,0.15370378,0.81680965,4.3374843e-05
1551,0.00016820252,9.055739e-06,0.0052768495,1.1240123e-05,0.21981694,0.7747133,4.397424e-06
1552,0.00027645918,5.293154e-06,0.042041957,8.574546e-06,0.3201697,0.63749707,8.663627e-07
1553,0.0007958743,0.00077802566,0.022619102,0.0002550436,0.33473435,0.6407306,8.703063e-05
1554,3.0191006e-05,3.8819862e-06,0.00074922014,1.4782444e-05,0.0013559003,0.99784327,2.7175845e-06
1555,2.4406623e-05,1.9484812e-06,0.025038503,5.0256085e-06,0.15014268,0.8247849,2.601107e-06
1556,0.0046969247,0.00067982555,0.11575574,0.0003572777,0.25761336,0.6207875,0.00010939179
1557,5.0641084e-12,4.242204e-08,6.5098753e-09,2.4298577e-14,3.4987872e-07,0.9999995,1.7168756e-07
1558,2.192348e-30,2.4444532e-23,7.786596e-20,2.903346e-39,7.4591815e-14,1.0,9.560901e-24
1559,0.00027139657,0.00035095794,0.03940616,0.00028075068,0.06954225,0.8900597,8.877284e-05
1560,0.0011119201,0.010715982,0.01700543,0.00042302735,0.08331896,0.68924975,0.1981749
1561,1.4208198e-05,2.5588515e-05,0.0003956922,4.0957813e-05,0.0006589284,0.99882215,4.2405467e-05
1562,0.0006919398,0.020641722,0.04023527,0.00071108306,0.09075531,0.8080293,0.038935374
1563,0.016842725,0.25727144,0.068780564,0.04470148,0.03457256,0.5701658,0.0076654167
1564,1.9908541e-06,8.872021e-06,0.00011717387,9.813845e-07,0.0004352761,0.999276,0.0001598586
1565,0.000137747,0.00947617,0.022960044,0.0030539664,0.01410612,0.915841,0.03442484
1566,0.0001584002,0.0002956217,0.0017001522,0.0018838361,0.000286351,0.99564314,3.2405158e-05
1567,0.00013382343,0.00010121329,0.013818112,5.2421055e-05,0.05987983,0.92595184,6.276229e-05
1568,7.178084e-05,0.00023127298,0.21528862,0.00042818894,0.13153458,0.6516608,0.00078477024
1569,0.01678159,0.005675561,0.752521,0.0042533656,0.12334062,0.09740915,1.873269e-05
1570,1.5244032e-06,1.2522457e-05,0.00015623237,5.3255167e-06,8.324308e-05,0.99960035,0.00014083185
1571,3.3970578e-19,1.2295461e-13,1.5209192e-12,1.2888841e-22,9.025732e-10,1.0,3.812776e-12
1572,0.0006572697,0.0035151136,0.3446569,0.0008372982,0.42259675,0.2275394,0.00019730366
1573,0.002048705,0.004171883,0.45055375,0.0027264701,0.269059,0.2714137,2.6469059e-05
1574,2.0056015e-05,0.00021976876,0.0030371405,4.407523e-05,0.047285866,0.9489133,0.0004797839
1575,7.3261463e-06,9.638124e-06,0.0007854099,2.9680574e-05,0.00017243,0.9989796,1.588955e-05
1576,0.01259791,0.7353828,0.053542577,0.032422245,0.0005334604,0.15807614,0.00744487
1577,5.1086604e-06,2.4746372e-05,8.149463e-05,1.8336179e-05,5.7019748e-05,0.999752,6.122905e-05
1578,7.489987e-26,5.0908973e-20,2.4171251e-17,1.1802521e-33,1.1498587e-11,1.0,2.4218005e-20
1579,1.1153237e-12,1.6629366e-09,7.699247e-09,1.247097e-15,2.932035e-06,0.999997,3.1876644e-09
1580,0.0057161897,0.0025897669,0.03662894,0.009811214,0.009786031,0.9353418,0.00012615093
1581,0.0003027978,0.0005770376,0.002208053,0.0004185453,0.0006164081,0.9957255,0.00015172084
1582,9.229308e-06,2.1752842e-06,0.0056023845,2.6755786e-06,0.08623383,0.9081479,1.8776743e-06
1583,0.019901123,0.0047151283,0.45281208,0.0019446075,0.33703676,0.18358141,8.9234745e-06
1584,0.0008083615,0.0004590097,0.06614391,0.00046787388,0.014985935,0.91706306,7.1749375e-05
1585,0.00014481117,0.0002547621,0.01085997,2.2500555e-05,0.115268454,0.8724671,0.0009824778
1586,1.8002473e-05,0.000106878564,0.0006625213,0.00026122187,4.238931e-05,0.99884355,6.528361e-05
1587,0.0030489801,0.00015064541,0.05360906,0.00018187081,0.087147176,0.8558407,2.1562817e-05
1588,0.0003438573,0.000989264,0.00570043,0.00093172136,0.0023938203,0.98923486,0.00040593836
1589,0.011923413,0.0033924703,0.05393914,0.012351465,0.02144235,0.8968956,5.5608518e-05
1590,0.0039319457,0.000736253,0.52848136,0.000735522,0.30547392,0.16063668,4.253091e-06
1591,0.0,0.0,1.190618e-38,0.0,5.383329e-24,1.0,0.0
1592,0.17717984,0.76744056,0.0021379208,0.01421739,0.033064764,0.0055240723,0.00043539255
1593,1.1487267e-20,1.4258761e-14,6.637978e-14,4.20678e-25,2.2239197e-10,1.0,7.044883e-14
1594,6.602196e-36,3.7806667e-27,2.2418304e-23,0.0,5.6746866e-15,1.0,1.6851072e-27
1595,0.40028355,0.019402856,0.06702287,0.0037174197,0.47982085,0.029748539,3.9102324e-06
1596,0.0015775821,0.0018298195,0.027354132,0.0037865185,0.0034783867,0.96178734,0.00018627473
1597,0.00022047781,0.00030983516,0.010528168,0.0005832302,0.017789684,0.9704203,0.00014827428
1598,8.40408e-05,6.1022733e-05,0.04826122,9.316825e-05,0.022017684,0.9294498,3.2957556e-05
1599,0.005361737,0.00655767,0.037875436,0.0013798607,0.17515618,0.7731829,0.00048618342
1600,0.0003407827,0.00047825888,0.055998586,5.845336e-05,0.13143809,0.8114789,0.00020689591
1601,4.1573464e-13,1.4489844e-09,3.3227994e-09,1.6010506e-15,1.1331166e-06,0.9999988,2.9222887e-08
1602,4.381567e-21,2.857837e-13,3.453987e-14,4.6694846e-25,1.7463839e-10,1.0,3.2227229e-12
1603,0.046392426,0.0073422478,0.32581195,0.0024968607,0.44846112,0.16946921,2.620812e-05
1604,0.0018932726,0.00046431145,0.016821284,0.00012989625,0.22313248,0.7574716,8.7112465e-05
1605,3.007375e-05,3.3123536e-06,0.000621061,8.3886225e-06,0.001572264,0.997761,3.7957057e-06
1606,0.0027912848,0.020555658,0.027350089,0.010369986,0.021215443,0.91211295,0.0056045717
1607,0.013245916,0.0054589165,0.03381673,0.0028085052,0.018492986,0.92401844,0.0021584905
1608,3.6491256e-06,2.3803186e-05,0.00010365826,2.5418762e-05,0.00031020006,0.99945635,7.694491e-05
1609,0.00029912952,0.00028946708,0.009348779,0.0004893773,0.004829039,0.9845487,0.00019544268
1610,0.00023520003,0.00013034533,0.002541104,9.288534e-05,0.03242083,0.96368897,0.0008905405
1611,0.1486142,0.6273577,0.07232138,0.050372433,0.020632705,0.074283436,0.0064182025
1612,0.00067661545,0.00063646876,0.0026877043,0.0002524259,0.019851318,0.9753294,0.00056612346
1613,0.00026182624,3.6404937e-05,0.003734534,4.7997055e-06,0.23014025,0.7644493,0.00137294
1614,0.00022628365,0.00018729686,0.001417015,0.00045851624,0.0016759643,0.99601525,1.9689895e-05
1615,0.00025906236,0.00012821838,0.0004315436,2.3770213e-05,0.024363456,0.9747423,5.1665975e-05
1616,4.013598e-06,6.7814595e-05,0.00015991551,5.3447824e-05,8.757751e-05,0.9988055,0.00082160905
1617,0.01942029,0.032370668,0.37891322,0.026663154,0.0298997,0.51237655,0.00035645725
1618,0.03691291,0.47024813,0.068771236,0.06928284,0.010081703,0.3371675,0.0075356746
1619,0.00011503317,0.00039490403,0.00096421316,0.00018168053,0.0053908457,0.9925184,0.00043476745
1620,0.012882301,0.03662042,0.078055985,0.0022173692,0.05591973,0.80839187,0.0059123696
1621,0.0,0.0,0.0,0.0,2.8301946e-35,1.0,0.0
1622,0.006820778,0.0029141435,0.045051713,0.0007819609,0.062652364,0.8814075,0.00037152227
1623,0.00045043728,0.00049806794,0.003997492,0.00011378936,0.021172138,0.9734481,0.00031993922
1624,0.0013050428,0.004801506,0.076070614,0.0012418638,0.030352812,0.88471824,0.0015099852
1625,2.739649e-05,1.0134682e-05,0.0007425803,3.4095418e-05,0.00070219144,0.9984742,9.538775e-06
1626,2.6587759e-06,3.251816e-05,0.00022677978,1.723595e-08,0.034739774,0.96499413,4.076162e-06
1627,0.18034315,0.6302885,0.04669317,0.01616423,0.027577022,0.08109787,0.017836146
1628,0.02381269,0.89088094,0.008889082,0.016750142,0.0011163342,0.028874801,0.029675972
1629,0.011857259,0.0022937797,0.083607,0.008634121,0.01405794,0.8794676,8.220657e-05
1630,1.6084114e-06,4.7680405e-07,0.00018898584,9.4099977e-07,0.0004961928,0.9993105,1.2958839e-06
1631,1.1853139e-05,8.246551e-06,0.0029490902,7.613993e-06,0.05801345,0.9389998,9.904009e-06
1632,1.5446135e-09,3.4409159e-06,1.460005e-06,1.6307931e-09,2.8306742e-06,0.9999391,5.3108284e-05
1633,5.508534e-23,1.4419294e-15,2.5843312e-15,4.2888638e-27,1.6571487e-11,1.0,2.6260114e-14
1634,0.0,0.0,0.0,0.0,1.06437965e-32,1.0,0.0
1635,6.252215e-29,9.285694e-20,8.72683e-20,3.0354394e-36,2.632532e-13,1.0,1.217996e-18
1636,0.00036709313,0.00021843963,0.0068365885,0.00010352058,0.059467398,0.9324599,0.00054707314
1637,0.020148525,0.0027180542,0.06601668,0.00055711763,0.2828256,0.62734467,0.00038933347
1638,0.3489868,0.061545208,0.4250474,0.027853152,0.09465179,0.041881915,3.3820706e-05
1639,4.9710485e-13,4.4961687e-10,8.488245e-09,1.2731152e-14,2.9105666e-07,0.99999964,3.3536203e-08
1640,0.00096917286,0.00046950104,0.025517497,0.00012203467,0.24859557,0.7242849,4.13929e-05
1641,0.00018929671,9.0937625e-05,0.00082713197,0.0012071654,0.000185748,0.9974952,4.5211664e-06
1642,0.017245427,0.027398901,0.03612702,0.016140739,0.06460695,0.8381941,0.00028689177
1643,4.583526e-15,4.3926368e-10,1.9255564e-10,1.1476071e-17,3.110159e-08,1.0,3.2814238e-09
1644,2.1555597e-24,3.5220513e-17,1.9839628e-16,6.6523454e-31,4.904751e-11,1.0,2.3319692e-17
1645,0.08224995,0.79061294,0.038818363,0.034748796,0.00011718782,0.031402465,0.022050327
1646,0.0006298385,0.0005255466,0.009847523,5.0460145e-05,0.099536106,0.88911945,0.00029111287
1647,0.015412786,0.013912278,0.0639478,0.005789934,0.10360217,0.797071,0.00026398496
1648,6.497832e-07,7.2993057e-06,1.3559736e-05,5.8728748e-08,0.0008090741,0.99916184,7.638176e-06
1649,0.00016708349,0.00013539572,0.0014228979,0.00035290976,0.0005014252,0.997391,2.9213961e-05
1650,1.4185436e-14,3.843019e-11,9.519227e-10,4.6731006e-18,1.7342357e-07,0.9999999,3.246991e-11
1651,0.0013797684,0.0016314194,0.00250581,0.0006955653,0.0046517183,0.9887122,0.00042354755
1652,2.4108429e-06,5.832446e-06,0.0001140867,1.1198035e-05,0.00010962428,0.99974865,8.144888e-06
1653,2.3496748e-05,2.7254677e-05,0.0034400627,1.011621e-05,0.01375196,0.98269445,5.2699757e-05
1654,0.014087312,0.015789116,0.2245523,0.008596371,0.10899027,0.62779707,0.00018762282
1655,1.6435377e-05,0.00010224779,0.0043750796,1.8541672e-05,0.08466364,0.91041386,0.00041013912
1656,0.00047993744,5.2111875e-05,0.010563535,0.00015371757,0.033045072,0.9557002,5.500739e-06
1657,0.34796494,0.11017725,0.20965455,0.07584671,0.075830236,0.1802935,0.00023281426
1658,3.50572e-05,4.28631e-06,0.0024834366,1.5420314e-06,0.22654346,0.770928,4.1377953e-06
1659,0.000592016,5.9259582e-05,0.023344627,3.4754747e-05,0.047165427,0.9287612,4.2774274e-05
1660,0.0014622475,0.003218028,0.07716084,0.00083289266,0.18000628,0.7369274,0.00039223442
1661,0.103531346,0.7280689,0.062706776,0.041742723,0.0012302424,0.054480355,0.008239619
1662,0.00013866523,0.00011965449,0.0005553962,9.9011144e-05,0.005175284,0.9938968,1.5159124e-05
1663,0.004058033,0.03594535,0.052652776,0.0027176593,0.049593437,0.84551364,0.009519084
1664,1.3148057e-06,0.00029423847,6.0532566e-05,2.4652725e-06,0.00018742432,0.99899036,0.0004636311
1665,0.0004142991,0.0001975454,0.005293569,0.0009538903,0.0011971473,0.99191225,3.118988e-05
1666,0.0004935289,0.0011462343,0.0020516503,0.00019962002,0.04305044,0.95237345,0.0006852039
1667,0.0007937674,0.007186454,0.17792849,0.002589225,0.013040559,0.79780376,0.00065769895
1668,0.3361822,0.49049738,0.047363725,0.05835537,0.007970446,0.05839154,0.0012392849
1669,0.0008528638,0.0004595431,0.02359258,0.000105878215,0.079137884,0.89498484,0.0008664573
1670,0.052281138,0.08009891,0.20545954,0.01748492,0.113298856,0.5289204,0.002456186
1671,0.0047908244,0.00023095349,0.015454469,4.6078192e-05,0.30398327,0.6754731,2.1337788e-05
1672,0.07721718,0.18727757,0.03634451,0.008858863,0.36332113,0.3263769,0.0006038043
1673,0.00010214458,0.00042130327,0.01482149,0.00023810787,0.04832034,0.935988,0.00010859575
1674,1.4056841e-05,9.198174e-05,9.896483e-05,0.00011105162,9.6348514e-05,0.9995442,4.3355885e-05
1675,0.00023386661,2.2298955e-05,0.0013678591,6.9555695e-06,0.23034987,0.76801467,4.406395e-06
1676,6.1784315e-09,5.283821e-07,4.7679046e-06,4.864013e-09,1.5000665e-05,0.9999707,9.069931e-06
1677,0.24870524,0.0868787,0.47308052,0.026307503,0.115388334,0.04960207,3.763204e-05
1678,0.034205638,0.0069850073,0.06567226,0.00038690612,0.16850023,0.717484,0.006765899
1679,0.000935445,0.0013032506,0.70681536,0.00058864243,0.13875575,0.15159512,6.4941323e-06
1680,0.00040687498,0.00027248124,0.03409599,0.00021703847,0.2968164,0.6681671,2.4043875e-05
1681,0.008476874,0.05497043,0.1531793,0.013832297,0.07160074,0.6961594,0.0017809302
1682,0.020238094,0.029418565,0.79197156,0.0093926415,0.04464621,0.10427179,6.114024e-05
1683,0.0008697743,0.0022079106,0.024388745,0.0003448385,0.021560822,0.9500862,0.0005417368
1684,0.023936655,0.0020139068,0.26090667,0.0010227872,0.5487152,0.16340348,1.3995917e-06
1685,0.05837918,0.0056785145,0.055339955,0.0022151489,0.45275763,0.4256,2.9685998e-05
1686,2.9235373e-18,7.857135e-12,1.9986617e-12,9.385756e-22,3.465154e-09,1.0,3.4967e-11
1687,0.07429306,0.02864153,0.20371768,0.011612466,0.2585292,0.4228778,0.00032825526
1688,0.00054833305,0.00042855335,0.003991642,0.0012340154,0.0017101681,0.99203557,5.1702453e-05
1689,0.0019185144,0.0005775456,0.12347104,0.00039292613,0.046657212,0.8268298,0.00015312171
1690,2.3521156e-06,0.0023154223,4.583454e-05,4.279346e-06,0.004842335,0.025240982,0.96754885
1691,3.1984882e-29,7.845392e-20,1.4180397e-19,5.9788022e-36,1.3521577e-13,1.0,1.7393625e-18
1692,7.138438e-05,1.2788788e-05,0.0052778823,1.2343921e-05,0.0649493,0.9296553,2.1056714e-05
1693,0.0056845453,0.01995723,0.06400374,0.005279535,0.04816252,0.8045506,0.052361842
1694,0.0014266567,0.00047625476,0.048459627,0.000137448,0.14902022,0.80043304,4.684548e-05
1695,3.0715106e-05,0.00011889464,0.00042823565,0.0005680114,0.00037121374,0.99846727,1.5664225e-05
1696,0.00036982456,0.00023600047,0.008239744,0.00023808453,0.09540526,0.8955066,4.447414e-06
1697,1.8078404e-12,1.8342202e-08,7.693771e-09,1.2122032e-14,9.764818e-07,0.9999989,5.446149e-08
1698,3.234248e-05,1.242311e-06,0.00011651416,2.0806144e-06,0.001621478,0.9982261,3.1474715e-07
1699,0.00049575185,0.00013546679,0.008167247,4.541535e-05,0.10753002,0.8836018,2.4290823e-05
1700,0.0021896954,0.0062653823,0.031998828,0.00030878963,0.039140172,0.91143656,0.008660537
1701,7.8071045e-31,5.8747813e-21,6.322032e-21,1.6343372e-38,1.6581547e-14,1.0,1.3271283e-20
1702,0.0028947857,0.011401054,0.7237603,0.0064622173,0.020169323,0.23527955,3.2803466e-05
1703,0.0012470015,0.021226909,0.049401302,0.0022245503,0.06690754,0.85258746,0.0064052604
1704,0.44221407,0.21926823,0.12065376,0.076232396,0.035502225,0.10537066,0.00075869175
1705,0.0001311897,0.00022233254,0.0025433572,8.956809e-05,0.028848175,0.96797466,0.00019070978
1706,0.00021900193,0.00021964386,0.002726537,0.0016486114,0.00026331985,0.9948783,4.4507287e-05
1707,2.1979156e-08,1.4664297e-05,4.937803e-06,3.0155543e-09,2.5859435e-05,0.99994445,1.0015089e-05
1708,0.0,0.0,0.0,0.0,7.8856704e-32,1.0,0.0
1709,2.4825007e-07,7.818131e-06,2.4119878e-05,1.5094905e-08,0.00063579204,0.99928564,4.6410107e-05
1710,0.009999901,0.0004658612,0.060304362,0.00030681829,0.5279433,0.400943,3.6725156e-05
1711,0.0012148735,0.005700594,0.025255557,0.0017538548,0.079381794,0.8864892,0.00020414202
1712,0.000754548,0.0003971875,0.064841956,0.00011925636,0.1536037,0.7801938,8.949692e-05
1713,9.1170856e-12,1.0816689e-08,5.571814e-08,3.8862112e-14,1.43899e-05,0.9999856,3.2677185e-08
1714,3.4043487e-19,1.0147636e-12,7.371609e-13,3.7545763e-22,6.1267164e-10,1.0,4.9662788e-11
1715,3.294377e-05,0.0046736686,0.003547568,0.00021101403,0.015951874,0.9134779,0.062105086
1716,1.8770187e-22,4.8486326e-16,5.3055764e-15,1.8500575e-27,7.761409e-11,1.0,2.989517e-15
1717,5.565856e-05,0.00013255497,0.0040070647,1.9553723e-05,0.049506806,0.9461829,9.5485695e-05
1718,0.13348581,0.08258695,0.55938286,0.0331023,0.029942948,0.16105896,0.00044015757
1719,0.027496222,0.0041502602,0.28117436,0.0021890649,0.5031401,0.18181902,3.0969783e-05
1720,0.0086088525,0.0019566452,0.0014210764,0.0009741186,0.005001731,0.9819905,4.7069978e-05
1721,4.3611137e-05,0.00085092476,0.0036538828,0.00040650688,0.029568901,0.9648363,0.0006399076
1722,0.002834299,0.0006535994,0.041487295,0.00021861948,0.5457844,0.4089758,4.599631e-05
1723,2.6278114e-05,0.00025744314,0.0006495915,0.00024750468,0.0016082053,0.99702114,0.00018985619
1724,0.6182452,0.25621668,0.02524564,0.051006522,0.022037111,0.027211701,3.7115708e-05
1725,0.0005387265,0.0013084594,0.0019803566,0.0003092714,0.055894583,0.9393358,0.00063272606
1726,9.682485e-05,1.3727087e-06,0.023513863,3.689537e-06,0.23993205,0.7364474,4.7717485e-06
1727,3.5835848e-22,8.298352e-14,9.739513e-16,1.1181093e-26,1.0498878e-11,1.0,2.39984e-12
1728,3.6079031e-10,1.5911007e-06,4.0641712e-07,6.080225e-11,1.5503814e-05,0.9999783,4.26048e-06
1729,0.0043687755,0.012772734,0.38795263,0.0048977034,0.15893333,0.42840636,0.0026685144
1730,0.05613397,0.0032144352,0.035747252,0.00096545595,0.278626,0.62521374,9.906123e-05
1731,0.00052648043,8.958628e-06,0.007111727,8.293527e-06,0.25339884,0.7389207,2.5050473e-05
1732,2.6161191e-05,1.9843745e-05,0.00027058582,1.978146e-06,0.02192843,0.97753555,0.00021746433
1733,0.07987204,0.11629368,0.13153793,0.037186824,0.058376033,0.5754258,0.0013076192
1734,6.0999548e-05,0.00023883609,0.0050195116,9.9012315e-05,0.027733995,0.96604866,0.000798936
1735,2.976503e-05,4.0165993e-05,0.004181782,0.0010422047,7.986134e-05,0.99457693,4.9290233e-05
1736,0.024832983,0.0017260215,0.07148776,0.0007472508,0.5152506,0.3859412,1.41274e-05
1737,0.4915589,0.3044171,0.053788144,0.07731702,0.036123887,0.036428817,0.00036610133
1738,0.0026988434,0.0015874762,0.01679858,0.00027742784,0.06031225,0.9179564,0.00036901253
1739,0.06117754,0.81560075,0.017670467,0.0247662,0.003966003,0.03790422,0.038914837
1740,0.00029229012,1.3328071e-05,0.0203224,1.8755665e-05,0.14184636,0.8374868,2.007401e-05
1741,0.0005095098,0.00059879455,0.078112915,0.00044031345,0.014537385,0.90574557,5.5450815e-05
1742,3.2595387e-18,5.6659135e-12,5.036187e-12,1.5176755e-21,2.9417355e-09,1.0,6.524888e-11
1743,6.8029995e-06,3.1502834e-05,0.0007186774,0.0004481935,6.770906e-05,0.99870634,2.0695576e-05
1744,1.3905293e-05,4.7779005e-05,0.0011516432,3.351372e-05,0.0010271722,0.9970041,0.0007218661
1745,0.000112313486,4.5868805e-05,0.0071242596,9.9652325e-06,0.21400523,0.77868843,1.3938629e-05
1746,0.00040728296,0.00038053293,0.0036664263,7.908853e-05,0.0069138603,0.9874073,0.0011454343
1747,0.00052201527,0.0039441567,0.008767071,0.004809166,0.0011389859,0.97427326,0.0065453164
1748,0.0065791733,0.16013125,0.24080884,0.025051508,0.004120539,0.5605157,0.002792977
1749,5.9715985e-05,7.976545e-05,0.022900818,9.423348e-05,0.040955946,0.93178815,0.0041214325
1750,0.0020916762,0.0011383559,0.00058622216,0.00090748473,0.0009565695,0.99416614,0.00015363739
1751,2.7240224e-06,9.0327137e-07,0.00023348843,3.0561646e-06,0.00030759283,0.9994481,4.075584e-06
1752,4.9320228e-05,0.00025316756,0.0004935987,0.0006759491,0.0004015982,0.9979849,0.00014146291
1753,4.412939e-09,4.1100316e-06,2.273822e-06,9.018528e-10,2.0453766e-05,0.99995685,1.6369382e-05
1754,3.2054908e-05,0.0002180977,0.0011284678,0.0004030176,0.00014204739,0.99787116,0.00020521706
1755,0.00033881693,0.00036710073,0.001529803,0.00048200646,0.00044460307,0.9966703,0.00016735522
1756,0.013654941,0.0122281285,0.16177641,0.0051118084,0.17820404,0.62826866,0.0007559772
1757,9.322467e-27,9.2218715e-20,7.682453e-18,1.5525726e-33,1.7285102e-12,1.0,5.5227055e-19
1758,0.03718407,0.015160444,0.1844318,0.00918456,0.25276297,0.50087136,0.00040473658
1759,3.4146602e-08,0.000102733706,5.5348814e-06,4.4768174e-07,0.00012163649,0.004971366,0.9947982
1760,6.081237e-05,2.580512e-06,0.020461246,1.3925214e-06,0.45005003,0.5294219,2.0345294e-06
1761,0.06392159,0.0017894906,0.04607261,0.0004281919,0.76820314,0.119577326,7.5807934e-06
1762,0.0027418507,0.00061302626,0.02058669,0.00017928045,0.08315602,0.8920629,0.0006602282
1763,0.00038880232,4.8331167e-05,0.0021891268,0.00012881332,0.0043721497,0.99286944,3.4347495e-06
1764,5.2565865e-05,0.00020683075,0.0013371877,0.00041305876,0.00013615524,0.9976277,0.00022656568
1765,6.131177e-05,0.0040235925,0.009016662,0.00040802755,0.009492618,0.9745781,0.0024196745
1766,0.00073192344,0.00040104394,0.003003699,0.00091773743,0.001407751,0.9933822,0.0001555433
1767,0.006994687,0.0010961605,0.01615288,0.00061860523,0.034262586,0.9407356,0.00013946142
1768,0.0006985834,0.0009528768,0.017306628,0.00027977547,0.007974524,0.97256947,0.00021818379
1769,0.00020201862,0.001071394,0.019265147,0.0001166431,0.09606001,0.88251287,0.0007718271
1770,7.532667e-07,4.503547e-06,0.00409197,6.3376424e-06,0.0015667868,0.99431324,1.6431008e-05
1771,3.7042903e-06,1.2433026e-06,4.493497e-05,6.735763e-08,0.0031524838,0.99678636,1.1205027e-05
1772,0.0022835971,0.00016518077,0.018504716,3.5875695e-05,0.4984055,0.480585,2.0129892e-05
1773,0.0001699374,0.00020168615,0.01214569,3.8573467e-05,0.10241014,0.8849071,0.00012683774
1774,0.1770625,0.21617103,0.06593542,0.2509751,0.0056153834,0.28274402,0.0014966116
1775,0.0023752586,0.00059100066,0.034263242,0.00013368114,0.17336681,0.7892456,2.4361656e-05
1776,0.0002656474,3.722849e-05,0.00634343,1.3622829e-05,0.26151192,0.7318183,9.884155e-06
1777,0.13149704,0.055865314,0.31438336,0.024082378,0.35827175,0.115832806,6.7379406e-05
1778,9.673388e-30,1.6775578e-20,1.3636738e-19,2.0746064e-36,6.1129534e-14,1.0,3.2115147e-18
1779,0.0054692463,0.013793406,0.010596852,0.004151946,0.021922704,0.9430529,0.001012989
1780,0.0,0.0,1.3e-43,0.0,2.8369822e-28,1.0,0.0
1781,4.101743e-05,1.2213125e-07,0.00045340796,2.7015044e-08,0.69592977,0.30357566,8.9479414e-08
1782,0.0001361718,0.00011775138,0.00023619473,3.1412477e-05,0.034975518,0.96447164,3.12913e-05
1783,0.00012228239,0.00022656166,0.003830794,4.652493e-05,0.083820835,0.91182137,0.00013169301
1784,0.00028570753,0.0002993093,0.05554233,0.00015016166,0.059794333,0.88383585,9.22625e-05
1785,0.004061667,0.004465009,0.020042788,0.00023571358,0.19643088,0.77378416,0.0009798368
1786,0.09671262,0.12596077,0.27989742,0.021209959,0.3832748,0.09240841,0.0005359934
1787,0.00071169436,0.00030117872,0.11857929,0.00043873195,0.026311133,0.85358673,7.122903e-05
1788,0.022048702,0.0019060959,0.055307407,0.00034780614,0.6902359,0.23013307,2.099817e-05
1789,0.007773974,0.0072976425,0.6633038,0.0047021713,0.1708522,0.14605135,1.8934918e-05
1790,0.15472664,0.31500208,0.27102983,0.07857323,0.019046634,0.15949114,0.002130431
1791,0.040333055,0.033281885,0.01708693,0.0032977925,0.37045696,0.534796,0.0007474051
1792,1.18819e-40,2.8699608e-30,1.06654526e-26,0.0,7.29945e-18,1.0,1.3311372e-30
1793,0.0044202623,0.0002976799,0.015432788,1.5599095e-05,0.17086275,0.8088033,0.00016762645
1794,0.0034634767,0.01293662,0.018952789,0.0011700353,0.012223709,0.94803745,0.0032159348
1795,0.00060503813,0.0015399683,0.094726786,0.00061048236,0.014897798,0.8874368,0.00018309704
1796,1.2225916e-05,2.1780466e-05,0.004286346,3.691039e-06,0.0775232,0.91810673,4.6034504e-05
1797,3.028808e-07,2.9548676e-07,2.008196e-05,5.768978e-08,0.0001386644,0.99984014,4.942765e-07
1798,0.012734095,0.008362421,0.092362136,0.0017078146,0.10613792,0.7778304,0.000865192
1799,0.00012703703,0.00022852713,0.00055582594,6.116324e-05,0.0014041797,0.9971347,0.00048849767
1800,6.783725e-06,8.9594926e-07,4.4099474e-05,1.9164215e-06,0.00015213338,0.9997936,5.46817e-07
1801,4.9803352e-06,5.477277e-06,0.00017693947,7.547837e-06,0.00051740994,0.9992822,5.5427026e-06
1802,5.0583714e-07,4.3348697e-05,8.7250846e-05,1.3584562e-06,3.1499032e-05,0.9996302,0.00020580478
1803,0.0003766609,0.000102548,0.0020278187,6.427451e-05,0.007854706,0.98948145,9.261303e-05
1804,3.57498e-05,7.619246e-05,0.0014597336,1.731513e-05,0.020636966,0.97768515,8.885029e-05
1805,0.0551401,0.59734446,0.120921284,0.058853388,0.002016052,0.15948816,0.0062365276
1806,0.0005498832,0.0006013016,0.0055024517,3.582013e-05,0.050303057,0.9427804,0.00022713564
1807,0.0041066553,0.0007436462,0.036016434,0.00046752958,0.1290439,0.82955295,6.879222e-05
1808,0.22292128,0.34765086,0.049480572,0.06941258,0.16602653,0.14379726,0.00071096426
1809,0.053573918,0.04183814,0.102851085,0.011740886,0.09630087,0.6913389,0.0023562245
1810,3.0931536e-05,1.9727966e-06,0.0019127906,9.924187e-07,0.13013685,0.8679119,4.568262e-06
1811,0.009350196,0.0022747437,0.11671316,0.008341503,0.019535815,0.84363544,0.00014908165
1812,6.3300104e-07,3.967058e-06,0.0001325012,2.4458102e-06,0.00039060912,0.99944216,2.7694332e-05
1813,0.0013541603,0.001573926,0.08378805,0.0015348574,0.13654068,0.7750656,0.00014273376
1814,0.00709589,0.005038282,0.72854674,0.002739094,0.17459637,0.08197682,6.7976857e-06
1815,3.9033028e-32,1.4027037e-23,2.4696689e-21,4.4086e-41,1.6213634e-14,1.0,4.283757e-22
1816,0.0045922995,0.32462534,0.0071290787,0.004828194,0.049108267,0.21409598,0.3956209
1817,4.2582713e-05,0.00081753894,0.005886381,0.000213033,0.016965047,0.9755334,0.0005419932
1818,0.009948936,0.00208616,0.08415314,0.0041724294,0.020764614,0.8787235,0.0001512934
1819,1.3289187e-17,1.32221265e-11,7.507719e-12,1.5161602e-20,5.8456773e-09,1.0,8.15363e-11
1820,0.0010549531,0.0022175065,0.16030188,0.00086206204,0.45428458,0.38057727,0.0007017484
1821,0.0044677346,0.00067996787,0.058572322,0.0003064066,0.1737993,0.7617339,0.00044039357
1822,0.0014106096,0.0018266068,0.027523778,0.00053186493,0.14508131,0.8229713,0.0006545477
1823,7.124263e-05,0.0002688033,0.0014964169,0.0012062017,0.00022290932,0.9965501,0.00018435332
1824,0.0070660636,0.0021574665,0.14158535,0.0016756392,0.12484542,0.7225792,9.084937e-05
1825,0.06661156,0.04136141,0.070556544,0.0048470567,0.5816285,0.2346757,0.00031925546
1826,0.0009006209,0.0016515959,0.09253267,0.0073996806,0.0012271581,0.89594656,0.00034167187
1827,0.0028330102,0.000319216,0.008749997,2.2373752e-05,0.4313668,0.55553514,0.0011734423
1828,0.006602285,0.0047908025,0.24190222,0.0035704107,0.08354326,0.65947276,0.000118304444
1829,0.014077879,0.007996605,0.3149362,0.011918557,0.036954045,0.6136404,0.0004763445
1830,0.0030461762,0.0001765149,0.04764767,0.00023527231,0.41831198,0.53019464,0.00038776052
1831,0.00013800625,2.1136491e-05,0.008000176,8.78442e-06,0.24990998,0.7419165,5.433215e-06
1832,0.005355505,0.004299979,0.35197112,0.0019810956,0.38405037,0.25231048,3.14343e-05
1833,5.746283e-17,1.5591094e-11,1.246423e-11,2.2683464e-20,8.193126e-09,1.0,9.2825664e-11
1834,0.0012631073,0.00018212723,0.053509377,0.00017793644,0.03311031,0.9115247,0.0002323592
1835,0.008196715,0.025484761,0.15162721,0.0042989305,0.1245368,0.6838235,0.0020321172
1836,0.2814247,0.42636645,0.078775965,0.097600505,0.011047719,0.10282593,0.001958747
1837,0.00041081558,0.0011590803,0.15323849,0.0006621024,0.3105014,0.5338786,0.00014950678
1838,0.43170455,0.048590686,0.15795279,0.017216023,0.18839426,0.15594462,0.00019709881
1839,1.2101611e-06,0.000108805245,6.279018e-05,9.413951e-06,5.558903e-05,0.9989274,0.0008347664
1840,0.048088565,0.23136985,0.29263234,0.06929078,0.030845145,0.326868,0.00090529444
1841,0.0005848399,0.0033372054,0.03507786,0.00037797767,0.058124036,0.9021375,0.0003605361
1842,0.00016312247,0.00023174807,0.003221561,0.00034970828,0.0011849268,0.9947325,0.000116535586
1843,0.03811208,0.4879135,0.018524839,0.028337829,0.027998716,0.38993004,0.009183062
1844,3.639583e-17,4.067663e-11,6.0399676e-12,2.626424e-20,4.1012673e-09,1.0,3.679704e-10
1845,0.00061821245,0.0001381131,0.016242482,1.7427832e-05,0.052425086,0.93052256,3.6132697e-05
1846,0.00016344157,0.0009419235,0.03851934,0.00017107696,0.18249214,0.76614046,0.0115716355
1847,0.000193737,0.00088361936,0.09236946,0.0005714637,0.09933558,0.8064708,0.00017527452
1848,3.195905e-05,2.699808e-05,0.0011058211,1.3672059e-05,0.0030346303,0.99573475,5.2277028e-05
1849,0.0021445209,0.0128763085,0.010116798,0.0013163728,0.08122266,0.8837756,0.008547763
1850,6.549539e-05,2.6138945e-05,0.003052731,3.8130559e-06,0.18554534,0.81073016,0.000576446
1851,6.24e-43,1.8473257e-30,4.383256e-28,0.0,2.1548756e-18,1.0,1.4077643e-30
1852,0.0028901407,0.0001419663,0.0532729,0.00014596285,0.22841327,0.71509576,4.0125396e-05
1853,0.029010123,0.081954546,0.22872916,0.025974875,0.0030681367,0.6282328,0.003030377
1854,1.5675803e-05,9.989389e-06,0.0012411828,2.1201171e-05,0.0017118892,0.9969733,2.6859027e-05
1855,0.005108013,0.0027535919,0.0067344955,0.0001792058,0.022523757,0.9611389,0.0015620511
1856,0.0003772498,0.00019384369,0.008494725,5.976745e-05,0.04369848,0.94709224,8.376587e-05
1857,0.00026652942,3.6594796e-05,0.0026867993,2.6519638e-05,0.042053528,0.9548405,8.959978e-05
1858,7.20592e-15,3.647831e-10,5.1807086e-10,4.965903e-17,5.682602e-08,0.9999999,4.14003e-09
1859,0.0029301543,0.09196795,0.12589407,0.0065534143,0.01869868,0.74817187,0.0057838117
1860,0.0014538225,0.005512218,0.010888094,0.0017581979,0.030602146,0.9463254,0.0034601297
1861,1.2273575e-06,6.8447566e-06,0.000115879746,2.06128e-05,7.3586176e-05,0.9997656,1.6265842e-05
1862,0.0019634443,0.00027458262,0.0403963,0.00023309418,0.018343661,0.9384424,0.00034658037
1863,0.000121024226,0.0044961907,0.0037077214,0.0002709567,0.013319429,0.97618777,0.0018968774
1864,0.004092356,0.00062848395,0.04131765,0.000104990046,0.1411993,0.8125004,0.00015677912
1865,6.2978885e-05,9.3584276e-05,0.031553596,6.014923e-05,0.051776648,0.9164214,3.1582058e-05
1866,0.122707434,0.2834923,0.104415916,0.02298909,0.13313887,0.3202919,0.0129644815
1867,0.00031289365,0.00086964236,0.0007204324,0.00022433526,0.005987825,0.9916046,0.00028018252
1868,0.016394407,0.00037333686,0.08102061,0.0001848146,0.44798163,0.454038,7.2382795e-06
1869,4.5185684e-35,1.2213096e-24,4.166459e-23,2.2e-44,8.214738e-16,1.0,5.769083e-24
1870,9.895552e-09,2.8266852e-06,1.644383e-06,2.8368255e-10,1.7594853e-05,0.9999757,2.2437032e-06
1871,0.009600955,0.0011151512,0.053741533,0.00029338698,0.33127543,0.60372186,0.0002516376
1872,1.9813627e-14,1.4168301e-09,7.789843e-10,1.7230719e-16,1.0427711e-07,0.9999999,1.6103798e-09
1873,0.0017290628,0.0017028236,0.0064392416,0.00042537355,0.09046648,0.89916474,7.2392955e-05
1874,4.0149497e-25,2.3539198e-17,9.197118e-17,2.3176388e-31,1.6124622e-11,1.0,4.539483e-16
1875,0.00025547823,0.021063166,0.00090179115,0.00016102426,0.0032612283,0.96892256,0.0054346886
1876,0.013919492,0.006508185,0.08117117,0.0027083028,0.18850932,0.7066947,0.00048884714
1877,2.6448256e-18,6.7104313e-12,3.0453812e-12,2.1077911e-21,1.735566e-09,1.0,1.6738907e-10
1878,0.58727896,0.27032492,0.06659006,0.039069965,0.0137058385,0.02269399,0.00033625498
1879,0.0022858349,0.00057694287,0.033339832,0.00023687331,0.1551234,0.8083904,4.6722544e-05
1880,1.3601868e-05,3.5835e-06,0.0005644203,1.1875159e-05,0.00033167444,0.99907124,3.587641e-06
1881,5.2446044e-15,3.046337e-10,3.9141865e-10,1.2429152e-17,3.4767012e-08,1.0,2.5391808e-10
1882,6.905101e-06,6.339521e-05,0.00037259253,2.135667e-05,0.00041864044,0.99772626,0.0013908129
1883,0.0015286854,0.00031316004,0.00537249,1.9564832e-05,0.4398996,0.5528299,3.6604e-05
1884,0.00015947378,5.923834e-05,0.025902582,1.5221152e-05,0.2561144,0.71770746,4.1642666e-05
1885,0.07819352,0.025240218,0.36490738,0.04964286,0.033507172,0.4481913,0.0003174682
1886,0.0,0.0,1.112e-41,0.0,7.942507e-27,1.0,0.0
1887,0.08077282,0.006949296,0.16440682,0.004224045,0.48010656,0.26352438,1.6080985e-05
1888,4.394343e-08,5.467028e-06,1.4216966e-05,1.24472e-07,7.754875e-06,0.9999391,3.323799e-05
1889,7.03292e-40,2.1958512e-26,1.6711528e-26,0.0,6.3327827e-18,1.0,4.039006e-25
1890,4.2606447e-05,0.00053017377,0.037041273,3.224377e-05,0.7060414,0.21475844,0.041553807
1891,1.9387004e-15,8.185553e-12,3.185551e-10,2.7829414e-18,2.4623477e-08,1.0,6.472404e-12
1892,1.1991372e-05,1.3453774e-05,0.00017599108,2.71957e-05,0.000121702986,0.9996381,1.153552e-05
1893,0.00013605662,3.72777e-05,0.01822835,1.586599e-05,0.09994669,0.88160163,3.4052424e-05
1894,0.0013059253,0.00047751796,0.02218617,0.0006714709,0.011589172,0.96360564,0.00016414288
1895,0.004148112,0.005787339,0.076736,0.00081441755,0.033314623,0.87857676,0.0006227419
1896,8.236012e-31,4.4740545e-22,2.1187073e-20,2.839338e-39,1.2126861e-13,1.0,6.1749227e-21
1897,1.0769466e-09,1.06736714e-07,1.2029137e-05,1.1655253e-06,2.1331693e-06,0.9999577,2.6896045e-05
1898,0.00015040163,8.707552e-05,0.00050982996,0.0002076257,0.00067961146,0.9983524,1.2928604e-05
1899,9.889636e-25,3.0215605e-16,3.076481e-16,6.1105725e-30,6.9004776e-12,1.0,5.2019055e-15
1900,1.5857851e-05,1.5519352e-05,0.0002416414,1.3272246e-06,0.0056365966,0.99406826,2.0855447e-05
1901,2.0974983e-05,3.6616498e-06,0.017880099,3.973111e-06,0.10294028,0.879149,1.9957586e-06
1902,7.865671e-05,0.00071548764,0.002858617,0.000106008825,0.02794992,0.96717125,0.0011200411
1903,2.6651593e-05,0.0008453724,0.00071185484,2.2670914e-05,0.0012012487,0.9962275,0.00096473447
1904,0.26232547,0.11117642,0.17114475,0.080501385,0.115681306,0.25869456,0.00047615313
1905,2.1911637e-05,0.00046985727,0.0008699443,0.00020490527,0.0029295478,0.99496114,0.0005426563
1906,0.29453272,0.49208528,0.12814684,0.048387043,0.0025619776,0.029436342,0.0048498223
1907,0.00026498595,0.0074673123,0.012035247,0.00046922895,0.0034864966,0.97529954,0.0009771895
1908,7.632505e-06,0.004604538,0.00014122232,1.4594041e-05,0.003330991,0.013897111,0.978004
1909,4.04736e-07,6.36554e-05,0.00017348687,9.542994e-07,0.009282286,0.33691648,0.6535627
1910,1.3625548e-06,8.188243e-06,0.00013990207,1.8941706e-05,7.639174e-05,0.9997284,2.6751348e-05
1911,3.2988816e-17,1.7552657e-11,1.2063569e-11,2.5125456e-20,5.5811022e-09,1.0,5.5154433e-11
1912,0.005146281,0.0068444246,0.40320033,0.0026460155,0.07250267,0.50940245,0.00025787734
1913,0.007844477,0.09613858,0.021456521,0.005300726,0.026698086,0.79804057,0.044521037
1914,0.47579303,0.116317205,0.112015195,0.028118342,0.21637572,0.051328965,5.147665e-05
1915,1.9301839e-10,1.2508236e-06,2.7696308e-07,2.9234108e-11,3.419472e-06,0.9999856,9.480569e-06
1916,1.9212246e-05,6.189594e-05,0.0090319365,3.160473e-05,0.008582896,0.98223144,4.0917814e-05
1917,0.23921756,0.34480488,0.04551558,0.0520534,0.07892663,0.23914556,0.00033634307
1918,1.2088113e-20,4.4792132e-14,7.889909e-14,1.613436e-24,1.962374e-10,1.0,1.3700295e-12
1919,0.012903376,0.12060879,0.020945067,0.011519227,0.014487111,0.811391,0.008145465
1920,0.49772763,0.20813048,0.09409958,0.038576398,0.09907244,0.062150307,0.00024323883
1921,0.00047819648,4.8777456e-05,0.0037922442,1.3618555e-05,0.1268471,0.86881286,7.2555863e-06
1922,0.0002166233,0.000776501,0.006124513,0.000261749,0.015322123,0.97690636,0.00039205328
1923,0.005884583,0.0092383195,0.031685174,0.0011799538,0.56831133,0.38241166,0.0012889416
1924,0.00039058866,0.00088443,0.0047520245,0.0006805666,0.0005884083,0.9921157,0.0005883573
1925,0.0014518413,0.002838868,0.14626643,0.00029902667,0.4744585,0.37407464,0.00061074225
1926,0.041515954,0.61685425,0.03143039,0.026597627,0.002919582,0.24193585,0.03874644
1927,6.011307e-06,7.197931e-05,0.0008789258,3.2709646e-05,0.0007759016,0.9896723,0.008562241
1928,0.00066564087,0.00017822214,0.030086832,2.3383322e-05,0.11756288,0.84880465,0.002678486
1929,6.2125446e-26,8.8165476e-18,1.390948e-17,3.4569888e-31,6.6394383e-13,1.0,2.164203e-16
1930,0.002479411,0.0022148278,0.0044719423,0.0001796744,0.022551332,0.96601796,0.002084867
1931,2.102875e-05,4.61185e-06,0.0004148064,1.6265016e-05,0.00027169855,0.99926883,2.6157566e-06
1932,0.00015958522,5.684862e-06,0.0037260556,7.978948e-06,0.020298757,0.9757985,3.421184e-06
1933,0.0006614888,0.0001798508,0.009248622,2.1104104e-05,0.053394653,0.9364038,9.047832e-05
1934,0.0,0.0,0.0,0.0,8e-45,1.0,0.0
1935,0.00041509973,0.00062510686,0.00033913215,7.2732415e-05,0.041224215,0.9565759,0.00074779685
1936,8.231124e-05,1.3642009e-05,0.0008921561,1.3735481e-05,0.0071421033,0.99184495,1.1159202e-05
1937,8.098466e-06,4.570134e-06,0.0005355787,1.5618094e-05,0.00046036905,0.9989716,4.2038296e-06
1938,0.00075491925,0.0012399114,0.008834828,0.00016636157,0.029343484,0.9591345,0.00052593584
1939,0.014945345,0.05046116,0.033958513,0.008866028,0.028084632,0.86109453,0.002589803
1940,0.0010273866,0.0005134487,0.45983854,0.0007151489,0.16413791,0.37375465,1.296956e-05
1941,0.011315232,0.0108616445,0.38642853,0.007671209,0.09484857,0.48856452,0.00031025388
1942,4.3589545e-05,4.150697e-05,0.028130848,2.2500586e-05,0.02951291,0.9421747,7.394607e-05
1943,1.8446803e-20,2.4795045e-14,7.072726e-14,4.8000263e-25,9.08837e-10,1.0,1.0383891e-14
1944,0.00010329258,5.376393e-05,0.0030602699,0.0002715916,0.00052531995,0.99596184,2.3805485e-05
1945,0.0051327134,0.011386821,0.019605678,0.0039012637,0.25478822,0.7045176,0.0006676567
1946,7.071603e-05,2.830195e-06,0.008973732,2.147746e-06,0.48755336,0.5033894,7.815715e-06
1947,0.050189,0.018589782,0.50453776,0.011480879,0.24944662,0.16570799,4.798097e-05
1948,0.00023932164,0.001172638,0.006945836,0.012533371,0.00012018812,0.97861654,0.0003720922
1949,2.1404423e-06,5.959746e-06,0.00017812032,2.9660303e-06,0.0015221605,0.99811697,0.00017170946
1950,0.0006700026,0.00045078064,0.02018181,0.00043033666,0.17605245,0.8020947,0.000119948156
1951,3.081807e-05,1.7151368e-05,0.037197772,2.546023e-05,0.028498037,0.93418837,4.2382086e-05
1952,0.016069159,0.0020954732,0.067228675,0.00067562633,0.54448634,0.3694339,1.0846628e-05
1953,8.983397e-21,1.03796833e-16,6.548792e-14,2.172645e-27,1.2841935e-09,1.0,6.2803374e-18
1954,0.00010799238,0.00031614388,0.0015783259,0.0008932709,0.00029725436,0.9967225,8.4424864e-05
1955,4.5318797e-05,0.00010316335,0.0010417918,1.7230266e-05,0.004230522,0.9938378,0.0007242131
1956,0.00019115135,0.0024812205,0.007959815,0.000367689,0.043661457,0.9443081,0.0010305378
1957,0.6119828,0.27152097,0.043679148,0.03770927,0.019804567,0.015271204,3.2018714e-05
1958,0.030308798,0.0058558085,0.060946207,0.00060092047,0.60269654,0.29919907,0.00039263454
1959,0.013148643,0.0050837,0.26386428,0.0016002752,0.45362732,0.2626334,4.232338e-05
1960,0.010410382,0.008478458,0.7458283,0.0048695393,0.09772163,0.13264908,4.2642932e-05
1961,0.2011271,0.23668559,0.33225116,0.05653479,0.033013463,0.1370868,0.003301085
1962,2.1391196e-24,8.1440037e-16,3.5893146e-16,7.799551e-29,5.0029174e-12,1.0,6.570011e-14
1963,0.45170504,0.052127905,0.07029899,0.011433255,0.22060373,0.19376299,6.8086745e-05
1964,1.1854513e-05,5.392535e-06,0.00036194915,8.745255e-06,0.0005926152,0.9990012,1.8327284e-05
1965,9.398374e-05,0.00014997933,0.0017384699,0.0007233363,9.65653e-05,0.9971009,9.682203e-05
1966,7.04751e-16,3.473097e-11,7.698939e-11,4.525939e-18,2.0394392e-08,1.0,1.2202781e-09
1967,0.14187749,0.6999528,0.08164498,0.04001363,0.0004102661,0.02056389,0.015536935
1968,2.437869e-05,0.00012997721,0.010543524,2.6957794e-05,0.039277207,0.9479105,0.0020874226
1969,0.00015897483,0.00014641676,0.018719198,3.6684534e-05,0.074432924,0.9043629,0.0021428878
1970,4.03614e-05,0.00012755125,0.007732048,3.0472716e-05,0.004982372,0.98699236,9.486473e-05
1971,5.230734e-07,3.979792e-05,7.5244745e-05,4.434544e-07,4.4356697e-05,0.9997701,6.946603e-05
1972,0.0011693661,0.0004768611,0.030826362,0.0003986416,0.059553385,0.90703297,0.00054247316
1973,4.3831995e-05,1.8153853e-05,0.0025286383,7.3728093e-06,0.05592965,0.9414581,1.4231604e-05
1974,0.17480163,0.5360255,0.05602694,0.062382113,0.054182086,0.11202028,0.0045613903
1975,3.0614724e-06,5.1004157e-05,0.00035719402,1.2480368e-05,0.00015455805,0.9990521,0.00036963818
1976,0.014665388,0.0045438977,0.052885577,0.00057265797,0.13764718,0.7894522,0.00023302725
1977,1.2560901e-06,8.3887735e-06,0.0010186633,3.255092e-07,0.39850917,0.55879235,0.04166982
1978,4.8646084e-06,4.1045747e-05,0.00021303589,9.405052e-06,0.00019448056,0.9987534,0.0007836857
1979,1.2182868e-08,1.3938254e-06,3.9753068e-06,6.7831936e-09,1.7906488e-05,0.9999628,1.3884768e-05
1980,0.0012668362,0.00013689518,0.05952946,0.00031530752,0.019892082,0.9187203,0.00013910826
1981,5.9762183e-06,1.6251925e-05,0.0034536165,9.839596e-06,0.008909326,0.9875739,3.105992e-05
1982,1.4112755e-06,1.541245e-06,8.915288e-05,1.6728603e-06,0.00029484028,0.9996026,8.83684e-06
1983,6.049958e-05,2.0181871e-05,0.0071053575,5.0380104e-06,0.11845674,0.87415105,0.00020110831
1984,3.1540512e-06,6.7872716e-06,0.00017928894,3.4244676e-06,0.0006838078,0.9990426,8.08682e-05
1985,0.0,0.0,0.0,0.0,3.9383048e-30,1.0,0.0
1986,0.025251038,0.001201638,0.10007979,0.0010291024,0.44133455,0.43108216,2.1745973e-05
1987,2.6466398e-05,4.084097e-06,0.0019270477,1.1339262e-05,0.008565689,0.98946255,2.7708932e-06
1988,0.0010787765,0.00032125408,0.003472956,0.0012382162,0.0014470498,0.9924333,8.4646035e-06
1989,1.1997816e-05,3.1920787e-05,0.00020411397,3.6462732e-06,0.00011098045,0.99961084,2.640697e-05
1990,6.705864e-27,2.3050999e-17,2.6155585e-18,4.5215387e-33,8.070458e-13,1.0,5.548815e-16
1991,0.19093853,0.111076824,0.34058687,0.037498593,0.12264083,0.19661729,0.00064104813
1992,0.00035598903,3.6742083e-05,0.0020123138,9.300739e-06,0.21818183,0.77933735,6.656915e-05
1993,0.0072347485,0.023602154,0.05888489,0.066408,0.005933472,0.83465123,0.0032855268
1994,2.2920054e-05,0.0008105277,0.004976136,7.61405e-05,0.0010257929,0.9928076,0.00028091116
1995,0.014851627,0.0046602823,0.26249596,0.0054859673,0.03512076,0.6768041,0.00058131135
1996,0.03414295,0.09127511,0.026509771,0.023976846,0.07021848,0.75293934,0.0009375156
1997,0.0,4.233247e-32,7.4664335e-31,0.0,1.6005729e-19,1.0,5.4981174e-32
1998,0.43282714,0.09857027,0.03727369,0.037575778,0.10688962,0.2867986,6.492116e-05
1999,5.758271e-06,8.970961e-06,0.0005674161,9.379344e-07,0.017981688,0.9814193,1.591882e-05
2000,0.0011845493,7.243124e-05,0.030008713,2.7825256e-05,0.10556046,0.8631038,4.2281095e-05
2001,0.001176411,1.940993e-05,0.010238627,6.6010502e-06,0.56225437,0.42629984,4.744525e-06
2002,0.0,1.122872e-39,3.220713e-35,0.0,3.7348042e-23,1.0,4.683777e-39
2003,0.00017069328,0.0012832629,0.0030179939,8.970514e-05,0.011638855,0.9833213,0.00047825064
2004,1.5906513e-05,7.0110536e-06,0.00050059677,1.4337332e-05,0.000579665,0.9988757,6.7934416e-06
2005,0.0005705927,6.1221355e-05,0.023770384,1.9785002e-05,0.3920833,0.5834501,4.475698e-05
2006,0.0007393144,0.00020301445,0.0033909753,1.6663966e-05,0.25275207,0.74283797,5.993255e-05
2007,0.000151018,0.0002503669,0.0048793997,7.492664e-05,0.0029057907,0.9887714,0.0029670638
2008,0.03624805,0.0030225737,0.23071387,0.003553928,0.04573817,0.68024224,0.00048115334
2009,0.0009395593,0.0020382365,0.025452387,0.000936943,0.083745964,0.88644683,0.0004400618
2010,0.0,6.9114455e-36,5.4526495e-31,0.0,4.7560937e-20,1.0,1.3854801e-36
2011,3.2459768e-11,3.5228748e-08,1.7929698e-07,3.242621e-12,3.1620825e-06,0.9999964,1.9353799e-07
2012,0.18616018,0.40693486,0.16732705,0.08505473,0.038329914,0.1124263,0.003767015
2013,5.390617e-07,1.26077275e-05,0.00015710418,2.2284554e-05,9.2387694e-05,0.9993686,0.00034647124
2014,0.2006167,0.17212074,0.2142579,0.056172993,0.15310408,0.20217222,0.001555372
2015,1.6254643e-06,1.6975721e-06,0.00011043827,6.103926e-07,0.0008403395,0.9989711,7.427376e-05
2016,0.0004774939,0.0010381733,0.112791,0.00073521887,0.014826449,0.8698614,0.0002702654
2017,0.09173297,0.78614265,0.02904734,0.031183217,0.007228802,0.031757005,0.022908052
2018,3.0495556e-34,1.0606227e-24,2.7842842e-22,7.8e-44,1.379302e-14,1.0,2.3834492e-24
2019,0.033805445,0.00052068173,0.030616125,0.00013071454,0.7905302,0.14439224,4.577199e-06
2020,8.765767e-06,7.516185e-06,0.0003278594,1.1276461e-05,0.0014620763,0.9981217,6.0801125e-05
2021,3.534725e-05,5.956521e-06,0.0057923044,9.560643e-06,0.06566677,0.9284765,1.35683795e-05
2022,8.5031905e-11,2.1827799e-07,9.753788e-08,4.563537e-12,3.719532e-06,0.9999937,2.3153739e-06
2023,0.008372575,0.004456127,0.027479375,0.00029926878,0.06648057,0.883059,0.009852974
2024,0.6213195,0.16059259,0.047293674,0.033984892,0.111211166,0.025559144,3.912899e-05
2025,0.003823576,0.0005970137,0.06075939,0.0006457203,0.03600948,0.89729834,0.0008664308
2026,0.0,0.0,0.0,0.0,4.309562e-34,1.0,0.0
2027,0.06656663,0.4125133,0.06354389,0.04119212,0.013872146,0.38894004,0.013371899
2028,0.013085719,7.831348e-05,0.044307154,3.377926e-05,0.5038931,0.43858293,1.9016677e-05
2029,0.013379305,0.0073240665,0.026170442,0.00092054275,0.2993072,0.65278596,0.00011247292
2030,0.00017630305,0.00030098984,0.011065904,0.0002024079,0.05673054,0.9314845,3.92215e-05
2031,1.7548855e-17,3.232544e-11,2.5905137e-12,3.783291e-20,2.7186426e-09,1.0,8.3070634e-10
2032,5.982413e-06,8.355711e-05,0.00737513,1.4215378e-05,0.032706942,0.9591078,0.00070640765
2033,0.20538704,0.043570645,0.07202927,0.012154528,0.50486636,0.16195522,3.694565e-05
2034,0.0018737477,0.0009645411,0.073073685,0.00035199762,0.6144093,0.30910727,0.00021935442
2035,1.6668004e-11,2.3009141e-08,7.579657e-08,3.108401e-12,9.5147624e-07,0.9999975,1.5223103e-06
2036,1.8425754e-06,0.00014028556,7.321895e-05,1.1807539e-06,9.890872e-05,0.9994941,0.00019048525
2037,0.0032939774,0.011936522,0.04687496,0.0016598657,0.07303973,0.86175513,0.0014397945
2038,0.21479788,0.038940478,0.35850227,0.026539747,0.28192928,0.07925539,3.497156e-05
2039,0.3188388,0.286509,0.1545428,0.030228449,0.10965817,0.09756135,0.0026614608
2040,0.0,0.0,6.5817334e-34,0.0,5.9489537e-21,1.0,0.0
2041,0.0059121447,0.004986168,0.058515333,0.00093326473,0.071610525,0.85614204,0.0019005854
2042,0.003321682,0.00023955578,0.006553492,5.5915025e-05,0.22131357,0.7682197,0.00029604245
2043,0.0017589584,0.0008653216,0.007761524,0.0025831196,0.005362533,0.9816312,3.7339472e-05
2044,0.15813674,0.5823803,0.0022561701,0.002028904,0.19727342,0.05309302,0.004831492
2045,0.0028722114,0.0022744606,0.50656366,0.0018392208,0.16229858,0.32412428,2.759281e-05
2046,0.0014772485,0.11009903,0.016600989,0.00295606,0.009190031,0.48960152,0.37007508
2047,6.343929e-05,0.00066868955,0.0012131047,1.32735e-05,0.003413709,0.9944812,0.00014657751
2048,1.1956537e-20,1.5706715e-16,1.9006305e-14,4.509873e-27,1.3357352e-08,1.0,1.415771e-17
2049,2.6110092e-05,0.012732097,0.0004941605,4.639798e-05,0.026089637,0.08657272,0.87403876
2050,0.0016659382,0.00024772814,0.024918329,9.8857214e-05,0.4611601,0.5118941,1.4893528e-05
2051,0.0011799126,0.00032063364,0.09647634,0.0001919375,0.3395186,0.5622787,3.3806882e-05
2052,3e-45,1.3463338e-32,6.622294e-30,0.0,6.464038e-20,1.0,9.908369e-32
2053,0.013602822,0.45953575,0.03547324,0.03131908,0.004337475,0.45274028,0.0029913213
2054,0.0033238055,8.800242e-05,0.014689704,1.293867e-05,0.3021472,0.67967415,6.419646e-05
2055,0.10048532,0.07830905,0.15852481,0.060277514,0.056080103,0.54556483,0.0007584002
2056,0.000290891,2.7962109e-05,0.0060780533,1.5170235e-05,0.044014707,0.94956326,9.999544e-06
2057,0.015225118,0.006872159,0.03667639,0.0024721187,0.53144664,0.4071671,0.0001404432
2058,3.987599e-24,3.7541583e-16,4.0089077e-16,5.362652e-30,5.1353036e-11,1.0,1.9380063e-14
2059,2.195434e-17,7.522971e-12,7.2252556e-12,5.0221685e-21,1.2334225e-08,1.0,2.3513332e-11
2060,0.11898018,0.031014875,0.22619402,0.047805544,0.022253538,0.5528744,0.0008775141
2061,0.0026902177,0.0020633794,0.52153915,0.0011896103,0.1448149,0.32765418,4.854969e-05
2062,3.5337715e-05,2.371832e-06,0.002709291,3.3514955e-06,0.20374204,0.79350644,1.2579178e-06
2063,0.00015661419,0.00025456434,0.0005618602,3.8534654e-05,0.10708669,0.89187926,2.2522683e-05
2064,0.0021005038,0.0006247206,0.08551892,0.004209686,0.002026909,0.9054268,9.243621e-05
2065,1.077057e-05,0.00014432843,0.00042770524,6.008809e-05,0.00093862216,0.997905,0.0005135148
2066,0.023645926,0.0031238932,0.32386047,0.00435251,0.4195766,0.22543333,7.258283e-06
2067,0.122756705,0.005904713,0.1921153,0.011064075,0.11298611,0.55514264,3.055182e-05
2068,1.967977e-09,1.1819997e-06,1.3699699e-06,7.229089e-10,7.869983e-06,0.9999782,1.1397928e-05
2069,7.7477496e-05,0.0014226726,0.015173937,0.00046508733,0.008478801,0.97391576,0.0004662131
2070,0.003243885,0.05008233,0.08331383,0.009794858,0.0066017536,0.8438109,0.0031524806
2071,0.004334882,0.007252555,0.09359457,0.0042814505,0.10569167,0.78461725,0.00022769198
2072,4.9372287e-05,2.9360886e-05,0.0029854814,9.208097e-06,0.0539286,0.9428894,0.00010855384
2073,0.005571256,0.00459628,0.68715906,0.0027126097,0.065695025,0.23419164,7.413808e-05
2074,0.2784093,0.51361096,0.041657582,0.0667026,0.015580956,0.08239051,0.001648072
2075,1.4134571e-23,7.2952825e-16,1.2149445e-15,2.9941424e-28,1.0199879e-11,1.0,1.2835315e-14
2076,2.382564e-05,1.0313842e-05,0.010128659,6.180399e-06,0.025701111,0.96408683,4.3105523e-05
2077,0.0052287136,0.0077753747,0.1554345,0.0046182577,0.25425273,0.57240945,0.00028101302
2078,2.3195159e-14,7.3915546e-10,4.8429344e-10,3.980639e-16,7.0597814e-08,0.9999999,2.7429667e-09
2079,0.013388213,0.0013768554,0.0063559716,0.00037318104,0.3837734,0.5947202,1.2221003e-05
2080,2.7549722e-25,7.894063e-18,7.369597e-17,5.5959413e-31,2.6072636e-12,1.0,6.5258145e-17
2081,3.9731655e-12,7.153203e-09,3.179197e-08,8.052043e-14,6.208188e-07,0.9999993,2.9803818e-08
2082,2.0084901e-06,2.4186388e-06,8.227145e-05,4.0023674e-06,0.00028249554,0.99962103,5.750534e-06
2083,6.048553e-39,4.6328436e-26,1.1034828e-25,0.0,9.775311e-18,1.0,7.397903e-25
2084,0.0057469057,0.0010390216,0.044419535,0.00021774923,0.47851053,0.47005957,6.687489e-06
2085,4.7526686e-05,6.833088e-05,0.007040863,1.3272824e-05,0.058429595,0.93436545,3.501612e-05
2086,3.194122e-05,0.011238562,0.0006857823,4.271388e-05,0.047475163,0.015490973,0.9250348
2087,2.568449e-15,1.893564e-10,2.4397323e-10,2.1882102e-17,1.8030216e-08,1.0,2.0085855e-09
2088,0.013309891,0.006369997,0.59417987,0.0023887868,0.21139571,0.17232412,3.164245e-05
2089,0.003469613,0.0009947307,0.05030848,0.0003963439,0.25881028,0.68594545,7.5039214e-05
2090,0.0001869941,1.7747478e-05,0.05628601,3.165152e-05,0.037955623,0.90550274,1.9305371e-05
2091,1.2717316e-05,1.6071182e-05,0.00060320756,0.00013358725,0.00010146621,0.99911803,1.4816695e-05
2092,0.32906926,0.13284175,0.29567602,0.0473983,0.045066454,0.1493554,0.0005928013
2093,0.010041105,0.23989631,0.11488756,0.047346946,0.019847365,0.5643131,0.0036676347
2094,0.4956243,0.28579798,0.08644005,0.09058264,0.01575962,0.025525907,0.0002694039
2095,7.8716264e-05,3.291543e-05,0.0049198815,8.57304e-05,0.0029904193,0.9918324,6.004452e-05
2096,9.543876e-05,0.00029000072,0.02054596,0.00017443615,0.01635215,0.96250427,3.7812242e-05
2097,0.00014434302,0.00014623809,0.0014833461,0.0002496194,0.001258915,0.9965404,0.00017719429
2098,0.1695751,0.2737375,0.16739643,0.0444312,0.06777511,0.27295366,0.004131019
2099,1.8970872e-05,2.2044282e-05,0.00061010773,4.128918e-05,0.00030598755,0.9989749,2.6629079e-05
2100,0.030087674,0.1569081,0.112031,0.026917223,0.027242264,0.6442274,0.0025863796
2101,0.085695244,0.07275364,0.09463739,0.036865592,0.055788197,0.65225863,0.002001432
2102,0.0723014,0.06884783,0.26746082,0.027757432,0.188611,0.37423956,0.000782011
2103,0.074328035,0.5033044,0.04286782,0.11212879,0.0047970894,0.2565031,0.00607075
2104,9.104657e-30,2.3601652e-20,1.4682977e-19,3.6234502e-36,3.3578802e-14,1.0,3.9261616e-19
2105,5.414158e-39,1.4112055e-30,1.2708375e-25,0.0,1.2030176e-16,1.0,3.7682477e-31
2106,0.0010356628,0.00026342174,0.025789088,9.22893e-05,0.115310006,0.85747564,3.3887805e-05
2107,8.180016e-05,1.2615147e-05,0.0422422,4.366271e-05,0.008051135,0.9495449,2.3674094e-05
2108,0.00049877795,0.0018363239,0.0019177838,0.004476672,0.00046787848,0.9905049,0.00029765558
2109,0.005653108,0.0014467373,0.065890096,0.0005597081,0.036717504,0.88916326,0.00056961796
2110,1.7256718e-06,2.6308322e-07,0.0004422273,1.5411896e-06,0.0008007579,0.99875295,5.208735e-07
2111,0.0009952945,0.00021806038,0.007658323,0.00010805627,0.042173013,0.94876575,8.1558544e-05
2112,8.4501346e-13,2.2876154e-08,1.1654394e-08,1.8953224e-14,4.058114e-07,0.9999994,2.3107359e-07
2113,2.1784376e-06,1.4024293e-06,0.00011887301,9.810498e-07,0.00043813675,0.99943155,6.851984e-06
2114,1.0245392e-05,0.00028449995,0.00034786662,0.00040233112,3.0294697e-05,0.9975514,0.0013734311
2115,0.0026789312,0.0003843591,0.045525562,0.00013283943,0.11396982,0.83707315,0.00023534441
2116,5.6694503e-11,8.821857e-08,6.842495e-08,9.714278e-13,1.4854778e-06,0.999998,3.2359983e-07
2117,0.010867252,0.022149725,0.2782659,0.017725304,0.107215315,0.5633157,0.00046084472
2118,0.03777761,0.0413744,0.17707552,0.012975532,0.2421313,0.4879731,0.0006924861
2119,0.00058144494,0.011297066,0.011353029,0.0113478275,3.6105506e-05,0.9607169,0.004667537
2120,1.0330056e-06,4.5699644e-06,6.9509246e-05,8.54704e-06,3.9274863e-05,0.99986374,1.330285e-05
2121,0.012475395,0.009162174,0.70135766,0.0037217594,0.18491636,0.08835118,1.5392772e-05
2122,0.08744983,0.14826459,0.1844507,0.024709307,0.27423137,0.2791057,0.0017885256
2123,7.0789133e-06,1.9046578e-05,7.7867495e-05,1.4791309e-05,0.0009982849,0.9988512,3.1816628e-05
2124,1.115439e-05,1.1559925e-05,0.00049425656,2.8446977e-05,0.0005774487,0.998871,6.0794823e-06
2125,0.0021938297,0.0029974903,0.008703641,0.0083386665,0.0032564953,0.97423935,0.00027058873
2126,0.0007239261,7.606106e-05,0.006062125,3.8110826e-05,0.14264213,0.8504344,2.3244571e-05
2127,5.0532463e-09,4.605693e-06,2.364648e-06,4.1278807e-09,8.922028e-06,0.99995255,3.1532938e-05
2128,0.00028190835,2.8031442e-05,0.04305208,9.56578e-05,0.032667633,0.92385155,2.3006154e-05
2129,0.09544525,0.10931391,0.17342283,0.021627877,0.15339614,0.44558603,0.0012079965
2130,0.00025239668,0.0015496741,0.041245975,0.0015749307,0.009153412,0.9458552,0.00036838854
2131,0.017951583,0.001640257,0.017909653,0.007753388,0.01226125,0.9424726,1.1350843e-05
2132,0.0019842477,9.152329e-05,0.06590204,4.2025236e-05,0.30559868,0.62636715,1.4281005e-05
2133,3.9068862e-05,9.3878725e-06,0.0006341769,1.43274565e-05,0.005747033,0.99354917,6.8661525e-06
2134,0.008667834,0.0073935897,0.08915872,0.0014632978,0.14699376,0.74398303,0.0023397251
2135,9.40246e-21,4.5384334e-13,3.450984e-14,2.3279522e-24,1.5705624e-10,1.0,1.0168198e-11
2136,9.904741e-05,3.1504307e-05,0.0030704502,2.1320864e-05,0.011790789,0.9849318,5.502492e-05
2137,0.6649715,0.018365279,0.05081464,0.0031834133,0.22817354,0.034462374,2.921362e-05
2138,0.00015626584,1.2690441e-05,0.03608944,1.5273441e-05,0.1699928,0.79372853,5.020897e-06
2139,2.512364e-06,2.5710196e-05,0.00025393235,1.5657011e-05,0.0005339229,0.99878067,0.00038748299
2140,7.8197145e-06,5.6689976e-05,4.3808166e-05,2.5025126e-06,0.0067082066,0.99315417,2.6789125e-05
2141,1.6541739e-08,2.87172e-07,2.72241e-06,1.1710239e-09,1.5495598e-05,0.9999813,2.3485488e-07
2142,0.00015530182,0.0007396568,0.020521041,5.2155454e-05,0.15646976,0.819075,0.002987103
2143,0.003486624,0.00028630055,0.019802319,4.4085966e-05,0.16400826,0.8122497,0.00012268499
2144,1.3903055e-18,4.7926385e-12,1.1757445e-11,8.612924e-21,5.1382973e-09,1.0,5.074653e-11
2145,0.055421997,0.010466005,0.14127068,0.0034408954,0.15462935,0.63415664,0.0006144543
2146,2.5134185e-07,3.6064241e-06,0.00018386907,3.6533995e-06,0.0008073352,0.9988593,0.00014205306
2147,0.0030402264,5.8647933e-05,0.07116743,2.9644527e-05,0.67998874,0.24570192,1.3405551e-05
2148,3.1462936e-05,0.0010869193,0.0031816647,0.00010690468,0.008475325,0.9865724,0.0005452681
2149,3.933972e-05,0.00022609577,0.021688092,0.00015129881,0.015157316,0.9626746,6.331148e-05
2150,6.584506e-07,0.0008645722,2.3321172e-05,1.0809661e-06,0.0010463898,0.0052361824,0.9928277
2151,0.0006884865,3.388925e-05,0.05821137,2.686204e-05,0.43482515,0.50620925,4.9675377e-06
2152,1.4840304e-05,9.430612e-05,0.0036899752,2.2385742e-05,0.040140327,0.9555491,0.00048893486
2153,0.021397289,0.04979172,0.07764446,0.014385777,0.07722256,0.7559464,0.003611881
2154,1.9318054e-15,1.2853323e-10,1.8228506e-10,5.526333e-18,4.8435872e-08,1.0,1.5709947e-09
2155,7.2702576e-05,4.486067e-06,0.029589504,6.093404e-06,0.088841595,0.88148165,3.9512533e-06
2156,5.5422247e-06,1.9134402e-05,0.00026067483,3.5360994e-05,0.00020027826,0.99945134,2.759967e-05
2157,0.000393861,6.154973e-06,0.019850742,3.3943336e-06,0.5253206,0.45440993,1.536439e-05
2158,0.121256076,0.2548244,0.2520593,0.05684197,0.038736254,0.27579322,0.0004888113
2159,0.00011154482,0.0013006353,0.008196299,0.00020266153,0.0046814787,0.9844642,0.001043068
2160,0.021699307,0.036342844,0.12615027,0.007325332,0.09453303,0.71323717,0.0007119147
2161,8.08142e-05,5.8009893e-05,0.0010072243,0.00013738337,0.00026570482,0.99835265,9.837785e-05
2162,0.00076364627,0.03887068,0.01568332,0.0038673128,0.044211373,0.88122904,0.015374617
2163,0.0048499308,0.052638248,0.040862866,0.036991592,0.00022775184,0.85393107,0.010498474
2164,0.15136969,0.49798718,0.12243124,0.053490996,0.0050123595,0.16795704,0.0017515938
2165,0.13718726,0.0013372992,0.054027487,0.00046178375,0.76745254,0.03953323,3.1119416e-07
2166,2.4196827e-09,1.1197028e-06,1.8268028e-06,2.419175e-09,3.4864659e-06,0.99998164,1.1986275e-05
2167,0.00027624713,6.0221013e-05,0.07426875,6.089591e-05,0.27783614,0.6474342,6.354453e-05
2168,0.00021072986,7.886296e-05,0.0071537546,0.00033473875,0.0020265984,0.9901779,1.7351127e-05
2169,0.00029931276,0.00027199506,0.0054350165,7.770777e-05,0.1417056,0.8520705,0.00013983305
2170,0.0,1.4508394e-31,3.4793471e-31,0.0,3.4133844e-20,1.0,4.86644e-31
2171,3.4946786e-06,4.500074e-06,0.00022203238,6.8363847e-06,0.00030947383,0.9994469,6.7562232e-06
2172,0.08651939,0.022701029,0.12087627,0.008072612,0.2773159,0.4844378,7.696763e-05
2173,0.0010424576,0.00030755243,0.21086545,0.00032970207,0.3945308,0.3929193,4.711319e-06
2174,0.00037439592,0.00010433697,0.08553665,0.00018045511,0.15298168,0.76080054,2.1978985e-05
2175,1.5267782e-24,4.56043e-17,1.2523107e-16,3.2975637e-30,8.620195e-12,1.0,1.6548396e-15
2176,0.016021067,0.549692,0.052096847,0.02712978,0.0017919464,0.31261274,0.040655587
2177,0.0006652248,0.0010214,0.7760744,0.00077421556,0.08801568,0.13344078,8.2542465e-06
2178,2.1943544e-05,0.0006748077,0.00051039446,1.3013635e-05,0.0013640567,0.9968976,0.000518193
2179,7.5888476e-23,2.7119327e-15,4.674695e-15,6.2180663e-27,3.5021333e-11,1.0,2.544976e-13
2180,1.8421348e-05,3.1186944e-05,0.00029171305,0.00015436692,0.00035578094,0.9991365,1.2000109e-05
2181,0.012303313,0.0023530193,0.041783348,0.0007155816,0.3902919,0.5524165,0.00013633781
2182,0.44528934,0.1488267,0.10473209,0.09002492,0.09266916,0.11838629,7.1530965e-05
2183,0.000715406,0.00025427973,0.009315373,5.4234257e-05,0.083728425,0.9058655,6.676872e-05
2184,1.2044175e-06,3.523998e-07,0.0006230855,1.2388625e-07,0.13606422,0.8633078,3.2837645e-06
2185,0.013610754,0.035223007,0.43097064,0.005508527,0.17775871,0.33625665,0.0006717466
2186,1.3718834e-06,1.0343729e-05,5.396461e-05,2.4293155e-07,0.0006564011,0.9992304,4.7253172e-05
2187,0.25905415,0.12943095,0.22146334,0.101810314,0.040933866,0.24692371,0.0003836757
2188,0.00016919264,0.047314905,0.0010359444,0.00032963953,0.010887498,0.068078496,0.87218434
2189,0.00036766735,5.935248e-05,0.056456488,6.682317e-05,0.068461426,0.87454844,3.98267e-05
2190,1.0040747e-05,3.5072915e-06,0.00013721503,7.5692355e-06,0.00023322548,0.9996068,1.6169377e-06
2191,0.00078066555,2.966106e-05,0.0028277487,4.2149286e-06,0.5468245,0.44952825,4.9126324e-06
2192,0.007633379,0.018871536,0.05797057,0.0022624927,0.19282858,0.7172011,0.0032323825
2193,0.00440305,0.054885328,0.066408984,0.0029899892,0.043184847,0.81569624,0.012431573
2194,5.1283914e-06,3.042122e-06,0.0002122393,2.9159564e-06,0.0003398312,0.9994203,1.6600134e-05
2195,0.00018207441,0.00015015918,0.06363026,0.0004644429,0.008413,0.9267526,0.00040747997
2196,1.2914645e-05,3.5105975e-05,0.0002443335,7.0243964e-06,0.0005942623,0.9990773,2.8986486e-05
2197,0.0035229768,0.0003373424,0.033426873,0.0003424624,0.5190507,0.44331422,5.4041357e-06
2198,0.0155450925,0.042552732,0.047193494,0.012382744,0.12075814,0.7609652,0.0006026258
2199,0.00067703624,0.0010452316,0.009268429,0.00076501886,0.009298894,0.97871953,0.00022579658
2200,0.00016313959,2.3021898e-05,0.00062258827,1.1960974e-05,0.027078532,0.97205377,4.696444e-05
2201,0.14469448,0.23045342,0.20856096,0.053633012,0.03454802,0.32621932,0.0018907558
2202,0.00028901373,0.011363857,0.012735155,0.00074438413,0.024530383,0.9442039,0.0061333645
2203,0.17647274,0.51087373,0.17679797,0.052982215,0.0045041107,0.06490071,0.013468484
2204,0.0,0.0,0.0,0.0,6.376093e-35,1.0,0.0
2205,1.9860752e-05,1.6681406e-05,0.0006315428,3.1147287e-05,0.0007448091,0.9985353,2.0661902e-05
2206,0.00016709157,4.168351e-05,0.016359827,4.274259e-05,0.058678497,0.9245979,0.00011222128
2207,0.0,1.5e-43,7.445176e-34,0.0,3.558114e-21,1.0,0.0
2208,0.004597178,0.011846129,0.045105528,0.003116515,0.04546486,0.88887966,0.0009901483
2209,0.00048127078,0.0002735446,0.0057885847,0.0005156606,0.010450247,0.9824635,2.718328e-05
2210,0.0005621254,0.0003309377,0.019544208,0.00010959297,0.23645101,0.74292004,8.209677e-05
2211,0.7600966,0.07611392,0.05022429,0.024559712,0.078291066,0.010705252,9.113902e-06
2212,0.02508705,0.04638335,0.083115555,0.044594068,0.012841701,0.7823018,0.005676457
2213,0.06588193,0.03369433,0.13289022,0.0073664016,0.5383082,0.22178127,7.7618235e-05
2214,1.428317e-05,3.0390953e-05,0.0005922519,1.8382329e-05,0.0005102822,0.9987835,5.096035e-05
2215,0.06894444,0.82887805,0.010409412,0.023113612,0.000903192,0.03235536,0.035396
2216,0.0016205298,0.0012805773,0.06333965,0.0019430404,0.041749857,0.8900072,5.908778e-05
2217,1.5286394e-13,2.551521e-10,1.3749768e-08,3.9344616e-14,3.0874895e-07,0.99999964,7.3655353e-09
2218,0.00054611417,0.0040010414,0.0020809036,0.0021605291,0.00078731205,0.9893111,0.0011129389
2219,0.0010200286,0.0004570358,0.06589321,0.0007356939,0.10501624,0.82682425,5.362084e-05
2220,7.3590774e-05,2.8537315e-06,0.0007169103,9.2372534e-07,0.11432159,0.8848791,4.972892e-06
2221,0.062831976,0.0008105911,0.09195929,0.0004873355,0.7690301,0.07487944,1.3224096e-06
2222,0.00017716626,2.8394894e-05,0.000783392,3.147328e-06,0.05145451,0.9468984,0.0006549225
2223,2.2221027e-09,5.7400793e-08,5.9843586e-07,2.2590715e-10,8.908818e-06,0.99998903,1.432821e-06
2224,0.00012849981,5.4739645e-05,0.0011686013,4.6237437e-05,0.0030536216,0.9955004,4.793004e-05
2225,0.0027576059,0.0028339874,0.059900563,0.00048155664,0.6098333,0.32364216,0.00055088295
2226,0.00037722124,0.12169031,0.021840977,0.007453757,0.0061576804,0.7633553,0.07912472
2227,0.0008953901,0.0052191294,0.20949377,0.001589251,0.17304905,0.60962874,0.00012470296
2228,0.00026858886,1.0410547e-05,0.03620356,1.7515846e-05,0.40069047,0.56280714,2.3136542e-06
2229,0.0011685708,0.000107365115,0.0329968,0.0005318095,0.027578246,0.9376018,1.5345813e-05
2230,8.2071914e-05,0.00022788256,0.0025954836,0.0005907436,0.001269305,0.99488467,0.00034987225
2231,0.01796733,0.010657259,0.053140253,0.004220717,0.20568344,0.707005,0.0013259877
2232,0.0007265939,0.0011343366,0.0621934,0.0003753087,0.09746681,0.837987,0.00011651107
2233,0.058685943,0.0074992348,0.46470296,0.009677957,0.022194358,0.43649143,0.0007481562
2234,4.450523e-05,6.607142e-06,0.0018960332,1.809072e-05,0.0029072107,0.9951207,6.752405e-06
2235,9.398482e-05,9.940427e-05,0.00051442126,1.214363e-05,0.018127257,0.9811369,1.586e-05
2236,0.0087473085,0.0024481262,0.42115393,0.0010262612,0.1905797,0.37463263,0.0014120564
2237,6.763351e-07,5.8116486e-05,5.144786e-05,3.294679e-07,0.00034313294,0.9990545,0.00049171544
2238,0.002133078,7.4181415e-05,0.019698039,3.2320175e-05,0.13821815,0.83982843,1.5770263e-05
2239,0.00029146354,1.7163884e-05,0.0009643997,8.194939e-05,0.0007787129,0.9978649,1.4192382e-06
2240,1.2025142e-05,1.4093179e-05,0.0019407207,3.747042e-06,0.05180791,0.9461737,4.7827307e-05
2241,0.0006707272,7.520041e-05,0.04859096,3.9433984e-05,0.33038905,0.6201318,0.00010290253
2242,0.022857875,0.012222822,0.20925154,0.0068806475,0.065997854,0.68124324,0.0015459856
2243,0.0,0.0,0.0,0.0,5.676518e-33,1.0,0.0
2244,6.749925e-21,3.1052828e-14,1.38526055e-14,7.941451e-26,1.0360949e-09,1.0,4.556683e-13
2245,0.00038718304,0.00027126857,0.003221328,0.0020172836,0.00068030943,0.9934121,1.0563631e-05
2246,0.012917849,0.0013923332,0.046320938,0.0003952208,0.41016987,0.52849305,0.00031075804
2247,0.0014340986,0.0032958845,0.009245128,0.0011781312,0.04237046,0.94180954,0.00066670985
2248,0.0016822371,0.0052869525,0.45112655,0.0039071823,0.29041475,0.24540794,0.0021743665
2249,0.007934503,0.054821804,0.039277676,0.007041389,0.008623252,0.87938,0.0029213927
2250,0.18138477,0.06742632,0.31252587,0.037100244,0.08778324,0.31296036,0.0008191991
2251,0.0001349666,0.0037438294,0.0041918303,0.0010431773,0.01904995,0.97094953,0.00088664115
2252,0.00016222213,0.00036316062,0.015163271,0.00058461516,0.028650163,0.9549881,8.8463574e-05
2253,0.00039838036,6.147854e-05,0.00015747754,5.7418685e-05,0.0004018951,0.998917,6.4672026e-06
2254,0.00018457616,4.5538254e-05,0.05579295,7.074107e-05,0.14634565,0.79754937,1.1157352e-05
2255,0.02046562,0.019934647,0.060950287,0.0050353287,0.25884888,0.6338185,0.0009467769
2256,8.3053457e-19,2.1762271e-13,4.0553207e-12,3.1385995e-21,8.363773e-10,1.0,6.5023234e-12
2257,0.06459645,0.1515214,0.018465865,0.004101971,0.26166338,0.49312717,0.006523752
2258,6.3170904e-05,3.7611917e-06,0.0156081915,4.416144e-06,0.08507733,0.89923894,4.1899266e-06
2259,0.00026475146,0.00021772097,0.051515784,0.00011889146,0.20713478,0.74064255,0.000105463274
2260,9.530157e-19,1.01579e-12,9.357735e-13,2.0264389e-22,1.6256345e-09,1.0,6.584469e-12
2261,0.112796485,0.46807224,0.16543825,0.062487166,0.01024066,0.16242191,0.018543255
2262,1.5841228e-35,7.377846e-30,6.2603724e-23,0.0,8.0569605e-15,1.0,5.027242e-31
2263,0.0016540674,0.00053707854,0.3849109,0.00081503956,0.027823936,0.58421576,4.3139193e-05
2264,1.3165167e-06,2.7489912e-05,0.00043807726,0.00022233083,8.4710024e-05,0.9991196,0.00010646186
2265,0.27394736,0.30600637,0.2821565,0.065732285,0.010287127,0.060147606,0.001722727
2266,0.00030732338,0.0035495153,0.0015431645,0.0002352533,0.004753415,0.98910797,0.00050337985
2267,0.019999113,0.0117084,0.004241927,0.00012306473,0.92197096,0.04178762,0.00016885149
2268,2.067271e-06,9.513855e-06,0.0041224514,2.8600462e-05,0.00032530495,0.995484,2.8085393e-05
2269,0.32652634,0.2051164,0.08894512,0.14310618,0.054387543,0.18168664,0.00023177954
2270,0.0029563755,2.2038557e-05,0.0087523535,4.6051273e-06,0.85529006,0.13297279,1.8414403e-06
2271,2.6087931e-05,0.00014900783,0.00044833354,3.0131096e-05,0.00031895045,0.99822897,0.00079858763
2272,0.006182638,0.0009800857,0.018178115,4.6604415e-05,0.23705043,0.7359829,0.001579203
2273,4.7346588e-05,3.0967134e-05,0.00050079054,9.9113844e-05,0.00031075018,0.99900836,2.7189728e-06
2274,0.014773234,0.0015065701,0.08512684,0.0010636885,0.07907873,0.8182652,0.00018570731
2275,0.07919911,0.04687243,0.3734682,0.025373364,0.096546516,0.3777928,0.0007475932
2276,0.0010758871,0.00011379136,0.08431535,7.408401e-05,0.5036371,0.41066337,0.00012044625
2277,0.005386959,0.002844492,0.06785801,0.00024922064,0.13738258,0.78453076,0.0017478791
2278,0.00068870216,0.0055073868,0.07514178,0.004682951,0.0073701898,0.90624726,0.00036171495
2279,0.02208396,0.08482904,0.1359414,0.036165934,0.07068825,0.64940596,0.0008854243
2280,2.7083557e-15,1.5527328e-10,2.7675492e-10,2.2147304e-17,1.5670333e-08,1.0,1.433548e-09
2281,7.1332324e-05,2.1060714e-05,0.0015481504,4.865985e-06,0.21540399,0.78291416,3.6449568e-05
2282,0.0002763277,0.0007403395,0.01659295,0.0023248473,0.000953632,0.9785235,0.0005883477
2283,7.229771e-36,4.2624715e-28,1.7315e-23,0.0,2.0051383e-15,1.0,5.6083844e-29
2284,1.0739157e-16,8.828679e-11,3.3717935e-11,3.4407595e-20,4.362882e-08,1.0,8.0916586e-11
2285,9.977762e-06,2.2938142e-05,0.00033170564,3.9894156e-05,0.000133649,0.99944156,2.022177e-05
2286,0.002190387,0.0013370949,0.5326548,0.0005835155,0.26626545,0.1969654,3.3266167e-06
2287,0.0036998943,0.0029343653,0.020794012,0.00052539434,0.61380225,0.3579723,0.00027175777
2288,0.009871744,0.27872962,0.025364546,0.012581534,0.0034847998,0.6555677,0.014400045
2289,0.008093539,0.029854432,0.30540285,0.023112394,0.021032957,0.6120339,0.00046994764
2290,0.0014467676,0.003758588,0.05168992,0.0015828946,0.03616495,0.9046426,0.0007142695
2291,0.028340288,0.6935982,0.0011355429,0.033981193,0.0022310896,0.23754305,0.0031705855
2292,0.00018829721,0.00032471176,0.0038958108,1.9495956e-05,0.40240148,0.585918,0.007252153
2293,0.02564648,0.0016574004,0.2878357,0.0013729021,0.25891456,0.42452583,4.724343e-05
2294,0.0042291265,0.0023747014,0.013431576,0.0023614136,0.044914007,0.9326106,7.864249e-05
2295,0.0029283548,0.0024254676,0.7332861,0.0027704702,0.03338916,0.22516574,3.4817018e-05
2296,0.0,0.0,1.19e-43,0.0,2.5029131e-27,1.0,0.0
2297,0.0011668402,0.0008170439,0.0090459315,9.280211e-05,0.055508986,0.93171126,0.0016571172
2298,0.47257474,0.053210247,0.31517223,0.009612816,0.048528537,0.1005526,0.00034887902
2299,0.015812702,0.010161603,0.6176958,0.015500011,0.11486812,0.22588609,7.561327e-05
2300,0.00011753586,8.028806e-05,0.0041854507,1.732256e-05,0.061966352,0.9336025,3.0542313e-05
2301,1.2574161e-06,1.5153546e-07,4.5680703e-05,4.2200384e-07,0.00033260006,0.99961936,4.509888e-07
2302,0.070280485,0.14448635,0.07294232,0.050049163,0.096340165,0.56315327,0.0027483248
2303,1.1879e-41,3.4200335e-34,2.4099864e-27,0.0,9.874409e-17,1.0,2.8893738e-36
2304,0.004019505,0.014610779,0.007350756,0.0012457939,0.08415511,0.88610744,0.0025106159
2305,0.00025737743,0.00035857674,0.026444372,0.00031605954,0.0036261159,0.9688311,0.00016628426
2306,0.030054793,0.6823598,0.01636764,0.020155562,0.003211439,0.23590381,0.0119469045
2307,4.073742e-07,2.4687368e-05,0.00011968633,3.0787365e-07,2.3297463e-05,0.99977845,5.3168358e-05
2308,0.0007289796,0.036298867,0.005381886,0.010299577,0.0089611355,0.9253876,0.012942031
2309,0.08259243,0.010754782,0.36430803,0.0060047233,0.25900272,0.2772375,9.983006e-05
2310,1.188301e-07,9.537021e-06,3.462409e-05,1.6748656e-07,7.047475e-05,0.9997701,0.00011508391
2311,0.0081633665,0.003991295,0.72857857,0.003564284,0.12082922,0.13484749,2.5752612e-05
2312,0.03223481,0.022286123,0.14416549,0.0062259883,0.0061070877,0.7870268,0.0019537034
2313,0.0050264816,0.0003604882,0.16016084,0.0003476853,0.40391594,0.4301794,9.164393e-06
2314,3.4263954e-05,2.052083e-05,0.00562033,1.06309e-05,0.045582417,0.948653,7.897302e-05
2315,4.857589e-05,6.9659395e-06,0.0002527836,7.904284e-06,0.0004370634,0.9992453,1.5141311e-06
2316,8.595418e-05,0.0003204102,0.010322098,8.19926e-06,0.52092105,0.44545585,0.022886442
2317,0.0022297855,0.00060665625,0.020328254,0.00061746157,0.0298973,0.9462884,3.2150856e-05
2318,0.0002921632,0.0003144423,0.003512586,1.1487604e-05,0.09702628,0.88676643,0.0120765325
2319,0.00046294244,0.0011302842,0.052833803,0.00019435634,0.09649389,0.8470614,0.0018234077
2320,0.0017548562,6.46886e-05,0.015607783,0.00034505606,0.016057666,0.96616834,1.4869818e-06
2321,0.004470282,0.003018784,0.05455324,0.0032737607,0.021232825,0.9130696,0.0003814727
2322,6.4963684e-36,1.0038164e-26,7.889493e-24,0.0,1.0682776e-15,1.0,1.2223198e-26
2323,0.004897943,0.020853253,0.020886946,0.0016142316,0.035951175,0.9067507,0.009045754
2324,3.226622e-05,9.1768656e-05,0.021032996,0.0003551683,0.010689569,0.96764106,0.00015710139
2325,0.048197053,0.08159458,0.59083223,0.014917316,0.15536195,0.10880327,0.00029360142
2326,0.0016641512,0.0006042565,0.5250366,0.0008238354,0.12218834,0.34966612,1.6736632e-05
2327,0.46815002,0.25001535,0.10513773,0.043281913,0.08300376,0.050215166,0.00019604167
2328,5.6217317e-28,4.0779107e-18,7.9888793e-19,3.923961e-34,1.820027e-13,1.0,4.5902055e-17
2329,0.00024135302,2.6224507e-05,0.021449182,0.00012159161,0.0052201604,0.9729149,2.672463e-05
2330,0.017877556,0.048706993,0.1887765,0.011640524,0.0838154,0.64740044,0.0017825173
2331,0.00027048346,0.0008913641,0.0033032997,0.0064541977,0.00017503492,0.98862493,0.00028067015
2332,6.418784e-05,0.00016969288,0.0011986681,0.00010894151,0.0016448658,0.9966869,0.00012679688
2333,3.571114e-05,0.00034954303,0.0037758301,5.632995e-05,0.1088947,0.8859724,0.0009155195
2334,1.7532106e-05,4.333938e-06,0.0012825882,3.5342591e-06,0.06786727,0.9308218,2.9055004e-06
2335,4.7168367e-05,6.909515e-06,0.00019809123,1.0275059e-05,0.0009608198,0.9987754,1.3425168e-06
2336,0.40132418,0.008742058,0.13712668,0.12939978,0.01083117,0.31257313,2.991861e-06
2337,0.002709387,0.00013717698,0.054044574,7.4840034e-05,0.44973853,0.4932173,7.827469e-05
2338,0.0007433786,0.00473999,0.49581337,0.002751839,0.05641624,0.43877172,0.000763465
2339,0.0017489791,0.09927912,0.0061566154,0.0041345935,0.020839572,0.2920325,0.5758085
2340,0.010754369,0.044858575,0.029270208,0.00656812,0.10329756,0.80207926,0.0031718868
2341,0.19994134,0.0059396834,0.108067766,0.059744235,0.007344936,0.61895055,1.149512e-05
2342,1.1957713e-06,1.0925629e-06,6.71311e-05,1.7080904e-06,0.00023392921,0.99968696,8.047366e-06
2343,6.0078895e-07,1.0947432e-05,0.00050136686,2.0713406e-07,0.0584093,0.93082386,0.01025369
2344,0.0,0.0,1.216422e-39,0.0,3.0262876e-25,1.0,0.0
2345,0.09561714,0.036235996,0.4907216,0.011350449,0.14088926,0.22504736,0.00013824123
2346,0.007333131,0.00032725287,0.044137303,0.00019630558,0.12146178,0.82651407,3.0182944e-05
2347,0.77576774,0.064080484,0.032595456,0.021393787,0.09662136,0.009537816,3.3406948e-06
2348,1.0510841e-05,1.3418286e-05,0.00052753766,1.6529504e-05,0.00097004825,0.99841714,4.48193e-05
2349,0.0003242933,4.6653517e-05,0.13489899,0.00012565675,0.057291005,0.8072484,6.498056e-05
2350,2.0763705e-06,1.5178467e-06,0.00013811771,3.0606716e-06,0.000161283,0.99968565,8.289957e-06
2351,0.16642481,0.6909749,0.076363996,0.03528908,0.00097232027,0.025509266,0.0044656107
2352,3.9459686e-05,2.5614225e-05,0.013480222,1.2138262e-05,0.022703845,0.96368665,5.2026466e-05
2353,5.0444138e-05,0.0009404099,0.0018083856,0.0011136871,3.683297e-05,0.9951924,0.0008578484
2354,0.0020061447,0.0025670824,0.800537,0.0011016468,0.119716525,0.07406631,5.2579935e-06
2355,0.00288085,0.00037610345,0.044622652,0.000104525556,0.12780267,0.8239952,0.00021803474
2356,0.00012529732,0.00015805475,0.001325046,0.00020107435,0.00410364,0.9940679,1.8972296e-05
2357,0.026796015,0.015952742,0.0707903,0.0014316108,0.62539077,0.25903666,0.0006018521
2358,5.9560474e-18,1.058322e-11,2.0463787e-12,5.3533535e-22,1.3258157e-08,1.0,3.287259e-11
2359,3.906627e-06,7.771946e-06,0.0005465476,5.476579e-07,0.064025454,0.935333,8.267141e-05
2360,0.013787947,0.15294366,0.17672172,0.04109906,0.0031150535,0.6080511,0.0042815125
2361,0.0068386006,0.008272837,0.21975157,0.012036253,0.2786617,0.47419098,0.0002480849
2362,0.00023037879,8.4561725e-05,0.008366476,6.234014e-05,0.01006316,0.9811373,5.5758468e-05
2363,0.0002915691,0.007609495,0.004780556,0.0014878882,0.0043419953,0.9493147,0.032173827
2364,2.560378e-06,4.6731948e-05,7.4866904e-05,8.740982e-07,0.00027692423,0.99948907,0.000108987544
2365,4.9054298e-24,1.0403269e-16,4.2857644e-16,3.700558e-29,1.13400695e-11,1.0,5.643406e-15
2366,0.00013424369,0.000749783,0.0016783287,0.00029896552,0.0006825504,0.9950092,0.0014469939
2367,0.000106083506,9.6914184e-05,0.0025528823,8.3476116e-05,0.005297051,0.99171585,0.00014772436
2368,0.25647318,0.14443302,0.24129651,0.049046177,0.044946365,0.26344693,0.00035778616
2369,2.1477691e-13,1.0841605e-08,6.0307648e-09,1.6334278e-14,1.4410588e-07,0.9999995,3.0244445e-07
2370,0.027153645,0.0023582536,0.04117421,0.00037762622,0.79849565,0.13041466,2.6006182e-05
2371,6.12103e-06,5.4574622e-05,6.5538465e-05,2.7324822e-05,0.000675917,0.99910223,6.840198e-05
2372,0.2871927,0.11166021,0.24196933,0.06997929,0.14539336,0.14366947,0.00013560285
2373,0.0019896228,0.00063873024,0.015868383,0.000116790055,0.031059528,0.9487887,0.0015382789
2374,0.0001502438,1.1730858e-05,0.008745189,2.2288925e-06,0.59652054,0.39451888,5.123648e-05
2375,7.033818e-06,0.00010866595,0.0002049155,3.1728946e-06,0.0002333111,0.99931884,0.00012406362
2376,5.868683e-05,1.6175283e-06,0.0009936505,3.0656193e-07,0.14688186,0.8520566,7.2739676e-06
2377,5.3867363e-05,0.00010264548,0.0008115645,9.216354e-05,0.0014211156,0.997445,7.371874e-05
2378,0.2742452,0.031404007,0.16131537,0.012443706,0.3087381,0.21179168,6.189946e-05
2379,7.42204e-05,0.00061412185,0.002815587,0.00030237608,0.010985343,0.9849443,0.00026414034
2380,0.00016062333,0.0003889853,0.00047358903,0.00022547011,0.0010015276,0.9976174,0.0001323779
2381,0.16515562,0.033545148,0.41910985,0.05732444,0.02472563,0.29990587,0.00023339981
2382,4.6808786e-05,1.885296e-05,0.0034650615,3.2329804e-06,0.083351836,0.91309017,2.400045e-05
2383,0.00056487176,0.005014734,0.092533,0.0004837916,0.11247407,0.78490937,0.0040202513
2384,5.6835796e-07,4.102845e-06,0.0016022302,5.483317e-06,0.010907802,0.98728484,0.00019494157
2385,0.032408748,0.0484478,0.5453399,0.0073755416,0.09799475,0.26815587,0.00027744655
2386,0.0010534368,6.4789514e-05,0.0077280113,2.157675e-05,0.16703422,0.82406574,3.211467e-05
2387,0.010187665,0.05050406,0.41082537,0.03632024,0.010748765,0.48054698,0.00086691364
2388,7.080302e-05,0.0014757384,0.0018884685,0.00034512478,0.016871192,0.9777566,0.0015920307
2389,0.0263378,0.02228456,0.72631955,0.008036749,0.09919485,0.11774572,8.076726e-05
2390,0.00031792914,0.0017759074,0.012380729,0.00034739304,0.0693816,0.91541207,0.00038442615
2391,0.000115570016,0.00030765697,0.005015682,0.00021117082,0.0033367688,0.9897926,0.0012205644
2392,0.00022835941,7.104828e-06,0.0063629355,1.279399e-06,0.35381797,0.6394377,0.00014458763
2393,0.0017452041,0.0019289996,0.8295263,0.00097118743,0.07000183,0.09581892,7.517634e-06
2394,4.881561e-13,1.205709e-09,3.3460856e-09,1.025735e-15,3.7290815e-07,0.99999964,7.881966e-10
2395,5.5311153e-05,1.217932e-05,7.903471e-05,7.962812e-06,0.00051575113,0.99932504,4.70482e-06
2396,0.0681143,0.584014,0.16529673,0.047165103,0.007912005,0.12457635,0.0029214737
2397,0.00024605327,0.0017088598,0.0057168826,0.00039783365,0.0020185788,0.98684907,0.0030626468
2398,0.10343883,0.10822462,0.020241268,0.011197809,0.10650584,0.6479729,0.0024187404
2399,0.0033164,0.1654539,0.01681946,0.01720214,0.00043890285,0.6478685,0.1489007
2400,0.00030258746,0.0071765627,0.0024175958,0.00061017566,0.0054070842,0.93603426,0.0480518
2401,0.003621946,0.00084206945,0.030253898,0.0002910661,0.089043334,0.87587476,7.294084e-05
2402,0.0001494956,0.00020396206,0.00323827,5.202354e-05,0.027471438,0.96690774,0.0019770877
2403,1.7472478e-20,4.1230595e-15,1.1245759e-13,1.1533033e-25,4.2847663e-09,1.0,2.9703514e-15
2404,0.008282466,0.0010483527,0.026420387,0.00047733192,0.095630325,0.86803025,0.000110861925
2405,8.344498e-06,2.2062777e-06,0.0018901897,8.905302e-06,0.0027845677,0.995291,1.47577175e-05
2406,2.5310258e-06,1.7565459e-06,3.735425e-05,3.0128338e-06,9.796335e-05,0.99985576,1.6202349e-06
2407,0.0021950845,0.0024460675,0.13032107,0.0010787951,0.18065387,0.68324953,5.5507913e-05
2408,1.1454622e-09,1.15751654e-07,4.5026906e-07,2.2828623e-11,9.563433e-06,0.99998856,1.2540391e-06
2409,7.089639e-05,0.00026757675,0.0035812645,0.00012655594,0.022154236,0.9736205,0.00017911359
2410,0.0065421388,0.004929006,0.7439384,0.0018219539,0.19214106,0.050625198,2.2919587e-06
2411,3.8562095e-05,0.00013731321,0.006232674,8.1712744e-05,0.018190287,0.97523546,8.397151e-05
2412,4.4004764e-08,1.130594e-06,9.5162904e-05,2.1865646e-05,4.96819e-06,0.9998615,1.5399697e-05
2413,9.723326e-05,0.00029255578,0.009339883,0.0009683691,0.0027912124,0.9863636,0.00014707792
2414,0.0001629316,0.00028367416,0.0003122628,0.0003393366,0.00043371008,0.9984413,2.6818863e-05
2415,0.002702491,0.0014038258,0.019887714,0.0006118291,0.007593529,0.96534216,0.002458379
2416,0.00017911466,0.0008184868,0.016934725,0.00015434981,0.06300845,0.9144122,0.0044926023
2417,0.00016588933,0.0001304321,0.014196874,0.00015429794,0.13487196,0.85035515,0.0001254059
2418,0.0005684273,0.00022095027,0.01141589,0.0002710795,0.01958653,0.96784043,9.662457e-05
2419,0.026386548,0.2860329,0.04533996,0.12243114,0.002528577,0.50782067,0.009460201
2420,5.2342293e-06,4.1375315e-05,0.00051687146,3.3492774e-06,0.0005878908,0.99852645,0.0003188189
2421,0.0,0.0,0.0,0.0,0.0,1.0,0.0
2422,5.7600455e-06,0.001251331,0.0005518047,3.6271016e-05,0.00041815522,0.20276646,0.79497015
2423,0.024147216,0.025250427,0.5800256,0.012569506,0.036204875,0.32146096,0.00034135964
2424,0.012898826,0.006959751,0.18033804,0.002404237,0.6489614,0.14836861,6.905596e-05
2425,0.00071683043,1.6171694e-05,0.008314051,5.6273866e-06,0.2947876,0.69602734,0.00013234832
2426,5.6616286e-06,8.91153e-06,0.0008301557,8.231491e-07,0.07786283,0.9208071,0.00048461588
2427,0.0024450985,0.011869837,0.045205206,0.016969519,0.0056973444,0.91592747,0.0018855449
2428,0.23565878,0.09659818,0.15910728,0.029943982,0.26790285,0.21055394,0.00023494693
2429,0.0008360022,0.0013671434,0.015645254,0.00082297873,0.011409938,0.96904826,0.00087036274
2430,0.00043395814,0.0031488964,0.012946045,0.0021056484,0.011686841,0.9692442,0.00043441157
2431,1.4340467e-15,7.337892e-11,2.4382807e-10,7.274655e-18,3.739587e-08,1.0,2.6723268e-09
2432,0.00013598683,6.136618e-05,0.025513746,5.3966156e-05,0.20100705,0.77320504,2.2860906e-05
2433,1.4406016e-05,6.8397676e-06,0.0008530539,2.654842e-05,0.0005767817,0.998514,8.407339e-06
2434,0.00073958654,0.00018772471,0.0044456604,1.5752044e-05,0.23320621,0.76132965,7.538029e-05
2435,1.5683967e-05,1.4306961e-06,0.01260636,1.9861318e-06,0.14960138,0.837772,1.1039991e-06
2436,0.0001548312,0.005206735,0.021804746,0.00055293314,0.0144347185,0.949272,0.008574092
2437,0.19691733,0.080989935,0.1800863,0.025443314,0.11430217,0.4016172,0.0006437418
2438,0.0022724383,0.00030827092,0.2433343,0.00036989813,0.16660798,0.5870857,2.1414891e-05
2439,0.0027439438,0.0006491128,0.11542707,0.00025413767,0.19340505,0.68741995,0.00010075896
2440,0.00030274692,0.0013253985,0.02111608,0.0006887039,0.08621099,0.89019203,0.00016404051
2441,0.05000141,0.63845813,0.11122255,0.04338512,0.0043857237,0.14871338,0.0038336944
2442,8.799842e-06,9.469486e-07,0.0017026557,2.7692164e-07,0.25006375,0.74821925,4.218073e-06
2443,7.1656636e-05,0.00011554868,0.00040157262,1.3673274e-05,0.007626111,0.9910511,0.00072039635
2444,0.001662934,0.0029292111,0.051749963,0.0012103376,0.17718546,0.76461565,0.00064647256
2445,0.0013914135,0.00014169022,0.009262391,2.2596461e-05,0.4848433,0.5043311,7.460901e-06
2446,0.104094125,0.09785808,0.11401948,0.06636917,0.022876386,0.5937821,0.0010006403
2447,8.736578e-06,2.3194876e-05,0.00040042712,3.93006e-05,0.00016557409,0.99927276,8.995174e-05
2448,0.0051387055,0.0011904594,0.01445474,0.0020573316,0.005817499,0.97131485,2.6467573e-05
2449,0.000103948194,0.00092863064,0.06249685,0.00070397987,0.057719823,0.8779593,8.746748e-05
2450,5.7291476e-05,0.0007960991,0.0023429466,0.00040984203,0.009333496,0.9868089,0.00025146737
2451,0.017488895,0.809775,0.0060148616,0.017534792,0.0038968762,0.077657364,0.06763227
2452,0.0012103443,0.0028141898,0.120154545,0.0013207969,0.064644806,0.8091552,0.00070005946
2453,0.0003993616,0.09219184,0.0019887008,0.0011416441,0.028342474,0.3165495,0.55938643
2454,0.00018876308,3.9560723e-06,0.0022469026,1.7520986e-05,0.0056471773,0.9918954,3.219859e-07
2455,1.4360559e-06,1.0223212e-06,0.00074127293,8.9198295e-07,0.02928657,0.969963,5.7280695e-06
2456,0.06765246,0.031219335,0.101096556,0.0027969202,0.5848792,0.21221243,0.00014300674
2457,2.834633e-14,2.3621236e-09,1.5396275e-09,1.0786993e-15,5.1956764e-08,0.9999999,1.178854e-08
2458,1.3090405e-05,6.0868297e-05,0.0002755996,4.709516e-05,0.00020319076,0.99925774,0.00014239339
2459,0.6194047,0.11284584,0.08809442,0.018085385,0.03476583,0.12647976,0.00032416524
2460,2.775684e-07,3.1474286e-07,2.2359323e-05,7.775887e-07,3.9451894e-05,0.99993515,1.5315143e-06
2461,0.00060522853,0.0015016216,0.0075263493,0.0033782285,0.00026156832,0.9862542,0.00047268195
2462,3.894465e-05,0.00027552847,0.00091628236,0.0004450511,0.00019716765,0.99789727,0.00022983253
2463,0.00047826444,6.5084074e-05,0.007986095,6.440368e-06,0.548993,0.44187704,0.00059406925
2464,0.022012096,0.018020248,0.013517301,0.0011451422,0.03967717,0.89908975,0.0065382943
2465,0.00014813825,1.8097966e-05,0.009691811,3.8582107e-06,0.3285939,0.6614673,7.6763085e-05
2466,3.668751e-21,1.2339035e-14,3.5238444e-14,2.2563017e-25,1.6550743e-10,1.0,2.5668256e-13
2467,2.1606135e-11,5.9329285e-08,7.763469e-08,1.5239373e-12,9.665595e-07,0.9999987,2.8150222e-07
2468,0.000147918,0.09286617,0.00033225733,0.00028432652,0.0012293886,0.0044364673,0.90070355
2469,4.5790393e-06,6.11203e-06,9.304418e-05,1.9988463e-05,0.0003721061,0.9994997,4.5260285e-06
2470,0.00020902643,1.3921763e-07,0.006361036,1.9625496e-07,0.8326837,0.16074577,3.336816e-08
2471,0.00056194566,0.00012864554,0.014718084,1.8216939e-05,0.40340826,0.58106774,9.710055e-05
2472,0.00031902327,1.8586514e-05,0.019944098,0.00016249857,0.0025469405,0.97700715,1.6511532e-06
2473,0.4445251,0.36129197,0.0351787,0.07012103,0.042380042,0.045950577,0.0005525926
2474,0.001188687,0.00015399433,0.026505915,0.0008415535,0.002159675,0.969117,3.3260825e-05
2475,0.022504168,0.0009427293,0.20108752,0.0008391523,0.5047034,0.26991382,9.182e-06
2476,0.033527926,0.003319548,0.04342802,0.00066732476,0.47391927,0.4450215,0.00011645128
2477,0.024182338,0.005490327,0.029210577,0.00064333266,0.08880637,0.8508257,0.0008413363
2478,4.7231937e-05,8.2382127e-07,0.0030350569,4.6057048e-07,0.18697499,0.8099385,2.893966e-06
2479,0.0040802923,0.0012745394,0.041149087,0.00034278427,0.44102594,0.5106118,0.0015155517
2480,0.03202391,0.71156436,0.047616765,0.059192162,0.0063864375,0.14158635,0.0016300105
2481,0.005245746,2.7916301e-05,0.01318097,2.6700485e-05,0.35315156,0.6282894,7.770971e-05
2482,0.006970697,8.5752865e-05,0.03924019,0.00017091408,0.07231087,0.881191,3.0616156e-05
2483,0.018899316,0.25010303,0.07853755,0.010814509,0.2642971,0.28982586,0.087522596
2484,0.00058315287,0.035438757,0.022123633,0.0030407272,0.009878845,0.9199732,0.008961778
2485,0.07906951,0.5682962,0.13596943,0.031115564,0.0013581932,0.17598432,0.00820679
2486,1.9100748e-05,8.223345e-06,0.008821818,3.8680487e-06,0.15403564,0.8370998,1.1557292e-05
2487,0.0010597456,7.81188e-05,0.015781213,0.0001520253,0.012048422,0.97086626,1.40917955e-05
2488,0.018062329,0.03237157,0.05796722,0.008886609,0.07842465,0.80384874,0.00043884187
2489,0.0058925916,0.0021083725,0.07469258,0.0008675135,0.24949321,0.6668578,8.7939385e-05
2490,0.0072852396,0.0030218258,0.062442634,0.00094769965,0.270242,0.65579325,0.00026734997
2491,0.015488223,0.0347861,0.028631188,0.0194294,0.072736576,0.8275166,0.0014117919
2492,0.003186842,0.006728727,0.19509204,0.013817682,0.14126308,0.63979745,0.000114169496
2493,0.0018063553,0.00023016756,0.031498253,8.297593e-05,0.56898856,0.39737952,1.4133074e-05
2494,0.0012313758,0.00024887646,0.0033290614,3.9806942e-05,0.07719891,0.91782176,0.00013021633
2495,0.00017694678,1.19242e-05,0.006378181,3.752116e-06,0.6442131,0.34921238,3.7334376e-06
2496,4.5174118e-05,0.00010088984,0.00038530547,0.00015111684,0.000770636,0.9984938,5.2962176e-05
2497,0.00040319833,0.00030197296,0.016383462,7.767957e-05,0.11100604,0.8714564,0.00037116397
2498,0.0027576422,0.00032508388,0.035111614,6.111472e-05,0.78459847,0.17699291,0.00015315713
2499,0.1712147,0.015147996,0.099199556,0.00909274,0.566509,0.13881981,1.6162943e-05
2500,0.00042490158,9.018886e-05,0.0022594377,1.6808404e-05,0.040278308,0.9567158,0.00021449667
2501,0.000232682,5.877099e-05,0.002063482,3.0183897e-05,0.0860658,0.91154355,5.4856678e-06
2502,0.4674417,0.31409556,0.03607663,0.09881739,0.049963154,0.033437576,0.0001680269
2503,0.036790334,0.0013929062,0.15654881,0.001261324,0.65359515,0.1504089,2.574086e-06
2504,0.02383817,0.011579386,0.037935458,0.0048122266,0.09698804,0.82457066,0.00027600554
2505,7.453419e-26,6.6280212e-18,1.755381e-17,1.7924556e-32,6.1328716e-12,1.0,7.3290824e-18
2506,0.008636888,0.00015041322,0.0064174007,0.00043224235,0.019634003,0.9647272,1.8896907e-06
2507,0.027425949,0.012687657,0.49002555,0.0063363384,0.0907924,0.37261936,0.00011281205
2508,5.0118637e-05,1.3739586e-06,0.006514355,7.1833404e-07,0.1677358,0.825696,1.6999992e-06
2509,0.00029915024,0.12376891,0.0020639773,0.0005649858,0.005893545,0.21220903,0.6552004
2510,0.0015222668,1.4377196e-05,0.0024930413,1.0105116e-06,0.5264204,0.46953738,1.1510228e-05
2511,0.0,0.0,5.13105e-40,0.0,1.8888756e-24,1.0,0.0
2512,0.0024329687,0.00934547,0.08529385,0.0015131519,0.04609899,0.85383624,0.0014792618
2513,0.0026571248,0.0010704787,0.10330252,0.00047622906,0.2471772,0.6452809,3.549402e-05
2514,0.21914597,0.36077246,0.19964714,0.055043448,0.021986328,0.13604082,0.0073638405
2515,0.00045040337,0.0004007556,0.14427593,0.00030841216,0.5951247,0.2594252,1.4569728e-05
2516,0.00016773475,0.006382716,0.022802498,0.00028634415,0.41826594,0.22233252,0.32976228
2517,0.0012954072,0.001772242,0.1584247,0.00035217774,0.6261012,0.21123102,0.0008232806
2518,0.00026855347,1.7792781e-05,0.033659767,2.2864715e-05,0.121177435,0.8447567,9.687648e-05
2519,0.07977436,0.0012462682,0.06443336,0.00030179485,0.8038785,0.050363127,2.6299979e-06
2520,0.00016285433,2.1973301e-05,0.001566783,1.5286736e-05,0.011103541,0.9871127,1.6865504e-05
2521,1.9439253e-07,1.0990325e-05,3.6326277e-05,1.6922254e-08,0.00017150052,0.9997768,4.266944e-06
2522,0.49473572,0.34630153,0.03987758,0.056904994,0.038005743,0.023725936,0.00044851066
2523,0.07935346,0.009837944,0.50543046,0.009767624,0.16087419,0.23471092,2.5429039e-05
2524,0.001489987,2.2374406e-05,0.010036171,1.2258199e-05,0.6473052,0.34113365,3.4133976e-07
2525,7.601577e-07,6.879475e-07,3.1156527e-05,4.923502e-07,0.0007083211,0.999244,1.464486e-05
2526,0.09550912,0.04883231,0.40404782,0.017540308,0.25137702,0.18240854,0.00028487257
2527,0.0055258484,0.00084539584,0.060671024,0.0005760458,0.28401047,0.64831644,5.474715e-05
2528,0.0016138487,1.888107e-05,0.017222248,9.8377595e-06,0.36914542,0.61194974,3.9974766e-05
2529,0.0003682564,0.00019962611,0.0044497433,0.00021991169,0.0014161539,0.9933082,3.8077298e-05
2530,0.00022261434,3.809143e-05,0.0005719361,2.5187217e-06,0.043586563,0.95532274,0.00025553475
2531,0.0013438559,0.007954107,0.019186988,0.0011409656,0.027254967,0.9275512,0.015567823
2532,2.322537e-28,1.6044968e-20,5.3114585e-19,4.0462623e-36,4.5080132e-13,1.0,2.098774e-20
2533,0.28852186,0.086943656,0.2631235,0.022386147,0.09148627,0.24655578,0.0009827603
2534,4e-45,2.7235192e-33,7.995146e-30,0.0,2.442389e-19,1.0,1.9193516e-33
2535,2.3967618e-06,6.667815e-07,0.0006031604,6.411825e-07,0.063923955,0.93546766,1.5319683e-06
2536,0.00014447609,0.00076186314,0.0085571455,0.00020008213,0.012369115,0.9777206,0.00024663832
2537,0.0,0.0,0.0,0.0,3.5501998e-34,1.0,0.0
2538,0.00043847327,0.015328045,0.011395997,0.0029263308,0.026994808,0.8985154,0.044400956
2539,0.00015733915,5.486083e-05,0.019115819,1.6771259e-05,0.11870623,0.8618927,5.6301677e-05
2540,0.002662429,6.0366427e-05,0.076161854,4.1824413e-05,0.22453414,0.69645995,7.940603e-05
2541,0.00011131871,2.6542653e-05,0.00044283556,8.921889e-06,0.032822303,0.9665618,2.6425336e-05
2542,0.69564706,0.21930349,0.02783973,0.039025348,0.010532168,0.007556688,9.559785e-05
2543,1.3405659e-28,4.8271046e-20,4.590849e-19,9.499151e-36,4.002832e-13,1.0,1.0040076e-19
2544,1.8756616e-19,1.2078984e-13,4.792252e-13,4.174268e-24,3.79883e-09,1.0,2.8452243e-13
2545,0.0066552344,0.16666932,0.088330805,0.0057451967,0.11415791,0.5466824,0.07175908
2546,0.00044842047,0.0029671136,0.44583958,0.0020730284,0.01058075,0.5380199,7.1155024e-05
2547,2.5317374e-06,6.7144396e-07,0.00076658174,3.5750031e-06,0.00026056322,0.9989624,3.6362778e-06
2548,0.0018820162,0.0014804362,0.020510959,0.0033503133,0.008899753,0.9635776,0.00029886316
2549,0.00759892,0.0035881137,0.08309067,0.0014701341,0.43131045,0.4729231,1.8593164e-05
2550,6.790279e-05,1.35667715e-05,0.009654325,1.3822535e-05,0.07043102,0.9197549,6.441372e-05
2551,0.13339812,0.7169514,0.068944074,0.04257483,0.00019758995,0.017841408,0.020092575
2552,0.011749406,0.0030463059,0.05465069,0.0005898374,0.4759894,0.45390755,6.6737484e-05
2553,0.38554898,0.17043169,0.2562133,0.0595497,0.054656472,0.07321268,0.0003871301
2554,1.351603e-05,3.201904e-05,0.0022597963,2.5795933e-05,0.039078757,0.95857054,1.9562565e-05
2555,6.633012e-05,0.008059991,0.009591693,0.00077743223,0.013887919,0.9610931,0.0065234606
2556,2.0236023e-08,6.3891656e-07,2.5426396e-05,3.850864e-06,1.6938195e-05,0.9999386,1.4632444e-05
2557,1.2656659e-06,1.6528875e-05,0.00012720189,8.767245e-07,0.00015906636,0.9993937,0.00030132398
2558,0.004423516,0.0032573475,0.22244462,0.0026092026,0.21511032,0.5520759,7.9049925e-05
2559,9.766344e-05,1.9972334e-05,0.00074008416,8.544555e-05,0.0005971897,0.9984579,1.7311909e-06
2560,0.34691602,0.013097762,0.17684059,0.0025205892,0.11962511,0.33983025,0.0011696519
2561,0.1690991,0.06453749,0.08601899,0.02978229,0.44460246,0.20576021,0.0001994743
2562,0.3761754,0.12166897,0.21546742,0.031900756,0.15910684,0.09553699,0.00014361228
2563,8.551953e-16,1.261352e-10,8.2400704e-11,5.1305934e-19,3.054433e-08,1.0,2.587218e-10
2564,0.000500765,0.00017637866,0.005998727,9.296753e-05,0.050267555,0.94285256,0.00011115769
2565,0.0015316083,0.00031534774,0.008577385,1.4266699e-05,0.123765066,0.865398,0.00039834733
2566,0.0028851184,0.005696736,0.008655999,0.0005548113,0.15419285,0.82694054,0.0010739493
2567,1.7736e-05,9.601894e-06,0.00634839,1.8854169e-06,0.48866504,0.50345564,0.0015017161
2568,0.00025571111,8.48426e-05,0.004694878,8.111944e-05,0.011116004,0.98373175,3.5688012e-05
2569,0.0047282786,0.00049723464,0.01993236,0.00045416065,0.045408793,0.92878884,0.00019031642
2570,0.00024384177,8.790762e-05,0.00836051,4.548156e-05,0.013800988,0.97739196,6.9402966e-05
2571,0.019952476,0.00052858115,0.026570514,9.002326e-05,0.7276942,0.22505897,0.00010523109
2572,5.030245e-07,0.00038408674,3.9609873e-05,2.0826142e-06,0.00032279146,0.06140296,0.9378479
2573,1.0840323e-07,4.3009964e-06,4.2919844e-05,3.8773362e-09,0.0004175676,0.99950695,2.8171904e-05
2574,4.452302e-05,0.0008712576,0.0010928692,0.000968498,6.5839304e-05,0.99622333,0.0007337631
2575,0.0,0.0,0.0,0.0,3.88e-42,1.0,0.0
2576,1.5772895e-05,0.00022095448,0.00048378584,7.3065756e-05,0.00015515665,0.99886584,0.00018539085
2577,1.21238e-40,1.0537371e-27,6.7379676e-27,0.0,4.168123e-18,1.0,1.3871795e-26
2578,0.00015482152,0.000470934,0.00036134146,0.00028689965,0.00031347846,0.9982132,0.00019930674
2579,1.8316452e-05,6.890678e-05,0.0004687523,5.4045748e-05,0.0002726062,0.9990478,6.949327e-05
2580,0.0018251128,8.607023e-05,0.0021049476,1.1783779e-05,0.5917671,0.40419048,1.458455e-05
2581,4.925838e-05,8.511596e-05,0.0008664413,1.4798174e-05,0.0049153995,0.993975,9.402493e-05
2582,1.5544463e-10,5.0620315e-07,3.0230635e-07,6.805395e-11,1.0580287e-06,0.99999297,5.2465175e-06
2583,0.0,0.0,2.2e-43,0.0,1.9539843e-26,1.0,0.0
2584,0.24796319,0.035117466,0.11694285,0.012600169,0.26656044,0.32067078,0.00014501411
2585,3.6001835e-05,5.6693527e-05,0.0045941826,1.6848731e-05,0.08310725,0.9118943,0.00029468213
2586,0.00036568232,4.4091114e-05,0.008326202,3.341743e-05,0.13049847,0.8607254,6.7492992e-06
2587,0.00082919194,0.00027531091,0.0057131606,9.996723e-05,0.021572994,0.97105813,0.0004512774
2588,0.0002987805,7.5762015e-05,0.0053463187,3.960761e-05,0.09877645,0.89544713,1.5912234e-05
2589,0.003504492,0.0032337974,0.6350962,0.0065824604,0.134773,0.21680287,7.1730483e-06
2590,0.053343896,0.022184635,0.071765915,0.06360515,0.0066885385,0.7822395,0.00017246784
2591,5.0756826e-05,1.2632769e-05,0.010182425,1.30346225e-05,0.027876848,0.9618396,2.473664e-05
2592,0.014293436,0.016074546,0.6408715,0.0075501595,0.16062759,0.16047938,0.00010345207
2593,0.0,0.0,1.96e-42,0.0,4.2950386e-26,1.0,0.0
2594,2.1282913e-19,4.072591e-12,1.136657e-12,4.0088647e-22,9.067938e-10,1.0,3.5166e-10
2595,0.00893814,0.00030897354,0.032359824,0.00017491168,0.50057775,0.4576359,4.551819e-06
2596,0.0031188168,0.0008268902,0.01785377,8.1086306e-05,0.106060475,0.86739254,0.0046664216
2597,0.10328518,0.12098706,0.16337416,0.01716795,0.24180765,0.35216504,0.001212945
2598,0.0035173742,6.275892e-05,0.010224888,1.2273142e-05,0.49433225,0.4918259,2.4500223e-05
2599,0.06262845,0.61077464,0.0625988,0.04851599,0.0052317856,0.2039938,0.0062565682
2600,3.3929854e-09,2.9717157e-06,3.4889304e-06,1.549441e-10,3.780928e-05,0.99995303,2.6679602e-06
2601,0.44111314,0.054244414,0.17598163,0.028069265,0.24123333,0.059340995,1.7285392e-05
2602,0.0,0.0,0.0,0.0,1.05540975e-36,1.0,0.0
2603,0.010203641,0.005957848,0.008854381,0.00023489904,0.6528251,0.32164943,0.00027465847
2604,0.00019011731,0.00048487468,0.018127527,9.84146e-05,0.082438685,0.8959078,0.0027526498
2605,0.0027246245,0.00020069802,0.008551568,2.9607954e-05,0.12163009,0.8667171,0.00014630027
2606,0.0006308508,0.00015158796,0.032240454,0.0001733143,0.1862886,0.7805112,3.9814017e-06
2607,4.4233772e-08,4.178514e-08,1.00034895e-05,3.466906e-08,0.00036608957,0.99962187,1.9148538e-06
2608,0.00014321455,0.00014428358,0.0005281156,0.00040598394,0.00032686052,0.998423,2.8659524e-05
2609,0.021702837,0.0012242919,0.05021525,0.00028155893,0.74977666,0.17675176,4.758045e-05
2610,0.013826925,0.0049637347,0.3234527,0.0034688327,0.19112204,0.46310315,6.254233e-05
2611,0.0012342022,0.00056495034,0.0083312,0.0004550077,0.008329638,0.9810081,7.690553e-05
2612,0.00051823567,0.00089468673,0.0033092916,0.00054921233,0.0061129956,0.9882802,0.0003353565
2613,0.083027035,0.14504637,0.24981779,0.02145282,0.036866613,0.45969465,0.004094708
2614,7.2091934e-05,6.029653e-06,0.00021684529,7.977943e-06,0.0031610876,0.9965314,4.5262027e-06
2615,7.182474e-06,2.7566184e-05,0.0002701235,1.22337615e-05,0.0006938934,0.998774,0.00021486929
2616,0.0048107463,0.0009388133,0.059361562,0.0010502891,0.11943069,0.8143868,2.107952e-05
2617,0.0069108726,0.00021487614,0.044058684,0.00018664802,0.31342176,0.63519907,8.096857e-06
2618,5.9783797e-06,3.2656118e-07,0.0105067985,4.2645743e-07,0.10211303,0.8873714,1.988225e-06
2619,0.00015361457,5.2570154e-05,0.0022544977,0.00025422903,0.001060802,0.9962088,1.5425012e-05
2620,0.00019648623,0.0007863378,0.0028090447,0.0021369557,0.0032808615,0.9906707,0.000119720564
2621,1.4335754e-05,0.00012546877,0.0026406508,3.32796e-05,0.012237046,0.9845509,0.0003982572
2622,3.0253753e-07,5.110183e-06,4.3648997e-05,4.4914003e-05,1.0602256e-05,0.99988294,1.2444104e-05
2623,0.0004999325,0.0002022402,0.0124283,5.357156e-05,0.3108241,0.67558825,0.00040366672
2624,1.4803444e-05,0.00025303525,0.00075975136,8.517766e-06,0.003100319,0.9954581,0.00040552273
2625,1.58943e-14,5.864357e-10,9.958497e-10,7.5257064e-17,1.08187685e-07,0.9999999,4.372326e-09
2626,5.7869487e-09,1.35806185e-05,1.5857792e-06,1.4362604e-09,1.5279704e-05,0.9999049,6.461007e-05
2627,1.484391e-37,6.4925366e-26,8.3126425e-25,0.0,4.6244425e-17,1.0,2.9928794e-25
2628,0.0036070962,0.0063940813,0.0048221513,0.0050138547,0.0048378794,0.9748156,0.0005092847
2629,0.0015439858,0.00027434618,0.010745479,0.00036328507,0.012646058,0.9743301,9.676258e-05
2630,0.027109146,0.16244963,0.072021306,0.013487001,0.009436682,0.6968861,0.018610055
2631,0.0144331325,0.056525648,0.15599598,0.043273978,0.043287143,0.68498963,0.0014944527
2632,0.00023146928,0.0001878547,0.06672366,0.0001250026,0.05241145,0.8802861,3.452329e-05
2633,0.008076414,0.012142249,0.24554604,0.0029282873,0.09287419,0.6376007,0.00083208503
2634,0.0018125158,0.0006072603,0.061916128,5.285472e-05,0.51175433,0.4227872,0.0010697541
2635,0.037077677,0.0036428433,0.0885373,0.0030202118,0.63198686,0.2356767,5.845446e-05
2636,0.4197043,0.2638169,0.046827447,0.029240629,0.17995706,0.060313478,0.00014016865
2637,6.066215e-06,3.5657067e-05,9.027199e-05,1.4572063e-05,0.00026142146,0.9993838,0.00020826481
2638,0.0035664523,0.0043608868,0.17594646,0.025612904,0.0012308568,0.7886883,0.0005940667
2639,0.0,7.822079e-36,6.4810775e-34,0.0,1.449734e-22,1.0,2.637721e-34
2640,0.0067342413,0.0010070875,0.017776698,0.0020233593,0.02204539,0.9503934,1.9836922e-05
2641,4.3683963e-06,1.3787539e-05,8.4540065e-05,1.0393723e-05,0.00049397023,0.9993655,2.7471859e-05
2642,0.0019305616,0.0013915894,0.00072212133,0.0002755477,0.03997569,0.9555124,0.00019201652
2643,0.22623684,0.003094759,0.14194189,0.002127371,0.5752111,0.051387638,3.7517896e-07
2644,9.996616e-06,0.00013307661,0.0001916731,0.00010874912,9.923681e-05,0.9993038,0.0001534132
2645,5.288124e-09,4.1177628e-07,1.5365349e-06,1.4508299e-10,3.8938117e-05,0.999956,3.2064906e-06
2646,0.0011622844,0.00428794,0.0012220388,0.0002600462,0.0066943686,0.98598355,0.00038983792
2647,0.008190617,0.010326028,0.75487745,0.0058152853,0.0568806,0.16377617,0.00013383922
2648,0.009034368,0.009625344,0.003997203,0.0030313926,0.0149618555,0.9592652,8.463466e-05
2649,0.019267423,0.0300165,0.07164981,0.002959823,0.05791678,0.8159944,0.0021953478
2650,0.45418894,0.07771046,0.2850503,0.033579584,0.08413281,0.065241754,9.618361e-05
2651,0.00028672497,0.0007129622,0.06615505,9.004717e-05,0.40288073,0.5094201,0.020454405
2652,1.5839091e-38,8.424042e-27,2.1781823e-25,0.0,8.10634e-17,1.0,1.8041368e-26
2653,4.09e-43,1.2545543e-29,2.7660882e-28,0.0,2.82573e-19,1.0,2.964457e-28
2654,2.4688476e-05,3.259135e-06,0.00039072343,9.070142e-06,0.0009307436,0.99863976,1.8398981e-06
2655,8.953453e-05,1.9660633e-06,0.00081898295,1.7898172e-06,0.010902905,0.9881832,1.6356539e-06
2656,0.04239613,0.049039546,0.05793082,0.002974781,0.079430565,0.7631092,0.0051189163
2657,6.832889e-05,0.00013099286,0.0013691712,9.275587e-05,0.0013116451,0.9969501,7.7148754e-05
2658,0.00019182405,3.6683094e-05,0.020835822,2.3544622e-05,0.19335169,0.7855554,5.0024423e-06
2659,0.00017602944,2.0042635e-05,0.0025802527,6.6592847e-06,0.076998845,0.9202062,1.18796825e-05
2660,0.0047176154,0.0052334336,0.80617315,0.0022396815,0.035616536,0.14599685,2.2723632e-05
2661,0.116848275,0.21990857,0.16291846,0.020688795,0.105924316,0.35941142,0.01430019
2662,0.00094716635,0.0029964922,0.022955678,0.0009978276,0.0060552456,0.96562517,0.00042243875
2663,1.418272e-06,6.1865744e-06,5.768862e-05,3.1213365e-06,0.00015095972,0.9996803,0.00010032683
2664,0.0036196755,0.0008983239,0.048500866,0.00027529412,0.07422168,0.87195057,0.00053368125
2665,5.8816516e-18,1.1590451e-11,2.3795434e-12,6.46734e-21,1.4030695e-09,1.0,1.6087796e-10
2666,0.00015555201,0.00011883218,0.027114982,7.54429e-05,0.015538174,0.9568617,0.0001354104
2667,4.6299836e-05,6.126401e-05,0.0014142715,7.9263446e-05,0.0031876117,0.99507624,0.00013515196
2668,0.82187927,0.09058317,0.03273604,0.030543901,0.018907316,0.0053319065,1.84335e-05
2669,0.033366635,0.0012029839,0.04564391,0.00024760532,0.76312304,0.1563928,2.2970693e-05
2670,0.0018036364,0.0021772801,0.14180104,0.0011734227,0.09043769,0.76242816,0.00017872595
2671,9.645934e-07,1.8119904e-07,7.131872e-05,1.2017503e-06,0.00014380763,0.99978215,3.7293873e-07
2672,0.0014057453,0.0026424346,0.11887981,0.0009551281,0.33288226,0.54282933,0.00040531706
2673,0.00063569203,3.4474197e-05,0.004952588,5.9286754e-06,0.61188006,0.38248572,5.5213286e-06
2674,8.3263955e-14,7.0165496e-09,2.6155595e-09,1.6248889e-14,3.7442963e-08,0.99999964,2.8191812e-07
2675,0.00042557,0.00059097505,0.00014845519,6.0173028e-05,0.011171052,0.98734736,0.00025637183
2676,0.0,1.98348e-40,4.830096e-39,0.0,3.9657983e-25,1.0,9.432658e-39
2677,0.001894478,0.00035019833,0.020827161,0.00022842322,0.03142571,0.9450213,0.00025269995
2678,0.00023287126,3.5297508e-06,0.0027216377,9.852564e-06,0.011100068,0.9859282,3.839365e-06
2679,0.00029767063,6.5149354e-05,0.0038438085,1.3581496e-05,0.292976,0.7027216,8.2158345e-05
2680,0.0,0.0,0.0,0.0,0.0,1.0,0.0
2681,0.0004279977,0.00045252303,0.008276291,0.0001050058,0.04243316,0.94805694,0.00024812866
2682,5.0995955e-06,9.245868e-06,9.161155e-05,1.09500625e-05,0.00087729556,0.9989968,8.997283e-06
2683,0.0026160954,0.00015217565,0.029363371,2.47739e-05,0.5854593,0.38197216,0.0004121466
2684,0.0019066868,0.004428901,0.010624497,0.0009681149,0.075389534,0.9057907,0.000891657
2685,4.5356723e-05,0.0001711766,0.0009816814,4.563867e-05,0.0034666706,0.9941877,0.0011018652
2686,0.016629029,0.00976379,0.015582127,0.0022815708,0.64386433,0.31178495,9.418435e-05
2687,0.14069967,0.2390094,0.08164711,0.034660965,0.20001744,0.30141073,0.0025546716
2688,1.2173394e-10,1.755769e-07,3.3105033e-07,6.568726e-13,8.634079e-06,0.9999908,1.03107915e-07
2689,0.0006378791,2.9979632e-05,0.02416006,0.00015148442,0.015429463,0.959588,3.2215496e-06
2690,1.4979231e-05,0.0023191439,0.0007565557,0.00012481878,0.001872529,0.5253917,0.46952024
2691,2.3898025e-07,1.0282621e-05,2.9024202e-05,6.4800884e-07,4.5721914e-05,0.99955803,0.000356118
2692,3.40716e-05,1.8448492e-05,0.00028636094,5.6793574e-06,0.018989962,0.98063767,2.7759144e-05
2693,0.0,0.0,0.0,0.0,3.2377978e-28,1.0,0.0
2694,0.0019785685,0.0016432123,0.20211653,0.0020100581,0.049282487,0.7428012,0.0001680502
2695,0.00067837874,0.00050412375,0.0009656199,0.00028330387,0.0015437246,0.9958456,0.00017923048
2696,1.169017e-05,0.00060038955,0.0003680805,0.000217489,4.5010922e-05,0.9943423,0.004414968
2697,4.539856e-10,2.592589e-07,9.586347e-07,4.9119736e-11,9.595637e-06,0.9999876,1.5854536e-06
2698,7.429714e-08,2.7629418e-05,1.4828305e-05,9.922866e-08,1.9492203e-05,0.9993938,0.0005440031
2699,0.0069296085,0.0010287701,0.053900596,0.00035438288,0.43462944,0.50314075,1.6477747e-05
2700,0.0061929575,0.017074928,0.059360065,0.003406008,0.03458664,0.8751997,0.0041796505
2701,0.009991033,0.0014050977,0.008639784,0.0041126106,0.005193004,0.9706442,1.4326588e-05
2702,0.0056532924,0.00039314723,0.010748085,5.0778854e-05,0.1188794,0.8640872,0.00018808032
2703,0.10857579,0.07405798,0.56679493,0.027853508,0.027992407,0.19378512,0.00094019406
2704,0.016504535,0.0044708005,0.06497386,0.007535657,0.051479645,0.8549017,0.00013383481
2705,0.00034972804,0.005361449,0.03398478,0.0008424353,0.0020145662,0.95674837,0.0006987881
2706,0.00015476333,0.0001961402,0.0019544505,2.9587112e-05,0.017481755,0.97943616,0.00074718567
2707,8.628342e-06,7.042203e-07,0.00053974707,1.1512236e-06,0.0026801776,0.996766,3.5574062e-06
2708,2.1234437e-06,1.6876293e-06,5.1868577e-05,1.1596463e-06,0.0010152968,0.9988944,3.3453405e-05
2709,8.8e-44,7.064171e-31,9.583516e-29,0.0,7.7658947e-19,1.0,4.605575e-30
2710,0.008539258,0.90795964,0.008964253,0.016230121,5.2099167e-05,0.043325458,0.014929204
2711,0.16835111,0.12665325,0.34393507,0.03752976,0.06042237,0.26167783,0.0014306724
2712,2.3388229e-07,3.8452194e-07,2.5948748e-05,1.034136e-06,6.861124e-05,0.9999027,1.0509223e-06
2713,0.04982516,0.4914278,0.15226476,0.072922915,0.002011744,0.22772956,0.0038179928
2714,0.0010703759,0.004624229,0.025265103,0.0010757229,0.044089243,0.9224275,0.0014478001
2715,0.026942803,0.016054668,0.6668661,0.007913741,0.19510657,0.0870855,3.059705e-05
2716,0.06686045,0.04648868,0.15239646,0.013439085,0.13473697,0.58457786,0.0015005184
2717,0.012701785,0.46861544,0.024773404,0.0223812,0.048956428,0.36249202,0.06007975
2718,0.40296885,0.041672286,0.2861402,0.026977088,0.19193457,0.050293032,1.3911893e-05
2719,2.4774158e-06,0.00010419598,0.00025541105,0.0001055089,4.626853e-05,0.9976549,0.0018312777
2720,0.0012696789,0.002162645,0.14574014,0.00029689728,0.6984647,0.1503887,0.0016771891
2721,0.002002557,0.000117869284,0.021088153,0.00014037508,0.13304083,0.8435436,6.667527e-05
2722,0.0004011469,0.00021757036,0.035856437,0.00017149135,0.16365783,0.7992937,0.0004018748
2723,4.2148292e-07,1.7885848e-05,5.7207923e-05,3.8056245e-07,0.00023143394,0.9996326,6.0146896e-05
2724,3.4508943e-08,1.0534203e-06,9.137113e-06,8.918963e-09,3.1169082e-05,0.99995756,1.0434358e-06
2725,2.1746937e-05,2.2825983e-05,0.0012083988,2.5671998e-05,0.03999653,0.95870954,1.5221416e-05
2726,1.2673469e-12,7.621227e-09,5.6723612e-09,8.492229e-15,9.768507e-07,0.99999905,3.0049947e-08
2727,0.0005923495,0.0003180939,0.013981734,5.0027542e-05,0.5562803,0.42875844,1.906045e-05
2728,1.2027291e-06,2.512341e-06,0.00014861129,2.0408054e-06,0.00041483136,0.9992404,0.00019049231
2729,7.51671e-06,1.059062e-05,0.008903772,9.179265e-06,0.005673021,0.9853754,2.0578695e-05
2730,0.005526779,0.0002101399,0.016638909,0.000115130795,0.18654546,0.790952,1.1516511e-05
2731,2.0071702e-05,0.00025259575,0.021675818,0.0001786237,0.0044284756,0.97332066,0.0001237755
2732,1.0530233e-05,2.4080831e-05,0.00064443983,1.1907416e-06,0.008343971,0.9909581,1.7651564e-05
2733,1.4591167e-21,5.2035923e-15,1.4462683e-14,2.2525768e-26,2.3046245e-10,1.0,1.481331e-14
2734,4.3889093e-05,4.074371e-06,0.0009176775,7.5238955e-07,0.37167573,0.6273228,3.5183373e-05
2735,1.4212248e-05,6.302513e-05,0.0065478645,1.7038019e-05,0.012464908,0.9803376,0.00055532093
2736,0.0091418,0.011035584,0.070128314,0.0013882394,0.33747172,0.5680085,0.002825811
2737,0.0015760217,0.0002999514,0.015736599,7.417708e-05,0.039418727,0.94276947,0.00012502726
2738,6.3590947e-26,1.2994323e-17,1.0506358e-17,4.4004217e-31,2.011362e-12,1.0,5.2777342e-17
2739,0.000661984,2.0373709e-05,0.03595654,1.22716665e-05,0.44724762,0.5160907,1.0572735e-05
2740,0.0010301189,0.0006905241,0.00097020116,0.0003355305,0.011871356,0.98499435,0.00010780074
2741,0.2511182,0.043401252,0.10192001,0.0139143905,0.4032538,0.18620953,0.00018276468
2742,5.5090763e-06,0.00012357764,0.00015827434,1.9051453e-07,0.021561515,0.9778893,0.00026158913
2743,0.0005337,0.00029494832,0.0013079317,6.2722764e-05,0.008645734,0.9890175,0.00013743606
2744,2.0574834e-07,0.00032006012,1.3500591e-05,5.135619e-07,6.266134e-05,0.004601075,0.995002
2745,0.0052102944,0.0011872075,0.04792775,0.00096383976,0.11847678,0.8261407,9.335108e-05
2746,8.99127e-05,9.206923e-07,0.013249079,7.51095e-06,0.012575291,0.9740702,7.006425e-06
2747,0.00026643035,0.00029533822,0.0013595305,0.00021198434,0.0013837479,0.9963965,8.652154e-05
2748,0.000611021,0.028320499,0.12194599,0.003811332,0.051025826,0.7723334,0.021951912
2749,0.0005972073,0.0024158172,0.0068119555,0.0067152996,0.0009877009,0.98149854,0.0009735154
2750,0.0093638385,0.0034069365,0.026453031,0.0006273584,0.18967743,0.7693835,0.0010879679
2751,4.1903182e-05,3.7271242e-05,0.0024683245,1.3279664e-05,0.015238008,0.98211265,8.8626766e-05
2752,4.8467235e-05,3.7046627e-06,0.0018431955,1.7462187e-05,0.0016673504,0.99641126,8.620173e-06
2753,0.0004222753,0.00011663637,0.014331607,0.00020446265,0.043051448,0.94160116,0.00027239765
2754,0.0016555688,2.9562887e-05,0.023381867,2.7327022e-05,0.39975822,0.57513875,8.744951e-06
2755,0.030673472,0.05202765,0.618703,0.017332852,0.029656315,0.25055283,0.0010538066
2756,0.0,0.0,0.0,0.0,0.0,1.0,0.0
2757,0.0069489446,0.0021637972,0.0630826,0.001026886,0.2811025,0.6456235,5.178931e-05
2758,0.00026093613,2.3510154e-05,0.0035406232,6.1762953e-06,0.17569451,0.8204693,4.963564e-06
2759,0.01025937,0.38757026,0.05841865,0.026457308,0.0044129,0.4872406,0.025640875
2760,0.00064705056,0.0003787812,0.0039964905,0.00018401377,0.0115124,0.98313427,0.00014695278
2761,0.0006983419,0.00095943117,0.009447971,3.9889772e-05,0.025326898,0.962566,0.0009613766
2762,2.5237e-41,3.5574392e-34,7.018897e-27,0.0,7.625289e-17,1.0,6.469412e-36
2763,0.012521734,0.00075628684,0.069462255,0.00030379897,0.7425465,0.17440417,5.260486e-06
2764,2.0273017e-05,5.959731e-05,0.0005120005,6.98389e-05,0.0003672577,0.9989318,3.9261202e-05
2765,6.834438e-08,2.9011935e-05,1.189424e-05,5.2031556e-08,3.6536978e-05,0.99984765,7.488983e-05
2766,0.00018800508,4.9068756e-05,0.0047155856,1.0743631e-05,0.085241504,0.90973175,6.339936e-05
2767,0.19968398,0.45705035,0.1364854,0.04179675,0.038304415,0.12309885,0.003580228
2768,0.0005466823,0.00021529307,0.021592457,3.8684164e-05,0.07355575,0.9039502,0.00010097033
2769,0.06841415,0.47420362,0.038017605,0.023602398,0.30757332,0.07859219,0.009596663
2770,0.0035564255,0.006790108,0.11789447,0.0008943227,0.37746137,0.49295294,0.00045030567
2771,0.07017064,0.040173844,0.1726408,0.010008766,0.16443735,0.5421695,0.0003989996
2772,6.046198e-05,4.341615e-05,0.00065103447,2.6225056e-05,0.0015238379,0.9976172,7.778806e-05
2773,0.16540366,0.12688933,0.075749554,0.016933557,0.0548557,0.55720854,0.0029596183
2774,0.109704286,0.36131936,0.20806842,0.034774747,0.024874678,0.2334264,0.027832134
2775,4.6377754e-05,0.0005916199,0.0042375727,0.00017259979,0.010571572,0.9841665,0.00021376698
2776,1.04703495e-05,6.740727e-05,0.00033126507,1.3191683e-05,0.00085594016,0.9981627,0.0005590618
2777,0.53307015,0.18157217,0.020540131,0.10387177,0.020363454,0.1404696,0.00011269994
2778,0.0,0.0,2.2356e-40,0.0,5.316447e-26,1.0,0.0
2779,0.00028890287,1.118411e-05,0.07046496,5.00791e-06,0.60108596,0.32814115,2.7905983e-06
2780,0.3248583,0.06433474,0.17699295,0.01736305,0.37119207,0.045245077,1.3895071e-05
2781,0.38395536,0.24725492,0.16207229,0.07253784,0.032022532,0.10068972,0.0014673326
2782,0.0034734656,0.001570983,0.19364376,0.0007686417,0.2119199,0.58856976,5.3510314e-05
2783,5.647395e-05,1.6540561e-06,0.00032387485,2.7582195e-07,0.44848168,0.5511358,3.6456098e-07
2784,0.0043775043,0.006861855,0.032337435,0.004396716,0.02901446,0.9226074,0.0004045976
2785,1e-45,2.2936057e-35,2.0923292e-29,0.0,4.1713023e-19,1.0,5.8865136e-36
2786,0.005657512,0.00052120065,0.019010762,0.00015922364,0.1005498,0.873596,0.00050540303
2787,0.00025603184,0.00028360038,0.0036999704,0.0004818095,0.0017290945,0.99343044,0.000119049844
2788,8.1550366e-05,0.00020591661,0.035730224,0.0010736659,0.00078404875,0.96198577,0.00013891514
2789,0.000855977,0.001696864,0.0051946775,0.000113577145,0.16152155,0.82708853,0.0035287996
2790,6.656118e-05,0.00011234745,0.048603553,0.00011601992,0.05579649,0.8952688,3.620788e-05
2791,1.1491324e-05,1.5737281e-06,0.0017013731,3.045053e-07,0.15440232,0.84387094,1.1989048e-05
2792,1.2551187e-09,1.3996055e-07,1.5205294e-06,1.5614002e-10,2.2730366e-05,0.9999703,5.263538e-06
2793,4.2042644e-05,3.57545e-05,0.0033754215,1.6443346e-05,0.038084634,0.9583817,6.395142e-05
2794,0.067379944,0.74967164,0.059060756,0.043904334,0.0013245493,0.06797213,0.010686651
2795,0.00034723853,0.00050180574,0.0039167986,0.00017022974,0.0031648423,0.9918228,7.631158e-05
2796,0.006684599,0.0046073636,0.716972,0.0018656378,0.08634965,0.18349135,2.9486604e-05
2797,2.8428683e-06,3.0470233e-05,0.00023127458,2.0785067e-06,0.00022134981,0.99948466,2.7378173e-05
2798,0.040174488,0.26947072,0.177287,0.038646936,0.0017599374,0.46528974,0.0073711164
2799,0.014542707,0.03611787,0.09043476,0.007286661,0.053016454,0.771164,0.027437583
2800,0.0026872903,0.0058230464,0.06549906,0.0016045305,0.20921472,0.7147782,0.00039317185
2801,0.5103868,0.05366235,0.16856208,0.03208788,0.19295117,0.042334292,1.5408092e-05
2802,0.00010686589,0.0021735693,0.018390747,0.00028551638,0.12814613,0.84075904,0.010138009
2803,1.3401204e-10,1.8314508e-07,2.5458766e-07,4.078436e-12,7.0378937e-06,0.99999225,2.733349e-07
2804,5.243591e-35,1.3647528e-24,4.2771742e-23,1e-44,1.3165678e-15,1.0,5.3804136e-24
2805,3.9111936e-05,5.018424e-05,0.0016916319,1.212822e-05,0.003577699,0.9945098,0.000119516684
2806,3.1901658e-12,1.7577998e-08,3.0894803e-08,2.2978155e-13,4.059432e-07,0.99999905,4.7976124e-07
2807,4.3907384e-08,9.328748e-07,1.615351e-05,9.579114e-09,2.98583e-05,0.99995005,2.9425134e-06
2808,9.35801e-05,0.00010277283,0.001219421,0.00030484347,0.00024112297,0.9979674,7.080172e-05
2809,3.5709763e-05,4.30984e-05,0.0071802964,2.6498425e-05,0.007874474,0.9847698,7.01236e-05
2810,0.6310247,0.13329756,0.07992133,0.016136913,0.112530164,0.027025744,6.360163e-05
2811,0.00024005042,8.126957e-05,0.003903803,0.00021869414,0.0043462277,0.9911766,3.328166e-05
2812,0.61766654,0.12401107,0.09009126,0.11625717,0.004979213,0.046795744,0.00019906103
2813,1.8426373e-06,7.8545065e-07,0.00012499589,3.311881e-07,0.0025946326,0.99725586,2.1485072e-05
2814,0.00864219,0.0055568363,0.029743195,0.0004155233,0.04311182,0.9112173,0.0013132006
2815,0.003641138,0.00042172754,0.014321722,0.0002788132,0.04178483,0.9393481,0.00020360008
2816,0.017523387,0.0060716504,0.10279194,0.0016103222,0.20058656,0.6712902,0.00012588156
2817,0.0001725594,0.011653257,0.0057965773,0.00043568463,0.012925755,0.19795062,0.77106553
2818,4.313992e-12,1.764687e-08,5.866285e-08,1.6306799e-13,2.2049505e-06,0.9999976,1.2474263e-07
2819,5.9315047e-05,0.00010638462,0.0001112692,4.2975113e-05,0.005958958,0.9936813,3.9765084e-05
2820,0.0008254297,0.00021510881,0.031334955,9.0392525e-05,0.071933314,0.8954859,0.00011488586
2821,0.0002482353,0.00024565353,0.0013719097,0.00034534998,0.0010692537,0.996581,0.00013860973
2822,3.658391e-06,2.8943832e-05,0.0001567972,1.2375256e-05,0.00035806073,0.9993525,8.758086e-05
2823,0.0039220625,0.0028204306,0.05616014,0.0007547521,0.12608093,0.80785775,0.0024039582
2824,0.004777519,0.19518618,0.0999407,0.021717282,0.010171587,0.659799,0.008407804
2825,0.015674904,0.009898774,0.03115973,0.0021102717,0.16047913,0.7802238,0.00045336728
2826,2.8483098e-06,5.441014e-06,0.00017822247,2.8355907e-06,0.00067153195,0.9985446,0.0005945088
2827,0.0006785701,0.011966286,0.0284112,0.0010980875,0.111407995,0.8202439,0.026193926
2828,6.632236e-10,2.453428e-07,7.24908e-07,2.4862477e-11,1.804368e-05,0.99997544,5.5824803e-06
2829,0.13287322,0.025802817,0.2496191,0.008155318,0.50497574,0.07855807,1.5745494e-05
2830,0.0,0.0,0.0,0.0,3.078751e-36,1.0,0.0
2831,0.13780344,0.006717207,0.12543811,0.00252845,0.5645279,0.16297738,7.47548e-06
2832,0.0048377644,0.001008593,0.019926658,0.00011378738,0.19600555,0.777978,0.000129611
2833,0.070948176,0.2211422,0.4581453,0.046595965,0.041331932,0.16114129,0.0006951648
2834,0.0,1.0512951e-36,1.0188957e-36,0.0,8.217181e-24,1.0,6.503686e-35
2835,0.005587606,0.00015539122,0.1699855,0.0007671859,0.030096557,0.7933914,1.628608e-05
2836,0.0246117,0.007710563,0.2913709,0.009042605,0.042547893,0.624232,0.0004843847
2837,1.782924e-30,2.9486116e-20,3.093834e-20,1.1743395e-37,8.794598e-14,1.0,4.5966664e-19
2838,0.00013320641,2.8151684e-05,0.098142676,4.265897e-05,0.09055328,0.811069,3.1010946e-05
2839,0.0001409204,2.486705e-05,0.02446499,1.4844858e-05,0.093440995,0.88184565,6.768415e-05
2840,5.6386345e-12,5.559916e-08,3.3795544e-08,9.769553e-13,2.7572247e-07,0.9999994,3.1864897e-07
2841,2.7132652e-05,4.1593776e-05,0.000951801,0.00018059948,0.00017208651,0.99859685,2.9987143e-05
2842,0.0008828617,0.0050426545,0.0072238958,0.00035954584,0.015733587,0.95291346,0.017844012
2843,0.00025204587,0.0010192723,0.0161034,0.00026803138,0.045537166,0.9366262,0.0001938522
2844,0.00033363458,0.00019353119,0.069725074,0.00015838078,0.085321344,0.84418696,8.111454e-05
2845,0.0044482057,0.00035925835,0.0077713816,4.829831e-05,0.44015357,0.54710895,0.00011034494
2846,0.0012521081,0.008632957,0.023580728,0.0014642759,0.03032916,0.9324318,0.002309019
2847,0.0018856833,0.0007681318,0.19219777,0.00021126567,0.6610855,0.14381017,4.15203e-05
2848,0.021535154,0.09792139,0.04315135,0.12870578,0.012747462,0.6948677,0.0010711752
2849,5.740677e-05,0.00013221985,0.0024412135,7.015129e-05,0.02552648,0.9717193,5.3163265e-05
2850,0.047062233,0.8029959,0.04445201,0.047088344,0.00079514337,0.051750194,0.0058560483
2851,0.5640739,0.11630299,0.16024494,0.07138546,0.035055812,0.05269784,0.00023904942
2852,4.7693997e-05,8.0213285e-06,0.0012300498,2.4821244e-05,0.0036938973,0.9949921,3.4718796e-06
2853,0.0010467726,0.0019670688,0.05661044,0.0004154655,0.017723925,0.9218899,0.00034649143
2854,0.36053914,0.22022131,0.29071867,0.05542303,0.011099869,0.060240604,0.0017574087
2855,6.504074e-06,3.4769953e-05,0.0002033322,1.1598437e-05,0.0018448064,0.9978404,5.859582e-05
2856,0.00050371775,3.0420104e-05,0.010016835,1.2664814e-05,0.12271051,0.8667089,1.7037626e-05
2857,0.00036203038,0.0015601419,0.0139774,0.00038328004,0.17991951,0.80358833,0.0002093194
2858,0.17867373,0.029083775,0.35357207,0.015801908,0.2306618,0.19207807,0.00012868168
2859,4.446233e-05,0.0019279097,0.00066465134,0.000117723655,0.0007553894,0.99188304,0.00460675
2860,0.0032584374,0.010525124,0.019678675,0.008478636,0.07647298,0.88127047,0.00031570674
2861,0.0011550138,0.00091462745,0.07894627,0.0002460208,0.33473104,0.58368456,0.00032243342
2862,0.07549429,0.035093203,0.6777655,0.018792987,0.058670398,0.13390079,0.0002828359
2863,0.18089493,0.6851118,0.022495776,0.022153445,0.03721107,0.04821761,0.003915401
2864,0.002543158,0.032740735,0.041794796,0.0060048667,0.0027089983,0.9137256,0.00048170483
2865,0.00064161053,0.003330553,0.03078405,0.00041887548,0.058353435,0.90557176,0.0008997588
2866,4.1494837e-07,3.4530265e-07,0.0004209828,1.9516558e-07,0.018227352,0.9813493,1.3672609e-06
2867,0.1005149,0.24177027,0.04203309,0.14138244,0.041860294,0.42992344,0.002515562
2868,3.1031224e-05,0.00031856558,0.0004596471,0.00011937339,0.0017410568,0.99604475,0.0012856425
2869,0.25177273,0.03721797,0.26750875,0.008290657,0.17439616,0.26022223,0.0005914131
2870,2.770905e-05,4.6895857e-06,0.0011449208,1.1818954e-05,0.0024271777,0.99638075,2.9516264e-06
2871,0.0,3.2089854e-37,8.288539e-34,0.0,2.3296067e-22,1.0,2.5396124e-36
2872,2.9296232e-32,1.8206443e-21,1.1280257e-21,3.54478e-40,3.6324987e-15,1.0,1.3128983e-20
2873,0.21919152,0.09857596,0.44390813,0.050203383,0.049065452,0.13882634,0.00022918553
2874,4.3203345e-05,5.40415e-06,0.0015760292,5.2580513e-06,0.008074469,0.990284,1.15217645e-05
2875,0.020267863,0.0048489193,0.07176156,0.0012462655,0.4653853,0.43636543,0.00012466226
2876,4.5766858e-05,4.845413e-05,0.0009762679,6.857348e-05,0.0005693396,0.9982017,8.9877525e-05
2877,0.0002276072,0.08627159,0.0007216654,0.0003396816,0.0033968515,0.19224256,0.7168
2878,0.0021332565,0.0086463615,0.2278854,0.007155272,0.05734605,0.69380856,0.0030251564
2879,0.016712222,0.014708328,0.0733321,0.0010043782,0.11286133,0.778055,0.0033266016
2880,6.0930953e-13,1.130509e-09,9.319329e-09,1.3992837e-14,4.7253337e-07,0.9999995,1.12162635e-08
2881,0.0013114673,0.00551466,0.029653206,0.0032258644,0.025768528,0.93373585,0.0007904225
2882,6.814751e-05,7.4681934e-06,0.0036093583,1.2633515e-06,0.24471346,0.7515253,7.5005664e-05
2883,0.002477171,0.00028060467,0.06469559,4.8674687e-05,0.61990875,0.3119465,0.0006427192
2884,0.21020932,0.19913809,0.09089232,0.015397726,0.41227245,0.0719519,0.00013823963
2885,2.6717346e-13,4.233328e-09,5.2694267e-09,1.05123065e-14,1.0316432e-07,0.9999999,2.5773401e-08
2886,0.00021057502,0.0029025741,0.02497909,0.00018683847,0.47612953,0.44622353,0.049367882
2887,0.00065374764,0.00010890522,0.007144948,0.0007520016,0.0020406707,0.9892868,1.28656775e-05
2888,0.0,0.0,0.0,0.0,5.774746e-30,1.0,0.0
2889,7.1102e-06,7.408405e-05,0.00035561004,5.224956e-05,0.007916166,0.99138826,0.00020647372
2890,1.0018695e-18,3.9775797e-13,1.0585395e-12,1.6582396e-22,2.4069307e-09,1.0,2.4774694e-12
2891,0.0001966009,7.661355e-05,0.0029452252,0.00021456926,0.0010762177,0.9954456,4.516567e-05
2892,1.0334615e-13,3.874441e-09,1.8710327e-09,2.8492976e-16,3.3488823e-07,0.99999964,4.9137623e-09
2893,0.00015671468,5.3560085e-05,0.0004642975,9.4277755e-05,0.0009147894,0.99830663,9.712654e-06
2894,0.0013509295,0.7639022,0.0016127167,0.00648345,0.00071644183,0.20543216,0.020502148
2895,0.0006452651,0.0009551892,0.13357806,0.0006069242,0.20002055,0.6641232,7.086942e-05
2896,2.8798124e-05,0.00035136603,0.0006749654,3.374169e-06,0.004914252,0.9936401,0.00038720047
2897,0.0038942853,0.00011687766,0.005300937,2.5014338e-05,0.66854,0.32211593,6.991077e-06
2898,5.0794647e-06,8.612506e-06,0.0003827711,2.6679652e-05,0.00016570424,0.99937373,3.751341e-05
2899,0.017212499,0.08497268,0.04910495,0.005292916,0.032866497,0.80507123,0.0054791244
2900,0.0007632071,1.8827213e-05,0.005617574,1.803146e-05,0.01965626,0.9739028,2.3259216e-05
2901,0.0059175673,0.0069191684,0.09852897,0.004246098,0.091273755,0.7928775,0.00023697846
2902,1.1800578e-07,2.578362e-06,3.6802518e-05,1.747132e-07,2.700597e-05,0.9998927,4.0628118e-05
2903,2.6385528e-06,4.819673e-07,7.891072e-05,4.544986e-07,0.0006209269,0.99929607,4.2912708e-07
2904,0.08686455,0.03821736,0.16447717,0.022587745,0.38586625,0.30183953,0.00014740069
2905,3.7008882e-05,0.00013838214,0.0029424664,4.1627507e-05,0.0052748397,0.9900276,0.0015380031
2906,0.08771471,0.04577927,0.42910632,0.018252684,0.31691474,0.102191016,4.124503e-05
2907,0.00014137772,2.658596e-05,0.002601536,0.00027567503,0.0007682356,0.9961843,2.3000166e-06
2908,0.00035323182,4.4084554e-06,0.04112861,3.3261663e-06,0.38013923,0.5783535,1.7714981e-05
2909,0.342795,0.02459595,0.055428483,0.007519803,0.46093604,0.10871037,1.4332201e-05
2910,0.0,6.0996e-41,2.09207e-40,0.0,1.5798282e-25,1.0,1.115477e-39
2911,0.0007951698,0.0038662155,0.013674994,0.00053834595,0.020572076,0.95994127,0.00061192835
2912,0.007662454,0.24977913,0.021689624,0.0065796096,0.026242798,0.4057177,0.2823287
2913,0.006322528,0.014679122,0.019867485,0.0011985784,0.26422504,0.6915729,0.0021344128
2914,1.0800226e-06,3.6949614e-06,9.499063e-05,2.0312166e-06,0.0004462764,0.9993315,0.00012053627
2915,0.0018453829,0.0080077145,0.019814435,0.00045478073,0.027309116,0.9394966,0.0030719195
2916,2.2775711e-12,2.5233076e-08,3.4474205e-08,2.146749e-13,3.3225825e-07,0.9999994,1.8214638e-07
2917,3.0732532e-25,1.87862e-18,6.435237e-17,7.300401e-32,7.2561354e-12,1.0,5.0159538e-18
2918,0.20232038,0.013219342,0.11236,0.0061891014,0.41541344,0.25045803,3.968365e-05
2919,0.00018725947,0.00025623082,0.012133397,7.861338e-05,0.25626087,0.7305399,0.000543723
2920,1.9781404e-27,9.177902e-19,4.1094862e-18,2.8512295e-34,1.4508312e-12,1.0,4.1127168e-18
2921,0.044903815,0.021810854,0.13020188,0.045932963,0.07432302,0.6827303,9.7019896e-05
2922,0.0013094145,9.0051624e-05,0.015395277,4.1469375e-05,0.2107191,0.7723333,0.00011144723
2923,9.454638e-08,1.465387e-05,9.791923e-06,1.6810944e-08,5.6267425e-05,0.99991024,8.97634e-06
2924,0.0033593709,0.00021808753,0.009042905,0.0025761304,0.008615972,0.9761854,2.1738524e-06
2925,0.010327625,0.15424904,0.1472389,0.027434325,0.002400845,0.65408975,0.0042595603
2926,0.00012644111,0.005347626,0.025892923,0.0012806455,0.0056072227,0.9588908,0.0028544301
2927,0.0031979445,0.00028683495,0.0030870826,1.1343201e-05,0.7258088,0.26760024,7.774936e-06
2928,3.7910496e-08,3.7146726e-06,2.312326e-05,2.5323257e-07,1.3813034e-05,0.99995387,5.1967604e-06
2929,7.747689e-05,1.23882e-06,0.0025600838,3.3387636e-07,0.77561325,0.2217462,1.3523953e-06
2930,0.22874552,0.26378766,0.069699444,0.043312404,0.034184195,0.35852277,0.0017480662
2931,3.0003244e-05,8.355295e-06,0.0036572146,2.9642046e-05,0.00075143005,0.99550736,1.6060865e-05
2932,0.0,0.0,1e-45,0.0,5.029263e-28,1.0,0.0
2933,4.86897e-09,8.45423e-07,1.1460991e-06,5.598111e-10,3.0762407e-05,0.99996114,6.0631005e-06
2934,0.00034775684,7.7823446e-05,0.01932227,4.6683224e-05,0.055642076,0.9244717,9.1687325e-05
2935,8.436191e-07,6.3656486e-08,2.2663582e-05,2.914106e-08,0.009564336,0.9904089,3.0966617e-06
2936,0.00038550905,0.023451874,0.014377939,0.008241542,0.0091106435,0.9410978,0.0033346536
2937,0.0071361284,0.0023796053,0.042898647,0.0026256868,0.053160124,0.8911798,0.00062008423
2938,0.0006186728,0.0017977529,0.06554874,0.0003031834,0.35999683,0.5684968,0.0032379958
2939,0.00015634026,0.00015824803,0.0030245334,9.849017e-05,0.04083085,0.9556963,3.5249683e-05
2940,0.20128475,0.08752906,0.37274188,0.04473638,0.0977196,0.19580267,0.00018567842
2941,5.765172e-08,1.0269165e-05,1.0955712e-05,1.9971232e-08,3.7123966e-05,0.9999069,3.474832e-05
2942,0.00014398398,0.000110502944,0.001172046,0.00012872665,0.0024993573,0.9958995,4.5917197e-05
2943,0.624383,0.29123524,0.019096496,0.039385483,0.018912401,0.006894026,9.330601e-05
2944,1.526424e-05,8.447876e-05,0.00034218596,7.079754e-05,0.00011196975,0.9990951,0.0002802654
2945,0.19720568,0.015533607,0.45243615,0.03869622,0.08126771,0.2148256,3.4983463e-05
2946,9.0091535e-06,0.0008640008,0.03208332,7.995347e-05,0.2963768,0.5999963,0.07059055
2947,0.0,1.4954983e-35,5.158173e-31,0.0,1.3373739e-20,1.0,6.0067833e-36
2948,0.00081411086,0.008635738,0.046737216,0.0027537888,0.03249427,0.9078292,0.0007356583
2949,0.22414263,0.3162032,0.115859106,0.08035962,0.012036308,0.2490705,0.0023285574
2950,8.654758e-06,3.529128e-06,0.011729632,1.075645e-06,0.25811824,0.72949255,0.00064629916
2951,0.0021949802,0.00047738716,0.0028891333,8.2399994e-05,0.17213455,0.82148135,0.0007402122
2952,0.00013842482,1.08747245e-05,0.031993266,8.3303945e-05,0.012000678,0.9557697,3.817096e-06
2953,7.1602726e-22,8.697876e-14,1.3401869e-14,7.223523e-26,1.13531684e-10,1.0,1.5257512e-12
2954,0.00024868533,3.1280706e-05,0.0026890284,1.3963899e-05,0.0721016,0.9248999,1.5509519e-05
2955,0.004335148,0.0010731267,0.046339903,0.0016867912,0.042139042,0.9043043,0.00012171088
2956,4.869151e-09,4.992931e-07,1.5164966e-06,7.060758e-10,6.351854e-05,0.99992955,4.9544556e-06
2957,0.008675199,0.047895353,0.37134483,0.017139897,0.13959666,0.41503108,0.00031686274
2958,0.35505375,0.2838028,0.17936856,0.05258334,0.03697186,0.09196691,0.00025281924
2959,5.774426e-19,5.967149e-13,2.743385e-13,1.4923055e-22,3.526541e-10,1.0,2.7413358e-12
2960,0.010893046,0.0123670865,0.022465847,0.0022228265,0.06313093,0.8868763,0.002044045
2961,0.00014668383,0.00079529255,0.030356923,0.00014041965,0.04281156,0.9253123,0.0004368867
2962,0.00045051618,0.011636664,0.08811051,0.0020489397,0.10490177,0.78730476,0.005546871
2963,0.00014083102,3.1339252e-05,0.002200514,0.00011780615,0.003771971,0.9937356,1.9437514e-06
2964,0.3992547,0.3751493,0.023569489,0.049748477,0.07324754,0.078440934,0.00058948784
2965,8.4758585e-06,2.139214e-06,0.00017704967,3.4772052e-06,0.0008535993,0.99895227,2.966608e-06
2966,0.006440177,0.0023352082,0.29370174,0.0010810576,0.34499344,0.35143498,1.3452805e-05
2967,0.0674132,0.4146713,0.15160099,0.0459313,0.04888294,0.26839,0.0031103028
2968,0.062340952,0.052482694,0.23768273,0.013301429,0.10072194,0.53342587,4.4363853e-05
2969,2.611146e-07,5.4321526e-06,9.665882e-05,6.8607574e-06,0.00021641041,0.999358,0.00031633655
2970,4.528878e-08,4.2362177e-07,6.337064e-06,2.0308657e-09,5.4561977e-05,0.99993825,3.266868e-07
2971,0.0,0.0,0.0,0.0,1.9225237e-34,1.0,0.0
2972,0.00015846547,0.0033269033,0.01576177,0.00026304624,0.061646946,0.8785087,0.040334154
2973,0.057147462,0.0110331075,0.3120923,0.00965324,0.17841174,0.4315488,0.00011337226
2974,0.0004457799,0.00015726087,0.0032912442,3.90843e-05,0.02313288,0.97292477,8.970779e-06
2975,0.00021454529,1.5075747e-05,0.004654917,1.0717366e-05,0.036535155,0.9585229,4.661983e-05
2976,0.0041983654,0.0016285335,0.20581993,0.001643855,0.24740584,0.53928804,1.54009e-05
2977,2.58156e-05,0.00040126103,0.0004343013,9.038862e-05,0.000604035,0.9972435,0.0012008072
2978,0.059869036,0.006449011,0.25820506,0.0017903314,0.37050408,0.30316955,1.2928082e-05
2979,0.119890936,0.17855008,0.042883262,0.012619996,0.37284002,0.27275616,0.00045959072
2980,0.01044723,2.6833786e-05,0.0057571055,7.118265e-06,0.8698477,0.11391371,1.6914127e-07
2981,0.024261475,0.011134211,0.62424695,0.0075458353,0.106174536,0.226541,9.602254e-05
2982,0.19594344,0.41371873,0.15301274,0.07311081,0.004787208,0.15000102,0.009426051
2983,0.0003748396,0.0002273296,0.0017041601,4.0475577e-05,0.097825974,0.899761,6.623572e-05
2984,5.624418e-05,3.348167e-05,0.009955942,3.9296567e-05,0.04923712,0.9406525,2.5417858e-05
2985,0.0033428052,0.019679744,0.30173406,0.0069867526,0.010215819,0.6576878,0.0003529834
2986,0.00038299855,0.0029295743,0.00939679,9.814506e-05,0.010294543,0.97532415,0.0015737938
2987,0.022156294,0.0019101527,0.014955915,0.0003500581,0.36777166,0.5928508,5.111743e-06
2988,0.0008948004,0.0010247888,0.009321682,0.00093992334,0.00893546,0.97740585,0.0014775787
2989,0.00012689838,0.00012402736,0.026432829,0.00012302029,0.04059476,0.93258274,1.5579611e-05
2990,0.000336003,4.4632077e-05,0.06279855,4.821214e-05,0.13089603,0.8058614,1.5161294e-05
2991,0.021757444,0.1926974,0.2551319,0.025875343,0.015639065,0.4845332,0.004365586
2992,8.616536e-29,8.2933785e-19,4.6385187e-19,7.1133175e-35,1.3967945e-13,1.0,6.827291e-17
2993,0.009907947,0.0035151974,0.0098349685,0.00033265114,0.7268469,0.24953431,2.8004244e-05
2994,1.9839727e-21,6.3455514e-14,1.8339019e-14,2.2086226e-24,3.1523124e-11,1.0,9.0944995e-12
2995,2.1829106e-05,0.00021215675,0.0002058081,7.3649484e-05,0.0013429855,0.9970661,0.0010774327
2996,0.00047706038,0.0028417723,0.042633265,0.0008969001,0.05300583,0.899783,0.00036209487
2997,0.0008631356,0.0024329007,0.004332065,0.00034366277,0.013748172,0.9777013,0.00057871745
2998,8.298303e-06,4.534178e-06,0.00023200251,7.6266747e-06,0.0005872662,0.9991541,6.2142235e-06
2999,2.2848012e-06,1.2603529e-05,0.00010474189,4.889159e-06,0.0014855078,0.99827015,0.00011979115
3000,6.907961e-05,1.8130886e-05,0.0018461398,7.044632e-05,0.0012249886,0.99676347,7.640624e-06
3001,0.0020878208,0.0069072824,0.019487958,0.0008505957,0.034693994,0.93394107,0.0020312506
3002,0.025973199,0.2821739,0.077063076,0.023385836,0.057783026,0.5227862,0.010834788
3003,6.6819645e-34,1.4008428e-23,2.7845391e-22,4.58e-43,4.084845e-15,1.0,1.1545507e-22
3004,0.5820814,0.14477767,0.08127441,0.04084246,0.10524919,0.04572096,5.401319e-05
3005,0.0005117805,0.0017835923,0.08199129,0.0003508578,0.23389183,0.6740602,0.0074104876
3006,0.018956924,0.10010243,0.09316326,0.025259309,0.1701032,0.5913278,0.0010871136
3007,0.041499883,0.0034962753,0.014664182,0.00037387706,0.81097573,0.12897952,1.0502749e-05
3008,0.0075177816,0.01659421,0.59080863,0.0044618864,0.1957435,0.18483576,3.8247465e-05
3009,4.055996e-05,4.64493e-05,0.00051250326,3.576271e-05,0.0029673665,0.996372,2.5390003e-05
3010,1.1597061e-06,0.0004324835,6.117969e-05,2.039848e-06,0.00021210195,0.9968437,0.002447471
3011,0.0035541998,0.0008019732,0.09400178,0.0010332974,0.15046738,0.7500567,8.471588e-05
3012,4.324558e-22,2.1154097e-15,6.5785843e-15,6.753868e-28,1.1330482e-09,1.0,2.0769803e-15
3013,0.2524942,0.3635936,0.26388526,0.046112843,0.0067545255,0.06264021,0.004519333
3014,0.20487247,0.40722382,0.2144995,0.07381041,0.015131059,0.0801098,0.004352879
3015,2.469e-42,3.6288447e-29,4.2938223e-28,0.0,8.849666e-19,1.0,2.8077834e-28
3016,0.00046342486,0.00032641107,0.05246144,6.756171e-05,0.12539755,0.82127035,1.3266593e-05
3017,0.004538036,0.0015605637,0.060324647,0.0004325944,0.13196662,0.79930776,0.0018697098
3018,5.058054e-05,0.0009260939,0.00091648294,3.4626315e-05,0.0016742214,0.9957332,0.0006648063
3019,0.0010471507,8.367879e-05,0.04831001,4.959715e-05,0.26246646,0.6880316,1.14530385e-05
3020,0.0001254169,3.281684e-06,0.008603825,6.059363e-06,0.14115188,0.8501087,8.77493e-07
3021,0.0026406453,0.002249829,0.01109568,8.370962e-05,0.20092145,0.7763391,0.006669619
3022,0.010483598,0.08948746,0.116488285,0.039851747,0.006030153,0.73605645,0.0016023123
3023,0.0912013,0.10484057,0.041311868,0.13218789,0.010842911,0.61665964,0.0029558432
3024,0.044593513,0.003976251,0.04167008,0.0012707553,0.85523635,0.053241737,1.1301781e-05
3025,0.0,0.0,0.0,0.0,0.0,1.0,0.0
3026,6.341455e-05,3.274937e-05,0.0012022587,3.1381314e-05,0.008336881,0.99026394,6.945205e-05
3027,3.8048845e-05,7.943892e-06,0.007133051,4.219565e-06,0.050100636,0.9426993,1.6709982e-05
3028,0.00024647528,0.00024281538,0.00022350052,3.6895122e-05,0.00047910248,0.9986797,9.141512e-05
3029,2.3684821e-05,2.6542648e-05,0.0005045623,2.7760829e-05,0.006414583,0.99299,1.2842862e-05
3030,0.0029780667,0.017545907,0.7321416,0.0034547297,0.14922063,0.09462174,3.738297e-05
3031,0.18650906,0.12997203,0.39837188,0.06192781,0.04355212,0.17907791,0.00058921543
3032,1.9058053e-06,9.168906e-06,3.271203e-05,5.253262e-06,0.00024863193,0.9996574,4.498754e-05
3033,0.0011519525,6.2783874e-05,0.016321674,1.6596345e-05,0.28570288,0.69672143,2.2652408e-05
3034,0.00021597254,5.7866266e-05,0.064834654,6.2804196e-05,0.24946235,0.6853556,1.0767959e-05
3035,2.3578676e-05,8.2755905e-06,0.0005982858,6.2614695e-06,0.001442124,0.99787235,4.905555e-05
3036,0.00076906296,0.00047126584,0.028765602,6.9817994e-05,0.043267056,0.9264956,0.00016157613
3037,5.4722852e-05,0.00042835102,0.0052229445,9.9600766e-05,0.022173937,0.97188085,0.00013953356
3038,1.6306989e-13,9.945251e-09,3.6028036e-09,7.235226e-15,1.2745627e-07,0.99999964,1.7439925e-07
3039,0.12163339,0.26248762,0.46182126,0.04958815,0.009174629,0.09185007,0.0034448376
3040,0.0021753425,0.02209997,0.10376135,0.0037320252,0.18253835,0.6812604,0.0044325637
3041,0.040573806,0.17050292,0.06316212,0.029274413,0.03036125,0.64183044,0.024295136
3042,0.00060665124,0.00033613722,0.119904235,0.00022233921,0.19056784,0.68827516,8.764187e-05
3043,9.889921e-06,1.3465089e-05,0.00045003108,1.2752455e-05,0.0011575586,0.998283,7.331718e-05
3044,0.00026968832,0.00021750377,0.014626437,6.989897e-05,0.07297915,0.9117032,0.00013414849
3045,1.8191651e-05,2.2894637e-06,0.005834738,2.0177893e-06,0.25194022,0.74218863,1.3874552e-05
3046,7.522073e-29,1.8420092e-19,7.05748e-19,1.2363355e-35,5.568438e-13,1.0,2.6513817e-18
3047,1.0572209e-06,4.073148e-05,6.6451525e-05,3.712322e-06,5.615383e-05,0.9993992,0.00043275446
3048,0.5210112,0.13110492,0.15384483,0.04535131,0.09394765,0.054607127,0.00013299119
3049,0.0051123407,0.008881074,0.06587599,0.001991248,0.006052853,0.8814761,0.03061042
3050,0.010231181,0.008361667,0.0017599355,0.0013599865,0.02826253,0.9499412,8.343465e-05
3051,9.462708e-10,5.8710515e-07,8.771892e-07,6.0666965e-11,5.352512e-06,0.999992,1.1826994e-06
3052,2.9803809e-05,0.00019756261,0.008678612,5.5775658e-05,0.0044375774,0.986379,0.00022169178
3053,0.006011667,0.0042349426,0.15463224,0.0019931633,0.069450736,0.76360744,6.983172e-05
3054,0.05089627,0.010107096,0.11128416,0.04063396,0.14080076,0.6462585,1.9209521e-05
3055,0.272188,0.17081463,0.19819695,0.074644566,0.03040904,0.2523633,0.0013834531
3056,1.1678127e-05,0.00013026592,0.00065681076,0.0001713934,0.00031915933,0.9980134,0.00069728855
3057,0.0035960511,0.10311917,0.027147664,0.016395977,0.004071744,0.8322613,0.013408064
3058,0.00036939478,0.004632204,0.03211457,0.00049713167,0.0783856,0.8753428,0.008658343
3059,0.00014977966,2.9647199e-05,0.027001878,3.950429e-05,0.18007916,0.7926901,9.925199e-06
3060,1.4490479e-05,2.643814e-06,0.008791942,2.534588e-06,0.09732181,0.8938525,1.4046262e-05
3061,0.0,0.0,0.0,0.0,1.1316317e-31,1.0,0.0
3062,4.770699e-05,7.782239e-05,0.009908133,4.922637e-06,0.25310305,0.73511684,0.0017415313
3063,0.0014350134,0.0035475034,0.08586788,0.0011535189,0.15900984,0.7486863,0.00029983028
3064,0.0009356066,0.003808778,0.14921817,0.004617768,0.06017647,0.78070754,0.0005356845
3065,4.9931627e-06,0.00014712641,0.00027975312,3.3285307e-06,0.00028368228,0.9990471,0.00023398333
3066,0.022693506,0.002646778,0.17322329,0.001046801,0.39649257,0.40385267,4.4450826e-05
3067,0.00010437349,1.4271436e-05,0.0018526368,4.0567e-05,0.0011682328,0.9967865,3.348973e-05
3068,0.0010750188,7.646841e-05,0.04282464,5.511412e-05,0.33046076,0.6255013,6.710382e-06
3069,0.017348206,0.0014122515,0.011888665,0.00029442817,0.859112,0.10994059,3.8160633e-06
3070,0.000535166,0.000115445706,0.3319016,0.00034113854,0.049694195,0.61739564,1.6775886e-05
3071,0.00059453933,0.00062047347,0.041162435,0.00022309326,0.038638342,0.91867715,8.398597e-05
3072,9.3947465e-06,3.2910157e-05,0.00018886419,1.737252e-06,0.006519422,0.993238,9.666291e-06
3073,2.4737817e-27,8.705456e-19,1.926445e-18,7.277094e-34,5.0629786e-13,1.0,4.476027e-18
3074,3.833038e-08,3.032365e-06,1.6792088e-05,1.7601423e-08,1.6339789e-05,0.9999614,2.5087077e-06
3075,0.00018475762,0.0050838836,0.024040759,0.0009624115,0.008906766,0.958766,0.0020553619
3076,1.9295099e-07,3.644136e-06,6.1188024e-05,4.3423847e-06,0.00010513775,0.999673,0.00015248236
3077,0.00038045293,0.0005139669,0.03140634,9.894701e-05,0.33253637,0.6339897,0.0010741791
3078,0.0036829554,0.0039526587,0.6019205,0.0076602483,0.094419636,0.2883429,2.1122101e-05
3079,0.13382542,0.025633695,0.3487485,0.010349615,0.26724133,0.21407616,0.00012524176
3080,1.0860537e-05,4.0143386e-06,0.00046535698,1.3309388e-05,0.00039769977,0.9991061,2.5837228e-06
3081,2.2976839e-30,8.811012e-23,5.7825347e-20,2.360151e-39,2.2133329e-13,1.0,2.6411592e-23
3082,4.8516707e-05,4.0054006e-06,0.008771883,2.98147e-06,0.10058923,0.8905803,3.0911099e-06
3083,4.5370532e-05,1.3539747e-05,0.003016642,0.00011505426,0.0012219487,0.99558455,2.9701716e-06
3084,0.48637152,0.3430752,0.020325907,0.0625835,0.035153292,0.051884804,0.0006057828
3085,3.3944318e-05,0.0005690174,0.021427656,0.0002635321,0.0011116113,0.9764173,0.00017683751
3086,0.00046757754,8.668142e-05,0.0052825385,2.622416e-05,0.053053107,0.9410482,3.5605586e-05
3087,0.00022352501,0.005876942,0.0035775877,0.00086319656,0.005541573,0.9829968,0.00092034927
3088,0.030463655,0.0011694143,0.11982074,0.0010257014,0.6544805,0.19303514,4.894486e-06
3089,0.020944526,0.00038395385,0.023523103,0.00019065733,0.7557949,0.19916184,1.0498777e-06
3090,9.690057e-05,0.0009633956,0.019301502,0.00023396694,0.017517116,0.9603323,0.0015548216
3091,0.039026976,0.84913945,0.02060215,0.0324438,0.001256558,0.03823097,0.019300058
3092,0.00027183705,0.0007374218,0.044930805,0.00015197138,0.17526916,0.77847064,0.00016816599
3093,0.004122439,0.0011567638,0.35727844,0.0025500052,0.27797246,0.35690594,1.3963243e-05
3094,0.058193993,0.23381898,0.4114858,0.03969404,0.019093275,0.23525028,0.0024636895
3095,0.00024099117,6.1940606e-05,0.026640967,1.9781062e-05,0.13675162,0.8362537,3.1036634e-05
3096,1.8724576e-06,2.7214783e-06,0.000101046986,3.531194e-06,7.173973e-05,0.99980396,1.50650685e-05
3097,4.106686e-06,0.01037592,6.1804334e-05,3.9498376e-05,0.00033196845,0.014703188,0.97448355
3098,1.6108382e-06,2.0479763e-05,0.0003061038,0.0001433912,4.6417103e-05,0.9994381,4.3774995e-05
3099,3.028594e-06,5.1496904e-06,0.00012090872,1.4875693e-05,0.0002589054,0.9995888,8.317963e-06
3100,0.00025923288,5.3329983e-05,0.0045813285,3.2010794e-05,0.1056523,0.88941526,6.495676e-06
3101,2.8611854e-05,0.00010762778,0.0012276584,4.7120186e-05,0.0010717455,0.9967775,0.0007397403
3102,0.00526968,0.0009742273,0.111109935,0.00069574406,0.36234498,0.5195914,1.3920091e-05
3103,0.0012650433,9.93451e-05,0.011361961,5.849685e-05,0.06959042,0.9175488,7.601082e-05
3104,0.0008190532,0.00056737295,0.046039402,0.0009513914,0.016594801,0.9343349,0.0006930252
3105,0.0062252656,0.00026827274,0.25180063,0.0032673464,0.011335738,0.727099,3.6858664e-06
3106,0.0004766518,0.0005690723,0.110561445,0.00017451584,0.22335249,0.66464394,0.00022188394
3107,0.0,3.3593578e-38,1.2297129e-35,0.0,3.05747e-23,1.0,1.7407862e-37
3108,0.28018242,0.17754371,0.16683707,0.041098397,0.039447196,0.29361868,0.001272506
3109,0.043529138,0.058628302,0.113634594,0.008571263,0.013520893,0.7561524,0.005963391
3110,0.15363418,0.6841261,0.027629793,0.06310902,0.0035281442,0.059702635,0.0082702
3111,0.1570004,0.12881951,0.19505243,0.025322378,0.21020232,0.28215957,0.0014434063
3112,7.319201e-23,1.124511e-14,9.540793e-16,4.2103725e-27,2.2027893e-11,1.0,2.0378436e-13
3113,5.8323476e-05,5.305462e-05,0.024482684,3.6558933e-05,0.010707067,0.9646356,2.6748286e-05
3114,2.3358755e-06,6.202646e-06,0.00058202824,8.873842e-05,8.912524e-05,0.9992213,1.02175045e-05
3115,2.3112493e-06,9.186719e-06,6.1384635e-05,7.679825e-06,0.000113346374,0.9997423,6.38318e-05
3116,1.4677722e-06,8.303843e-05,5.5565022e-05,4.933691e-07,0.00021932549,0.9993248,0.00031532368
3117,0.1544099,0.14922735,0.10693661,0.02486149,0.15471566,0.4089652,0.0008837945
3118,0.13761505,0.1641912,0.23894016,0.040981602,0.057871018,0.35879463,0.0016063206
3119,0.024369067,0.0005112746,0.03761047,0.00038931047,0.223275,0.71380985,3.5086377e-05
3120,3.5058144e-07,6.014923e-07,9.835114e-05,4.4512596e-08,0.00024853466,0.9996495,2.675121e-06
3121,4.2059203e-11,2.3698105e-06,2.265468e-08,1.3094751e-12,3.5149076e-06,0.99998677,7.315127e-06
3122,0.0032707017,0.00044937144,0.05839381,0.00022805722,0.08635776,0.85061747,0.00068279606
3123,0.0005303904,0.00030632352,0.0070346654,0.00022127734,0.012775122,0.9788663,0.00026595074
3124,0.00019463479,8.401061e-06,0.0011684354,3.595283e-05,0.0015417709,0.99705017,6.321253e-07
3125,0.0002408547,0.0060851886,0.035888758,0.005028254,0.035715383,0.9125821,0.0044593895
3126,0.35392737,0.24019596,0.06810505,0.07004755,0.08052387,0.1862834,0.00091681373
3127,0.14784744,0.28454792,0.3179759,0.062215704,0.003084045,0.17169167,0.012637343
3128,7.980338e-05,0.000121614044,0.001375462,0.000140047,0.0015632994,0.99663806,8.167841e-05
3129,0.45802265,0.08284278,0.20881057,0.11119924,0.0065244697,0.1322634,0.00033678347
3130,0.020274365,0.00246771,0.03382224,0.00047608995,0.66681254,0.2761276,1.9388737e-05
3131,4.7194928e-05,3.2988603e-06,0.02801104,4.5696174e-06,0.14060035,0.8313302,3.36344e-06
3132,5.6506356e-05,3.7737533e-05,0.008189574,0.00024602376,0.000987917,0.9904661,1.6096788e-05
3133,4.1485155e-06,8.80385e-06,6.0787825e-05,7.3603196e-06,9.416619e-05,0.9998105,1.4143833e-05
3134,0.0,1.9416086e-38,1.9834148e-34,0.0,1.4023833e-22,1.0,1.1631349e-38
3135,0.15324281,0.6512548,0.08159462,0.059385125,0.001591978,0.04303987,0.009890799
3136,0.0009417861,0.00785329,0.022675896,0.0015020489,0.019176802,0.9461987,0.001651468
3137,0.00015652023,1.9876743e-05,0.015247029,1.8076385e-05,0.084610306,0.8999094,3.8750004e-05
3138,0.0002530341,0.00011208837,0.06301263,4.5957036e-05,0.22286706,0.7136998,9.411045e-06
3139,0.014186398,0.006450126,0.44804546,0.008182178,0.033128772,0.48980838,0.00019869859
3140,0.053994607,0.03717922,0.14456885,0.010207187,0.10922574,0.6439804,0.0008440174
3141,2.5060603e-05,6.008845e-06,0.00057278184,5.5996876e-05,0.00012997669,0.9992067,3.5072087e-06
3142,4.823482e-12,6.90173e-09,2.8895982e-08,7.4804576e-14,1.2232472e-06,0.9999987,7.037549e-08
3143,0.0002935846,4.005246e-05,0.0018479376,8.138349e-05,0.0054482305,0.9922841,4.671124e-06
3144,0.017023733,0.8692113,0.007090859,0.02305564,0.0034126171,0.04121827,0.0389876
3145,0.22209162,0.52867305,0.14076187,0.07046445,0.0033525724,0.03145042,0.0032059923
3146,0.00022461907,1.5467898e-05,0.007308209,8.126351e-06,0.08266597,0.9097607,1.6791799e-05
3147,0.0,0.0,0.0,0.0,5.072612e-37,1.0,0.0
3148,0.003654876,0.24537914,0.027282605,0.010792507,0.008126297,0.6889514,0.015813097
3149,0.0012980055,0.0074005644,0.003059105,0.0004857307,0.02291742,0.9637986,0.0010405381
3150,9.207574e-18,5.0474312e-11,7.929671e-12,6.17535e-20,3.2974479e-09,1.0,6.830064e-10
3151,2.739024e-05,2.4345452e-05,0.00053112995,2.382285e-05,0.0022708823,0.9970932,2.9239962e-05
3152,0.0030260119,0.001721439,0.1308221,0.00095045497,0.23770627,0.62551475,0.00025892342
3153,1.9361918e-18,9.304236e-13,1.2777705e-12,4.6361037e-23,1.0614996e-08,1.0,4.6754305e-13
3154,1.3281367e-05,3.6283864e-06,0.00025233848,1.6557981e-06,0.025822058,0.9739034,3.651801e-06
3155,4.0628888e-13,7.546059e-09,6.37192e-09,1.2289752e-14,3.4426256e-07,0.9999995,1.5504172e-07
3156,2.0104622e-09,9.745935e-07,4.338436e-06,9.707062e-10,4.0005474e-05,0.99994385,1.0818524e-05
3157,0.26796624,0.19666295,0.11804998,0.02292151,0.035278693,0.3534594,0.005661218
3158,0.103719994,0.30462626,0.30330357,0.06637043,0.018867193,0.19701017,0.0061023636
3159,0.072973065,0.029174946,0.5987096,0.012982874,0.16331625,0.122798815,4.449617e-05
3160,0.00020541302,2.5222093e-07,0.0014708159,2.140167e-07,0.5102935,0.48802954,2.9025634e-07
3161,0.08661191,0.46468598,0.11803538,0.02977803,0.00968255,0.2764667,0.014739485
3162,0.00059525314,0.00022778912,0.039995175,0.0001203101,0.054687925,0.9040688,0.00030468326
3163,1.9836292e-12,8.8830774e-08,2.5366699e-08,6.6286766e-14,1.8661026e-06,0.9999976,4.244132e-07
3164,4.365712e-10,1.0458461e-06,8.733607e-07,2.6280333e-10,2.9867922e-06,0.99997044,2.4621799e-05
3165,4.2005186e-06,1.8192895e-05,0.00020023,4.913265e-06,0.0003958068,0.9993144,6.227173e-05
3166,2.2199085e-06,7.0756214e-06,0.0001499575,5.8966266e-06,0.00017948744,0.9996357,1.9709596e-05
3167,2.6838459e-16,1.77469e-11,4.21211e-11,1.6920774e-19,2.720963e-08,1.0,3.6827583e-10
3168,0.010516339,0.009033042,0.37510055,0.009784157,0.20720308,0.3883207,4.2121188e-05
3169,0.024695735,0.0045082374,0.10268832,0.003075565,0.41655543,0.44844115,3.560082e-05
3170,2.3461693e-05,2.6935093e-06,0.00050960074,9.630441e-06,0.0015940027,0.9978598,8.155057e-07
3171,1.5227981e-10,5.3142518e-08,2.4143688e-07,5.901793e-12,3.5587195e-06,0.9999956,6.02181e-07
3172,0.00038249276,0.001696561,0.11610421,0.0014271094,0.018950198,0.8613605,7.9008576e-05
3173,7.771581e-09,1.575201e-06,3.3164708e-06,7.66348e-09,1.2132165e-05,0.99994874,3.424739e-05
3174,2.5267154e-05,0.0003256632,0.0014124662,0.000113998554,0.00845052,0.9778686,0.011803455
3175,0.0012526292,0.0014194235,0.013339028,0.007781936,0.0028812487,0.9731982,0.00012758198
3176,6.8194975e-05,3.2183593e-06,0.0077158865,1.6168734e-06,0.25891444,0.7332906,6.0137186e-06
3177,1.0079951e-06,2.1611266e-05,0.00017464248,6.425451e-06,0.00024760325,0.9989986,0.0005501644
3178,0.00038327815,0.00019279144,0.03868338,0.00011913726,0.027401641,0.93312186,9.792863e-05
3179,0.0,0.0,0.0,0.0,2.9026275e-38,1.0,0.0
3180,0.003208693,0.000246527,0.19033313,0.0004420637,0.16841121,0.6373241,3.428407e-05
3181,5.3628e-05,0.00010032873,0.0015898674,0.000294855,0.00035863344,0.99754024,6.232417e-05
3182,0.0060888533,0.0049335514,0.7500947,0.0044738497,0.073751986,0.16062674,3.031587e-05
3183,0.0009721816,0.0115617905,0.11449644,0.003051979,0.016910458,0.8528248,0.00018230866
3184,1.72598e-12,5.80878e-08,3.0013258e-08,2.9016018e-13,1.5550995e-06,0.9999981,2.902917e-07
3185,0.53898764,0.2707308,0.07016201,0.054206636,0.04096175,0.024830578,0.00012062603
3186,0.0074376576,0.09958614,0.07469567,0.026910884,0.0063148234,0.782157,0.0028978419
3187,0.02098203,0.00045035977,0.058652043,8.79632e-05,0.4111502,0.5085927,8.4717074e-05
3188,0.0010364826,0.0021495027,0.026596686,0.0005506618,0.09915941,0.870361,0.00014633659
3189,0.0063994634,0.7880586,0.012210975,0.023711437,0.00047718073,0.15915376,0.009988541
3190,3.4817292e-06,1.1619513e-06,5.4091084e-05,1.11699386e-07,0.13387902,0.86604816,1.4057368e-05
3191,0.00066003815,5.893719e-05,0.0010045748,0.00015124497,0.0018057624,0.99631715,2.3387956e-06
3192,0.00010853665,0.002587447,0.007378919,0.0003672921,0.007880524,0.980981,0.0006961924
3193,0.00188229,0.00033892272,0.01708608,0.00012682179,0.03443031,0.9459516,0.00018386972
3194,0.0015739409,0.00024371152,0.096489064,0.00018296091,0.130611,0.77084804,5.1271247e-05
3195,0.00018968461,6.9045025e-05,0.044601396,9.884218e-05,0.12663434,0.82839584,1.0908165e-05
3196,3.5006567e-06,2.1938413e-06,0.00013375672,3.4630286e-06,0.00028478328,0.9995701,2.3031726e-06
3197,1.7109367e-05,0.0003092555,0.00035187305,0.00043320976,0.0002103129,0.9979126,0.0007654939
3198,9.214059e-07,9.5070976e-07,4.791688e-05,3.2673747e-06,7.53594e-05,0.99987066,9.033861e-07
3199,0.014958726,0.010091411,0.3278087,0.008557939,0.049277812,0.589179,0.00012649837
3200,4.3887105e-28,1.6875467e-18,1.2569326e-18,2.1628217e-34,2.2808535e-13,1.0,4.6405765e-17
3201,0.00011560488,0.00022515068,0.12572671,0.00020476266,0.021332536,0.8523748,2.042697e-05
3202,2.3568523e-07,7.817539e-06,2.516875e-05,3.1695473e-07,4.9728496e-05,0.99978954,0.00012716552
3203,0.28620562,0.14385936,0.31228146,0.045105163,0.12665279,0.08580376,9.188971e-05
3204,1.659077e-27,3.1693688e-18,9.2072225e-18,5.1846817e-33,1.50396e-12,1.0,3.3047507e-17
3205,0.006584176,0.019536056,0.409181,0.007874468,0.0474128,0.50877285,0.0006386113
3206,0.018895289,0.0045526735,0.012191385,0.0005939941,0.36819035,0.5955393,3.7045003e-05
3207,0.8396573,0.026222968,0.033591405,0.018734895,0.05806562,0.02372545,2.393058e-06
3208,0.00042901916,1.9291863e-05,0.04331624,7.729875e-06,0.33946404,0.6167483,1.5407475e-05
3209,0.00010768961,2.4884246e-05,0.0060743466,2.0246363e-05,0.06760027,0.92609835,7.432976e-05
3210,0.05851104,0.31857678,0.03089869,0.017676156,0.016791148,0.54127103,0.016275162
3211,2.9407715e-10,9.9925366e-08,2.8904245e-07,1.4093051e-11,4.2990773e-06,0.9999951,1.7929587e-07
3212,0.11751933,0.56858027,0.083185576,0.0602077,0.0071466,0.15886605,0.004494506
3213,0.011257542,0.0059660254,0.75409585,0.002419531,0.10098589,0.12524827,2.6860507e-05
3214,1.1756391e-05,4.7838707e-06,0.0003476312,6.721967e-06,0.0026130038,0.9970107,5.370906e-06
3215,7.0750815e-07,2.7473196e-05,5.5117613e-05,2.8729204e-07,8.0279446e-05,0.9998222,1.3920826e-05
3216,6.817632e-05,0.00013547365,0.0022104501,0.00024677618,0.0002385843,0.99686074,0.00023976719
3217,4.5907993e-07,5.546372e-05,8.516947e-05,2.8356393e-07,0.00015610081,0.9992034,0.00049918727
3218,1.6120959e-11,9.393803e-09,7.8695216e-08,1.4647018e-13,2.0369177e-06,0.99999785,4.7560036e-08
3219,4.9458384e-05,0.00027685871,0.00031819902,0.00028203378,7.9181904e-05,0.99884677,0.00014749164
3220,0.0021963057,0.021250956,0.35976213,0.0032886767,0.2690669,0.34153432,0.0029007753
3221,5.6911867e-05,1.0144055e-05,0.0020185257,4.1996445e-05,0.0012769281,0.99658513,1.0425865e-05
3222,0.0028210403,0.0012302254,0.025761481,0.00024440594,0.06316942,0.90561044,0.0011629815
3223,0.04473837,0.7664769,0.03637092,0.019571358,0.006946938,0.057216685,0.068678774
3224,7.508038e-26,3.3857882e-20,4.9983265e-17,3.5235814e-33,2.1125594e-11,1.0,1.140022e-20
3225,0.0,0.0,0.0,0.0,0.0,1.0,0.0
3226,0.029602798,0.48124552,0.089267716,0.06779784,0.0038545835,0.31953007,0.008701449
3227,1.5320526e-06,1.5417672e-06,9.1225156e-05,9.9547336e-08,0.023396933,0.97650576,2.9491798e-06
3228,0.1604439,0.022932408,0.23843642,0.0055793207,0.41278216,0.15973304,9.273914e-05
3229,5.8645528e-05,0.00010031712,0.0016652726,0.0007305873,0.00037298683,0.99700826,6.391571e-05
3230,0.0010431617,7.0450835e-05,0.0018583364,4.744964e-06,0.122030795,0.87485963,0.00013294318
3231,0.0038959873,0.00023163417,0.027007084,0.00022353037,0.11053147,0.8580468,6.346159e-05
3232,2.0119103e-15,1.5216833e-10,1.3722376e-10,1.8872446e-19,4.1728896e-07,0.9999995,2.8257617e-11
3233,1.8145678e-05,1.3258505e-05,0.00047596323,2.8214037e-05,0.00012575024,0.99932873,1.0034029e-05
3234,0.00011071156,0.0014684323,0.0031083778,0.00022999727,0.0014816802,0.99336,0.00024096083
3235,7.6189404e-05,1.1305822e-05,0.0014831956,5.1591105e-06,0.0483383,0.9500726,1.3226066e-05
3236,6.6240136e-05,7.1605726e-05,0.0009940387,1.885573e-05,0.019283691,0.97947764,8.8043125e-05
3237,0.0001189735,0.00013610466,0.001240517,0.00013575853,0.00054791785,0.9977841,3.6706384e-05
3238,0.00037488271,0.0049679056,0.012147689,0.00051471905,0.019849963,0.95995754,0.0021873608
3239,0.00030576158,0.00013664935,0.0043284404,7.0210226e-05,0.021889454,0.97325486,1.4702554e-05
3240,5.8895643e-05,3.881546e-07,0.0065388265,2.9975075e-07,0.34672877,0.6466719,9.0454427e-07
3241,0.5467432,0.12476611,0.092779234,0.059532445,0.097771496,0.07830261,0.00010491877
3242,3.4166493e-05,1.0694884e-05,0.00022685561,1.3921992e-05,0.00058655435,0.9991215,6.3165085e-06
3243,4.6770637e-07,2.2511008e-06,5.4095093e-05,1.4559781e-06,0.00022054312,0.9996778,4.3441396e-05
3244,0.004743764,0.0008278507,0.06472279,0.010101968,0.002505701,0.91708124,1.6808344e-05
3245,0.000225859,0.0011829196,0.027152048,0.00021519476,0.09408402,0.843457,0.033682972
3246,0.53519505,0.1235935,0.141378,0.04544286,0.11443147,0.039887756,7.143181e-05
3247,0.047989257,0.004175238,0.06657273,0.0004867246,0.74875027,0.13201718,8.531499e-06
3248,8.176105e-29,1.3076943e-21,6.8737737e-19,2.6171087e-38,8.961498e-12,1.0,2.595971e-22
3249,0.0010545644,8.6762535e-05,0.050354593,0.00010190311,0.060048655,0.88818103,0.00017252995
3250,3.901522e-05,9.815026e-06,0.002234303,3.4810016e-06,0.15795943,0.8397516,2.3339248e-06
3251,4.353554e-16,2.9312868e-11,8.1444594e-11,1.3023844e-18,1.1124314e-08,1.0,5.9070954e-10
3252,7.2604536e-08,1.2138956e-06,1.2361559e-05,4.7006747e-08,8.0946986e-05,0.99987566,2.970309e-05
3253,0.0026882575,2.166749e-06,0.006034438,1.6360283e-06,0.7769798,0.21429354,6.125562e-08
3254,0.00043520663,2.9835002e-05,0.06403758,0.00013475091,0.023779714,0.91156614,1.6698581e-05
3255,0.43851686,0.058066737,0.18345349,0.02053182,0.2295743,0.06983361,2.3200535e-05
3256,0.0050331852,0.000954517,0.054758023,0.0002719896,0.3382275,0.6007014,5.337574e-05
3257,0.00763297,0.00423195,0.40923977,0.0011794742,0.47116762,0.10611925,0.00042899416
3258,0.023393247,5.5229884e-05,0.006322688,3.0248807e-06,0.92091656,0.04930409,5.179743e-06
3259,0.00013835279,7.917423e-05,0.00027545588,0.00013194188,0.0005477049,0.998809,1.8386409e-05
3260,0.008058738,0.056571588,0.17183335,0.024467265,0.04828599,0.69007194,0.00071115023
3261,4.745541e-06,8.089168e-06,0.0012188657,1.4472793e-06,0.0848513,0.91385734,5.828212e-05
3262,0.2982887,0.4774936,0.0817986,0.0695917,0.007509579,0.06233823,0.0029795447
3263,3.2067164e-05,2.6579823e-05,0.0031085308,5.4279412e-06,0.06974239,0.9270063,7.860259e-05
3264,0.00023121029,0.0008432858,0.0074284887,9.909696e-05,0.06128401,0.9299511,0.00016282701
3265,2.243076e-06,5.4460196e-07,0.00024546398,2.7978995e-06,0.00028868354,0.9994598,5.182157e-07
3266,2.2185889e-06,2.2716172e-06,0.004956495,1.447271e-06,0.014300606,0.9806951,4.1969033e-05
3267,0.002165695,5.479059e-05,0.0780191,5.3909513e-05,0.42951438,0.49013513,5.6921224e-05
3268,0.00019093043,0.00095842796,0.001477475,0.00024900457,0.0012102367,0.99351805,0.0023958723
3269,0.0010341979,0.00037837672,0.014199584,0.00046897185,0.027110223,0.9557961,0.0010124283
3270,0.00021802091,7.541143e-05,0.015004809,5.5216027e-05,0.02908027,0.95543516,0.00013111612
3271,5.4186044e-06,7.196393e-05,0.00013982083,4.640085e-06,0.0018678772,0.9973895,0.0005208214
3272,0.0,0.0,0.0,0.0,4.03079e-31,1.0,0.0
3273,6.7393134e-06,4.6357707e-07,0.00040957343,3.0338251e-06,0.0010239683,0.9985555,8.20978e-07
3274,0.018648166,0.0053311693,0.1671347,0.010685607,0.34099945,0.45717132,2.9585113e-05
3275,0.40099713,0.100467905,0.23004672,0.034136955,0.13739267,0.09676513,0.00019356365
3276,5.498828e-07,6.298963e-05,3.2977194e-05,6.444754e-07,1.7297289e-05,0.9998553,3.0374858e-05
3277,0.005414604,0.009019053,0.4951209,0.002558256,0.1713125,0.31648007,9.457819e-05
3278,0.025025869,0.33688572,0.24243851,0.063745454,0.0026976364,0.32293528,0.00627157
3279,2.64307e-05,4.7872936e-06,0.0009310876,2.9002957e-05,0.00045005413,0.99855596,2.6920309e-06
3280,0.007648381,0.0030877185,0.08951087,0.0026634098,0.08146021,0.8152662,0.00036325512
3281,0.13981362,0.016989209,0.12496191,0.0041130334,0.603373,0.11072709,2.2151235e-05
3282,0.04578241,0.15590699,0.07384416,0.026291516,0.083409704,0.61421293,0.00055238866
3283,1.5605705e-05,0.00048851385,0.00016814667,9.865094e-05,0.000101311896,0.99577266,0.0033551268
3284,0.09408475,0.15653571,0.156062,0.15933739,0.030572826,0.4020041,0.0014032344
3285,0.045425426,0.021876922,0.035290547,0.0069008246,0.06071449,0.8286773,0.0011145048
3286,1.3861709e-16,1.7187578e-10,1.9207136e-11,6.07952e-19,6.7887527e-09,1.0,1.1413034e-09
3287,1.3363724e-05,7.668655e-06,0.00041758755,5.2778873e-06,0.00075564155,0.9987214,7.912495e-05
3288,3.2226286e-05,1.5356167e-05,0.0012687477,2.0471257e-06,0.10389793,0.8940426,0.0007410951
3289,0.003976148,0.0116177695,0.06522415,0.0036436557,0.040634826,0.874678,0.00022550185
3290,4.4708545e-06,3.241365e-05,0.0018740438,9.936104e-06,0.015154197,0.9828484,7.64429e-05
3291,7.5230935e-05,2.3113424e-05,0.009809023,0.000150132,0.0013318487,0.9885923,1.835519e-05
3292,0.018767629,0.00837874,0.007932447,0.0008795901,0.310887,0.6515383,0.0016162053
3293,4.490005e-06,3.3833915e-06,0.0018066643,9.4027064e-07,0.07719335,0.92094105,5.0029736e-05
3294,5.1278667e-14,2.6309094e-10,1.7162163e-09,4.0369908e-16,1.0833966e-07,0.9999999,3.1703622e-09
3295,1.4610906e-05,1.2642719e-05,0.00019925112,2.2559116e-05,0.00019929197,0.9995461,5.5973683e-06
3296,0.0043905717,0.0056580165,0.0015445912,0.0014163385,0.02295,0.9637534,0.00028708085
3297,1.7572158e-05,2.6929856e-05,0.0029651476,1.2688039e-05,0.06842542,0.9283526,0.00019960679
3298,0.009515328,0.005083526,0.06107979,0.0013450492,0.22830446,0.69448066,0.0001911446
3299,8.6927444e-05,5.1704405e-06,0.013603648,3.5336093e-06,0.15917142,0.82707417,5.5144632e-05
3300,0.006950567,0.0021463407,0.43909335,0.0011625121,0.36452293,0.18612121,3.1622253e-06
3301,0.00015128955,0.00047485737,0.0024853437,0.00053020567,0.00050369673,0.99535614,0.0004984385
3302,0.0,0.0,0.0,0.0,1.0093118e-32,1.0,0.0
3303,0.0007452658,3.218727e-05,0.11265524,3.466943e-05,0.36545464,0.5210458,3.2186224e-05
3304,0.0013215038,2.4524648e-05,0.0018666482,1.4046213e-06,0.66543216,0.33134678,6.9426624e-06
3305,0.13814785,0.09823618,0.42897466,0.041976407,0.05613543,0.23584399,0.0006854279
3306,1.9725916e-22,1.5755751e-15,5.406526e-15,4.1352416e-27,4.5140152e-11,1.0,8.678748e-15
3307,1.7752773e-05,7.456227e-05,0.0005420371,0.00017432406,0.00014392416,0.99899894,4.8408136e-05
3308,0.0006676992,0.000693367,0.01381018,0.0001323223,0.0736481,0.910951,9.724323e-05
3309,0.0005163822,0.0032162478,0.35736516,0.0017162665,0.24277376,0.39291632,0.0014958567
3310,0.0007695735,0.00018975683,0.017481947,4.720467e-05,0.04324923,0.9381792,8.306465e-05
3311,0.034420215,0.059948698,0.561406,0.038637925,0.10688644,0.19851506,0.00018572966
3312,0.0002432638,0.00047812943,0.0036909278,0.0017215991,0.00019560389,0.9935457,0.00012469153
3313,0.104181424,0.0031348912,0.08879906,0.0012728757,0.7498936,0.052716825,1.3881499e-06
3314,7.6080276e-08,1.3418726e-06,4.4580033e-06,6.549455e-08,0.0001295532,0.9997911,7.3403426e-05
3315,3.165915e-06,3.472565e-05,0.0009440046,0.00019988838,9.378028e-05,0.9984717,0.00025280888
3316,0.0009542466,0.04858443,0.05025922,0.0048447265,0.003019711,0.8900022,0.0023354453
3317,0.0031323747,0.009847844,0.033519093,0.00064575823,0.064168766,0.8640842,0.024601923
3318,2.0022733e-07,6.852386e-06,2.6497193e-05,4.597069e-07,1.755332e-05,0.9999403,8.212778e-06
3319,0.024045015,0.005468592,0.01639683,0.00067335495,0.14471467,0.80849314,0.00020842275
3320,0.00015952752,0.00073872344,0.00082198315,7.862084e-05,0.037457842,0.9606031,0.0001401834
3321,2.4763427e-08,2.944201e-06,1.2730931e-05,1.822954e-09,0.000120897326,0.999833,3.0374385e-05
3322,1.5164187e-09,5.135189e-06,3.783336e-06,4.543765e-09,4.455369e-06,0.99980253,0.00018410324
3323,0.009280941,0.34378093,0.040216476,0.021102907,0.020380866,0.53512263,0.03011523
3324,9.935896e-06,5.1442963e-05,0.00036884643,9.611484e-06,0.039673213,0.9596487,0.0002381906
3325,0.03500214,0.07243551,0.18264899,0.01537541,0.09161827,0.59728366,0.0056360536
3326,0.4958609,0.108372286,0.2890209,0.034262896,0.035218526,0.037156936,0.000107582375
3327,0.008095019,0.0058718743,0.40809667,0.0013746243,0.27954987,0.29695797,5.392792e-05
3328,0.00012558982,1.9388011e-05,0.022145897,3.0664357e-06,0.5250544,0.45260555,4.6075587e-05
3329,0.0006748053,0.000328761,0.23497586,0.0007227677,0.012483032,0.7507354,7.930827e-05
3330,0.00032382252,7.9044774e-05,0.05124408,3.0837877e-05,0.48714107,0.46115112,3.0056368e-05
3331,5.2029886e-06,2.549856e-05,0.0019138856,2.095493e-05,0.007947453,0.99006236,2.4673569e-05
3332,0.0030970497,0.0014128945,0.27496225,0.004954485,0.013628088,0.70169675,0.00024844139
3333,0.001100127,0.0007423114,0.07593838,0.00035438375,0.1623172,0.7594512,9.645385e-05
3334,0.04372299,0.013638983,0.19094002,0.00939521,0.030491544,0.71082664,0.0009846321
3335,7.4508353e-06,1.3211265e-06,0.02176216,2.3866933e-06,0.09124102,0.8869821,3.620831e-06
3336,0.0051102047,0.00040338648,0.07769533,0.0009737476,0.058343872,0.8574231,5.0192943e-05
3337,5.9154337e-07,1.9238523e-06,6.440222e-05,2.9150735e-06,0.00010068367,0.9998184,1.1229488e-05
3338,0.049225405,0.0033692499,0.062146906,0.005244344,0.4191514,0.4608549,7.832428e-06
3339,6.2702746e-08,2.0149502e-05,5.3556734e-05,2.2429667e-06,0.0019501912,0.96246797,0.035505727
3340,0.14372607,0.12744138,0.26996088,0.04227871,0.07889998,0.33644965,0.001243252
3341,6.876266e-08,4.961213e-06,1.2550223e-05,3.0091048e-08,5.3307558e-05,0.99989915,2.989784e-05
3342,0.00044614627,3.4971097e-05,0.089572,7.921314e-05,0.06817255,0.8416281,6.7001696e-05
3343,0.064358905,0.4871366,0.16335998,0.040769067,0.021940272,0.21947198,0.0029632025
3344,0.016029052,0.008002359,0.007879206,0.0041633346,0.051511798,0.9123519,6.220014e-05
3345,0.0014473199,0.0057307943,0.05432471,0.0010683889,0.019944644,0.91696995,0.0005142448
3346,0.00014280881,0.00016362543,0.0071440134,5.0484676e-05,0.054636627,0.9377411,0.00012128387
3347,0.11180815,0.022103556,0.023008041,0.0028968472,0.73361987,0.106544726,1.8840861e-05
3348,0.11112408,0.016961526,0.06607932,0.02072516,0.37417856,0.4109231,8.216736e-06
3349,0.030284937,0.3938113,0.10139651,0.046865016,0.0033225839,0.4175203,0.006799374
3350,0.0029620703,0.013807959,0.016887357,0.002379759,0.037501052,0.9248644,0.0015972924
3351,6.5925374e-06,6.57144e-06,0.0019803215,8.5774955e-06,0.026288226,0.971694,1.5701155e-05
3352,0.00025340993,0.0007839855,0.0024350341,0.00022564357,0.0030922063,0.99314207,6.765435e-05
3353,6.088493e-08,1.6025737e-05,2.276538e-06,1.693123e-09,0.0005404218,0.99937123,6.991055e-05
3354,0.00032936112,0.0011917144,0.019962844,9.332173e-05,0.020050459,0.95765406,0.0007182936
3355,1.1616508e-05,2.292321e-05,0.0034568664,4.619115e-06,0.03717913,0.95929754,2.7416634e-05
3356,8.888396e-06,1.5696703e-06,0.014130289,3.4221008e-05,0.0005228863,0.9853005,1.6875972e-06
3357,0.0036024526,0.005113008,0.024291443,0.0035562238,0.042597026,0.91902494,0.0018149422
3358,0.0013808669,7.5682256e-05,0.013549969,4.214807e-05,0.46921554,0.5157303,5.4351094e-06
3359,0.006413472,0.00685225,0.10370366,0.0026827683,0.449478,0.43076956,0.00010020543
3360,1.1381563e-06,2.6877213e-05,0.00012564228,1.9380236e-06,7.9402795e-05,0.99951863,0.00024637528
3361,4.9234017e-09,2.9483983e-06,1.5680613e-06,3.1604674e-10,9.801383e-06,0.99998343,2.1775504e-06
3362,0.0,0.0,0.0,0.0,2.9948504e-28,1.0,0.0
3363,0.024095256,0.0077415314,0.12708963,0.0035444733,0.19510035,0.6422094,0.00021936564
3364,1.1738962e-14,1.3025586e-10,8.1355506e-10,3.9703402e-17,9.1552586e-08,0.9999999,2.6618355e-10
3365,3.8193248e-05,7.886115e-05,0.0005958063,0.00043342437,0.00014054458,0.9986941,1.9018464e-05
3366,3.6686806e-36,5.1822577e-30,3.078771e-23,0.0,1.3481698e-15,1.0,8.351426e-31
3367,4.4543995e-05,5.566301e-05,0.00049702293,5.1456598e-05,0.0009824121,0.998128,0.00024090591
3368,6.293598e-08,5.2739674e-06,1.2086111e-05,1.5076263e-07,1.1150166e-05,0.99994886,2.2466804e-05
3369,0.00026781237,0.0004997698,0.017343163,0.00013906564,0.19067161,0.7908231,0.00025550683
3370,0.001304818,0.004422941,0.01600679,0.00094567856,0.077412434,0.8997086,0.00019876224
3371,0.00013049229,1.7322067e-05,0.040939476,1.8030369e-05,0.10631984,0.8525685,6.433434e-06
3372,0.14061843,0.016939592,0.28093785,0.010207221,0.24314356,0.30806094,9.2380695e-05
3373,0.0027477066,6.472675e-05,0.0692816,3.5559995e-05,0.35198978,0.5758076,7.306019e-05
3374,0.0052838754,0.0055243177,0.59824616,0.0052998634,0.17121771,0.2143833,4.4820325e-05
3375,0.032509767,0.072045766,0.06308913,0.016491052,0.0455137,0.7688133,0.0015372679
3376,0.00046489044,0.0011770357,0.008326077,0.0010480855,0.017053545,0.9703617,0.0015686755
3377,9.836169e-06,1.2053526e-05,0.00042900944,2.8396396e-05,0.000460443,0.9990387,2.1717691e-05
3378,3.310819e-07,2.8706963e-05,1.9327665e-05,2.9634194e-08,0.00025605154,0.9996666,2.9050918e-05
3379,0.010543151,0.21452416,0.10357103,0.0123174805,0.15363105,0.5041448,0.0012684336
3380,3.672283e-05,0.01504191,0.0006693097,0.00017739442,0.005805536,0.1068646,0.8714045
3381,5.3307038e-05,2.8467399e-05,0.018087424,1.6049726e-05,0.03849087,0.9431681,0.00015571433
3382,3.4943052e-05,1.4329663e-05,0.004174111,5.7982493e-06,0.064249694,0.93149316,2.8068667e-05
3383,0.2689418,0.37152034,0.21618061,0.05504952,0.011743992,0.074521676,0.0020420526
3384,6.281196e-05,0.0001841274,0.00024346299,1.2554668e-05,0.0005306833,0.9988072,0.00015923537
3385,2.2665077e-05,5.372916e-05,0.00037405157,5.1542276e-05,0.00030009047,0.99911314,8.478359e-05
3386,0.023254396,0.20690227,0.13120358,0.040099606,0.007930421,0.5883949,0.002214862
3387,1.8538451e-10,2.2074444e-07,1.9852045e-07,2.6176463e-12,1.2690886e-05,0.99998605,7.904303e-07
3388,0.0,0.0,0.0,0.0,0.0,1.0,0.0
3389,0.3251095,0.17371096,0.22981714,0.06764236,0.083496034,0.12005135,0.00017262672
3390,0.042731054,0.048997317,0.65289783,0.01838534,0.08657802,0.15011393,0.00029645092
3391,0.00063852966,0.0014107806,0.066000074,0.0011911286,0.026795333,0.90103644,0.002927746
3392,0.004352254,0.00085971016,0.053602815,0.002793415,0.13902302,0.799357,1.1741949e-05
3393,0.7506461,0.10200775,0.060634993,0.042486724,0.031163663,0.013009897,5.083317e-05
3394,0.0043197656,0.0026608713,0.08516658,0.0046983883,0.013596889,0.8883052,0.001252253
3395,1.3259796e-07,2.9495159e-06,5.1375144e-05,1.2055165e-05,2.2182867e-05,0.999796,0.000115384704
3396,0.0026992715,0.00070664624,0.09273334,0.00039650567,0.39801574,0.50540614,4.2371143e-05
3397,0.0041739214,0.00086487964,0.12427045,0.0009188414,0.14158967,0.728041,0.00014122328
3398,0.00029581957,5.0425446e-05,0.006134787,0.00022875804,0.0020872173,0.99119383,9.111153e-06
3399,1.02e-43,3.4746105e-32,3.642519e-29,0.0,5.0546557e-19,1.0,2.05608e-32
3400,0.0003519893,1.976504e-06,0.012587034,7.3090264e-06,0.23197518,0.7550737,2.8289928e-06
3401,0.00035586391,0.0001014335,0.038765393,7.752295e-05,0.025820637,0.9348147,6.447025e-05
3402,2.5073476e-05,1.5493439e-05,0.00013323555,3.46463e-05,0.00024316384,0.99953794,1.0469707e-05
3403,0.0,0.0,1.7e-44,0.0,1.0961935e-28,1.0,0.0
3404,4.0196127e-23,3.9141594e-16,2.5961587e-15,6.75495e-28,1.3945571e-11,1.0,5.559963e-15
3405,2.9965722e-07,1.3859093e-07,3.7326285e-05,3.358973e-07,0.0002587575,0.9996886,1.4568253e-05
3406,0.050893832,0.003997685,0.023949366,0.0006623592,0.6775498,0.24292712,1.9826546e-05
3407,0.006610636,0.049546447,0.23971209,0.008506109,0.1015032,0.5912978,0.0028237137
3408,4.36796e-06,0.00013151292,7.306071e-05,8.488994e-06,0.0039495495,0.9958075,2.5447938e-05
3409,6.27687e-05,1.0201367e-05,0.0011168913,1.1774013e-06,0.13372016,0.86503494,5.3858188e-05
3410,0.039422855,0.082476415,0.5286766,0.033659715,0.028776266,0.28620967,0.0007784601
3411,4.5105517e-07,1.1524953e-06,0.0008321353,1.5915239e-06,0.0014537035,0.9977071,3.828908e-06
3412,0.54733706,0.094870456,0.04306415,0.013617678,0.18665878,0.11440904,4.2729058e-05
3413,1.0891698e-12,2.2736128e-08,1.7114306e-08,2.865967e-14,6.174674e-07,0.9999993,9.468311e-08
3414,0.0033330165,0.0007182141,0.032414965,0.00028584077,0.80497754,0.15826578,4.5901606e-06
3415,2.476462e-06,3.5592336e-07,0.00018824324,6.722647e-07,0.0012921758,0.99851376,2.2947258e-06
3416,0.014385187,0.06532431,0.10164634,0.046368577,0.011231666,0.75978494,0.0012589726
3417,0.03385753,0.1623737,0.48204944,0.038673595,0.00953255,0.271583,0.0019301063
3418,0.08270526,0.1702271,0.15456712,0.024245095,0.2779262,0.28883475,0.0014944439
3419,5.7037018e-15,5.304277e-09,2.0510461e-10,1.1082674e-16,5.6733423e-08,0.9999999,7.739557e-08
3420,0.0014456658,0.0011869413,0.20096578,0.0015850867,0.03557249,0.7591866,5.7418823e-05
3421,4.996138e-23,5.607799e-17,3.0451211e-15,3.036342e-29,8.987968e-11,1.0,3.011031e-17
3422,0.2956787,0.05165981,0.19600807,0.006302584,0.30968526,0.14043248,0.00023303171
3423,2.1535314e-13,1.552204e-10,2.9648106e-09,3.8224635e-16,9.564468e-07,0.99999905,6.0193845e-09
3424,0.0,0.0,0.0,0.0,9.773368e-34,1.0,0.0
3425,6.498484e-11,7.5989e-08,7.40624e-08,5.705388e-12,1.890005e-06,0.9999963,1.6314489e-06
3426,5.9372407e-13,2.2348955e-08,6.200626e-09,2.0665161e-14,3.4095785e-07,0.9999993,4.203319e-07
3427,7.081925e-31,7.2929784e-22,1.9018214e-20,1.5129109e-38,4.1983313e-14,1.0,8.745322e-21
3428,0.0017031751,0.0007970911,0.0063431747,0.00016020142,0.3309745,0.6599417,8.017679e-05
3429,1.6709833e-05,7.930331e-05,0.0011720198,2.2492102e-05,0.021473046,0.97705907,0.00017731762
3430,0.0002666457,2.1485788e-05,0.0044914554,1.8872411e-06,0.30158666,0.6935236,0.00010825996
3431,3.2730062e-05,7.0677655e-05,0.01244176,2.3147924e-05,0.0029524474,0.98446596,1.3326257e-05
3432,0.0027133147,0.000599759,0.030469162,6.312859e-05,0.15473694,0.8113203,9.7433e-05
3433,3.801152e-05,7.681977e-06,0.0065499907,1.53822e-05,0.0055413116,0.9878357,1.188336e-05
3434,0.0005394882,0.0015704067,0.00781204,0.0027629372,0.0009802915,0.9855291,0.000805624
3435,6.7173995e-13,1.6397184e-08,8.315475e-09,1.3019045e-13,1.298028e-07,0.9999988,1.0434678e-06
3436,1.3011713e-05,7.298274e-05,0.00059999677,8.764161e-05,0.00029277627,0.9987857,0.00014790431
3437,0.016124155,0.00048749248,0.114039086,0.00032864348,0.1163888,0.7526115,2.0248845e-05
3438,0.0,0.0,0.0,0.0,5.237902e-39,1.0,0.0
3439,0.014035084,0.010127591,0.07072229,0.00903614,0.06416031,0.8317317,0.00018687104
3440,0.00025993923,5.641269e-05,0.00092763564,0.00012213876,0.0027752884,0.9958539,4.657466e-06
3441,0.1915456,0.036088623,0.062002417,0.22609162,0.0037640238,0.48042408,8.352655e-05
3442,0.00036669776,0.0005422073,0.017675433,0.00017061114,0.029591214,0.9508619,0.0007920777
3443,0.0007963754,0.012736879,0.007786834,0.0022663681,0.04624901,0.927373,0.0027915032
3444,0.30554217,0.050422367,0.17223029,0.01953063,0.28697374,0.16523811,6.2646795e-05
3445,0.00641357,0.0020334036,0.008974832,0.0036553792,0.006868945,0.9719815,7.242066e-05
3446,0.06203407,0.0023928967,0.13062425,0.0007110411,0.42725155,0.37664178,0.00034439773
3447,0.022379065,0.011131113,0.082837656,0.0019522473,0.55373824,0.3276179,0.0003438368
3448,0.0,0.0,0.0,0.0,7.7e-44,1.0,0.0
3449,2.7319063e-06,7.115458e-07,0.00017660578,2.3502107e-06,0.00058894063,0.99922836,3.0774945e-07
3450,0.3504578,0.0025208401,0.015270047,0.00057914056,0.6249227,0.006249385,8.0272066e-08
3451,3.7503057e-32,5.689164e-23,2.5571984e-21,3.4023e-40,2.2680753e-15,1.0,9.575548e-22
3452,0.00057250395,0.00034692907,0.07200926,0.00024249806,0.18865551,0.7381385,3.4779845e-05
3453,0.01881857,0.031498075,0.11644292,0.0073411292,0.065427855,0.7592524,0.0012189699
3454,8.048628e-17,1.0785206e-11,1.4103123e-11,1.8243589e-19,3.4950702e-09,1.0,4.9936152e-11
3455,1.1200501e-08,2.5295396e-06,2.5763475e-06,8.037786e-10,1.7001754e-05,0.9999722,5.652421e-06
3456,4.2486296e-05,2.4555598e-05,0.004542598,1.3869574e-05,0.030864848,0.9644192,9.23015e-05
3457,0.00031010207,1.6908914e-05,0.004355537,8.118905e-05,0.007891482,0.98733926,5.4876314e-06
3458,0.0031311815,0.002459327,0.13180242,0.0006998641,0.20021816,0.66163146,5.7672038e-05
3459,0.00042196037,0.0035401303,0.023110824,0.0012806605,0.004667652,0.9659373,0.0010414607
3460,0.0004351158,1.3405782e-05,0.0012686851,3.05714e-05,0.009126256,0.98912406,1.9296033e-06
3461,0.072490014,0.15993498,0.5628806,0.028189076,0.020962361,0.15473418,0.00080878317
3462,0.004101226,0.005115427,0.68541276,0.0027211444,0.10468779,0.19792682,3.486672e-05
3463,0.01827636,0.0028446044,0.17081676,0.0013951948,0.124760844,0.6817067,0.00019951699
3464,0.009711467,0.004071268,0.07438801,0.0039291517,0.43299565,0.47486597,3.8498125e-05
3465,0.011826472,0.0006666744,0.14090753,0.0007576662,0.2934906,0.55234534,5.7445636e-06
3466,0.00029489008,0.00032048274,0.008408336,5.7845496e-05,0.049839437,0.9410641,1.4856931e-05
3467,0.17917643,0.13929193,0.30566114,0.04097019,0.15511528,0.17955929,0.00022571086
3468,1.0615731e-08,1.7351593e-06,2.672791e-06,1.85111e-09,4.198465e-05,0.99993384,1.9696305e-05
3469,0.0001646349,0.00391629,0.0031425706,0.0012823938,0.011299087,0.9788664,0.0013285306
3470,0.001315385,0.00017360847,0.23993519,0.0010796061,0.014549381,0.74293894,7.875476e-06
3471,0.007899419,6.1129474e-05,0.008533541,1.9471841e-05,0.80587023,0.17761312,3.0751419e-06
3472,5.204983e-05,0.00033623513,0.00076162536,0.0009042421,5.809924e-05,0.99773175,0.000155975
3473,5.1517036e-06,3.873994e-07,0.017824972,5.352769e-07,0.09795274,0.88421345,2.7557967e-06
3474,0.0005799838,0.0034988057,0.019759843,0.00061002653,0.012959271,0.9572947,0.005297362
3475,9.9556906e-05,1.5762109e-05,0.00251633,6.4532164e-06,0.14262097,0.85473835,2.5864995e-06
3476,0.0012070298,0.0027487737,0.05266896,0.00053175446,0.24863248,0.6918614,0.0023496547
3477,5.3854958e-05,0.00014013945,0.0006289905,0.00012904665,0.0053418963,0.9936486,5.75027e-05
3478,0.0010485107,0.00019580942,0.0018572025,8.9300454e-05,0.021475501,0.9752261,0.00010764882
3479,0.026995486,0.011408107,0.14453769,0.007927909,0.060114708,0.7487605,0.00025557991
3480,3.3992982e-11,1.2450741e-08,8.9614396e-08,1.0549629e-12,4.4868116e-06,0.99999523,1.4646564e-07
3481,0.007518226,0.0033400855,0.191395,0.004883099,0.1185424,0.674137,0.00018422138
3482,0.00031425297,0.00014084211,0.0082773715,8.386002e-06,0.33065733,0.6581362,0.002465612
3483,0.00028243053,0.0017110938,0.024742289,0.00012546711,0.65579736,0.29818353,0.019157797
3484,0.00023716358,3.672394e-05,0.009940272,1.3778598e-05,0.2536285,0.7361202,2.3429382e-05
3485,0.0,1.5420157e-37,1.0978761e-35,0.0,1.7281478e-23,1.0,2.2199447e-36
3486,0.0010289034,7.420145e-05,0.009083657,3.1305666e-05,0.1563488,0.8334234,9.714621e-06
3487,0.0025382466,0.0008936621,0.0142516205,7.9071564e-05,0.07754023,0.9044409,0.00025621726
3488,0.0010396487,0.07345159,0.114501566,0.002300734,0.13798802,0.488603,0.18211554
3489,0.0010928932,0.0012808192,0.0033082634,0.00035600236,0.0075478195,0.9853535,0.0010606542
3490,0.04260241,0.0028404577,0.14349043,0.0010732444,0.4511103,0.3586208,0.0002623884
3491,0.0,0.0,1.6659e-41,0.0,6.433545e-24,1.0,0.0
3492,0.34101394,0.2524868,0.02663803,0.014836664,0.3347286,0.030136622,0.00015937103
3493,9.4349234e-05,1.6856962e-05,0.0007835493,1.6873495e-05,0.0058987928,0.9931519,3.7634083e-05
3494,0.32107142,0.3493363,0.036415894,0.0479214,0.102428705,0.14258003,0.0002462848
3495,0.011385221,0.0014052179,0.17327373,0.00082080544,0.29457012,0.5185276,1.7341752e-05
3496,0.0024301878,0.006164028,0.18106519,0.005458716,0.11806077,0.6865124,0.00030873134
3497,0.0019305516,0.0031911067,0.064661525,0.0008435475,0.043874852,0.8849962,0.00050214044
3498,0.049264356,0.003044684,0.05588356,0.0015897318,0.6677073,0.22250383,6.5203867e-06
3499,1.0292778e-05,0.00020619137,0.010826413,9.632755e-05,0.0035934134,0.98455924,0.00070805964
3500,6.6017645e-05,4.384706e-06,0.0010332778,4.852552e-06,0.005600901,0.99328303,7.581961e-06
3501,3.5118285e-07,8.217386e-06,0.00012161147,4.3523812e-07,0.000109237124,0.9994438,0.00031624883
3502,0.22797368,0.025305906,0.30959776,0.009584154,0.37468162,0.052848477,8.351295e-06
3503,1.0803152e-05,0.00090779224,0.00017454386,1.41167575e-05,0.00076563976,0.995675,0.0024521204
3504,0.0031485597,0.0021672586,0.09960447,0.0011582044,0.41640374,0.47744167,7.60928e-05
3505,0.034761313,0.033878677,0.48858348,0.015369672,0.052921683,0.3742655,0.00021965224
3506,0.26397693,0.01580793,0.16804385,0.12882672,0.022018543,0.40130675,1.926701e-05
3507,0.09492651,0.14463902,0.37352496,0.0536537,0.06258678,0.2684123,0.0022567182
3508,1.523796e-28,8.506343e-22,4.390991e-19,8.607631e-37,3.1476948e-13,1.0,1.9986859e-22
3509,0.0052687493,0.007409218,0.07213963,0.010402836,0.0020575526,0.90128267,0.001439414
3510,0.002415863,0.002465426,0.054224066,0.0010530744,0.030696258,0.9086709,0.00047443333
3511,2.3798374e-10,2.499543e-07,3.785325e-07,4.4249944e-11,1.7659667e-06,0.99999666,1.0061253e-06
3512,1.5535377e-05,8.467617e-06,0.00033754352,5.9488384e-06,0.0016100404,0.9980019,2.0579342e-05
3513,1.8243093e-06,6.3642838e-06,0.0002899661,2.9458251e-05,0.0002208402,0.99941516,3.649969e-05
3514,4.1439132e-05,0.0002951727,0.00050370715,8.088349e-05,0.002826952,0.9951279,0.0011239074
3515,1.4053616e-21,2.0569707e-13,2.5028389e-14,1.0359902e-24,4.869293e-11,1.0,2.5837598e-11
3516,0.0004038549,0.00046473692,0.09230633,0.00038043273,0.028436815,0.8779452,6.265612e-05
3517,0.03480917,0.011606305,0.23825902,0.005361455,0.07897657,0.63058114,0.00040638447
3518,0.34427088,0.47362867,0.04374372,0.097372025,0.0061198855,0.03378402,0.0010807314
3519,2.329796e-35,4.5417438e-27,2.976873e-23,0.0,3.0855562e-15,1.0,2.7560522e-27
3520,1.0206964e-08,1.7732606e-06,3.3389024e-06,1.3959331e-08,1.107767e-05,0.99989367,9.0157715e-05
3521,0.00023966485,0.0011298677,0.04041187,0.00012783745,0.118975446,0.83599544,0.00311987
3522,8.2057224e-05,6.765042e-06,0.016263213,1.9951927e-05,0.014377279,0.96921915,3.1476622e-05
3523,0.025180165,0.00029744545,0.002372392,3.2492022e-05,0.8825092,0.08960801,3.101235e-07
3524,8.9519503e-10,1.618048e-07,4.6335907e-07,4.3310498e-11,7.678494e-06,0.9999914,2.632485e-07
3525,0.0002642048,3.804794e-05,0.038362302,4.225814e-05,0.080077015,0.8811974,1.8764134e-05
3526,0.004842782,0.81823456,0.021331584,0.039058287,0.001065376,0.10571745,0.009749891
3527,1.1739143e-06,8.4272267e-07,5.7775385e-05,1.0474118e-06,0.00024858688,0.9996793,1.1200484e-05
3528,0.01728898,0.010516915,0.7490533,0.006568745,0.105373636,0.11117708,2.130758e-05
3529,0.0,5.58e-43,8.070097e-37,0.0,6.972101e-24,1.0,3.84e-43
3530,0.0010875447,0.18428472,0.002750962,0.0025855086,0.0029942729,0.11324774,0.6930493
3531,0.5074468,0.04841491,0.14731623,0.14987135,0.015757607,0.13114238,5.0702834e-05
3532,0.0002450943,0.0079132775,0.031849775,0.0013415373,0.002804143,0.95567757,0.00016852107
3533,0.0041824365,0.014065245,0.028929174,0.006234529,0.08165763,0.8643289,0.0006020569
3534,0.00075200514,0.0011752136,0.02695401,0.00018463122,0.29626468,0.6746002,6.924866e-05
3535,3.946096e-37,1.3664647e-27,2.7640897e-24,0.0,1.6566704e-16,1.0,6.4635677e-28
3536,0.004595569,0.009859654,0.41156238,0.006511547,0.009942013,0.55734205,0.00018673613
3537,2.8652553e-06,0.00028224778,0.0026011101,7.980629e-06,0.06335226,0.09235338,0.84140015
3538,0.0008316432,0.00026836683,0.1537556,0.00014476449,0.15408352,0.69089067,2.5391177e-05
3539,5.451449e-29,8.6077764e-19,3.4356598e-19,1.5525539e-34,4.423416e-14,1.0,7.690051e-17
3540,0.004544059,0.0006726115,0.04033222,0.00010391538,0.13112395,0.8231022,0.00012100571
3541,0.00024230764,0.00078651373,0.00593422,0.00025621994,0.05698158,0.93547463,0.00032445378
3542,1.490916e-07,1.6486419e-07,2.8254357e-05,1.8094826e-07,0.00016931059,0.9997962,5.7603356e-06
3543,0.001161172,0.0015743683,0.016504,0.00023953972,0.18842016,0.79082876,0.0012719232
3544,4.7153185e-06,1.6047136e-06,0.00018780048,3.6798772e-06,0.00041210643,0.9993881,1.9820366e-06
3545,0.014479101,0.2074106,0.5038894,0.012226699,0.15328269,0.10719119,0.0015203267
3546,3.8690945e-21,4.654918e-14,1.8904171e-14,1.9543953e-25,2.1027916e-10,1.0,6.548371e-13
3547,0.010579406,0.01182919,0.04566343,0.005227538,0.2123676,0.7140371,0.00029568872
3548,0.00018487242,0.00010193358,0.0134193795,1.0030286e-05,0.4280025,0.5522044,0.006077017
3549,0.0006238603,1.2969817e-05,0.020445785,1.1875889e-05,0.21573853,0.7631412,2.5653999e-05
3550,6.3005537e-06,3.0134925e-05,0.00037351588,2.6919033e-05,0.00015159881,0.99926835,0.0001431679
3551,0.0009843935,0.0003894503,0.015151305,0.0005476528,0.0066222553,0.97613984,0.0001651564
3552,0.00011849934,1.3570392e-05,0.0084043965,6.804147e-06,0.0651385,0.9263048,1.3338908e-05
3553,0.0028341115,0.0030786926,0.019857477,0.001932464,0.036279812,0.9354777,0.0005398041
3554,1.5056733e-05,4.975458e-05,0.0005010874,0.00030366384,0.00035563103,0.99875736,1.7538192e-05
3555,0.0004183988,0.0018396026,0.0067637037,0.00056924945,0.022000527,0.9677606,0.00064791937
3556,2.3464684e-18,3.0379668e-12,2.2306339e-12,1.70829e-21,2.7208318e-09,1.0,7.450804e-11
3557,7.57025e-17,6.2334205e-12,9.890462e-11,1.7856906e-19,4.0771845e-08,1.0,6.747565e-11
3558,2.4146395e-05,2.5880041e-05,0.0104953805,1.2222136e-05,0.007872658,0.9815507,1.9112687e-05
3559,0.6306683,0.10261893,0.17526911,0.03991585,0.030237343,0.02119156,9.899214e-05
3560,2.1759299e-05,7.555117e-05,0.00096151757,7.027759e-05,0.0017145996,0.9971263,2.99807e-05
3561,7.691424e-05,0.0001284352,0.0050043943,3.9065544e-05,0.060140602,0.934583,2.7442356e-05
3562,6.07136e-06,2.4234782e-06,0.0010042285,1.3503855e-05,0.00035434708,0.99860734,1.2242702e-05
3563,1.662392e-06,4.0657433e-05,0.0002592902,1.5005919e-06,0.00023257919,0.99893993,0.00052440475
3564,0.45380378,0.021980772,0.2322463,0.03323218,0.14781828,0.11091061,8.104633e-06
3565,0.00018887232,0.001532175,0.004875887,0.0020987305,8.820229e-05,0.9905556,0.00066068687
3566,5.5478376e-05,0.000110746536,0.00065618654,5.541651e-05,0.0035361345,0.9955585,2.7497308e-05
3567,0.04308787,0.20763434,0.19959556,0.049777094,0.2833719,0.20777966,0.008753566
3568,0.00028551283,0.00019925337,0.013048626,5.9847087e-05,0.049848318,0.9363601,0.00019836509
3569,0.0,1.4915e-41,6.2809717e-37,0.0,1.7943522e-23,1.0,1.1652e-41
3570,0.0032043566,0.0022339867,0.29078558,0.0044288533,0.12460889,0.5746901,4.815748e-05
3571,0.035921093,0.011016877,0.25554705,0.0040380163,0.28026125,0.41295314,0.0002624752
3572,1.9932193e-05,3.6397993e-05,0.00040639399,0.00012697547,8.186886e-05,0.99931645,1.1921423e-05
3573,1.5360312e-17,5.3107123e-14,2.8842675e-11,6.0467605e-22,2.6908687e-08,1.0,3.7764683e-14
3574,6.608358e-11,1.3083435e-07,2.3043266e-07,2.1477065e-09,7.907202e-07,0.999997,1.8220529e-06
3575,2.6415235e-06,6.3889984e-06,0.0012805439,5.2954683e-06,0.012346257,0.98634934,9.641177e-06
3576,2.6637633e-06,9.12188e-08,0.00032746888,2.406171e-07,0.0029465426,0.99672276,2.726861e-07
3577,1.758554e-05,3.895325e-05,0.0010455908,0.00014371,0.0007371377,0.9979767,4.034036e-05
3578,0.29059955,0.06344858,0.029371435,0.011194114,0.27700597,0.32817802,0.00020231883
3579,1.2010495e-25,8.909014e-18,6.0849557e-17,1.5350246e-31,8.26232e-12,1.0,4.8663257e-17
3580,1.2000383e-31,4.93766e-26,1.2602874e-20,7.895e-42,4.603408e-14,1.0,1.7785655e-27
3581,1.0805649e-11,3.4325662e-08,1.8561234e-07,4.3920585e-13,1.9981069e-06,0.99999774,3.1697102e-08
3582,0.00032874927,4.079201e-05,0.0045796274,9.130622e-05,0.009729012,0.9852223,8.357035e-06
3583,2.1980787e-08,5.3414334e-07,8.193706e-06,1.10350244e-08,2.30085e-05,0.9999672,1.0351125e-06
3584,5.749167e-06,6.938778e-05,0.0005675786,4.0507362e-05,0.000502737,0.99732876,0.0014852425
3585,1.2592965e-05,4.7554545e-07,0.0032593654,3.589092e-07,0.13562864,0.8610796,1.8994293e-05
3586,0.44962087,0.07737687,0.30444518,0.05044457,0.038855206,0.07910058,0.00015680921
3587,1.897245e-05,6.481561e-05,0.00078906515,4.8613914e-05,0.002141618,0.9966988,0.00023808713
3588,1.8885716e-33,3.4487987e-22,3.3018065e-22,6.955e-41,9.712689e-16,1.0,2.3999492e-20
3589,0.00090168737,0.0017122112,0.1332891,0.001414653,0.2234228,0.6354066,0.003852874
3590,0.614868,0.086048216,0.14959045,0.07222184,0.03783992,0.039378468,5.308126e-05
3591,0.0034410798,0.0003368538,0.029427407,0.0001200117,0.031845637,0.9344401,0.00038889985
3592,0.0003565806,5.2922085e-05,0.002826406,0.0002294196,0.0018457632,0.9946825,6.4781193e-06
3593,7.392607e-05,2.0546748e-05,0.00088865013,1.8531705e-06,0.11543196,0.8834539,0.00012910248
3594,0.00020824031,0.00028760577,0.0025974158,0.00017974818,0.0021485467,0.994451,0.00012742591
3595,8.7939184e-11,1.3213657e-06,1.245908e-07,7.711699e-13,1.5873706e-05,0.99998236,3.544695e-07
3596,0.001110545,7.605749e-06,0.022037309,3.3432107e-06,0.74219334,0.23463717,1.0688453e-05
3597,9.032032e-05,2.0154419e-05,0.016533874,3.2577856e-05,0.025990663,0.9573194,1.2985422e-05
3598,0.0005584219,0.014313084,0.018358646,0.0020434088,0.04259517,0.6991671,0.22296424
3599,0.00034344863,2.274842e-05,0.06743185,3.2031225e-05,0.29603377,0.63613313,3.0390727e-06
3600,2e-43,1.1394785e-35,6.166544e-28,0.0,8.3555276e-18,1.0,7.1284134e-37
3601,1.6380761e-06,9.705705e-07,0.0002178706,2.2390593e-06,0.00018716323,0.9995852,4.9501527e-06
3602,0.010591192,0.00044836797,0.07519624,0.00022876296,0.6400108,0.2735142,1.0401689e-05
3603,5.434673e-07,5.7448883e-06,6.1273844e-05,1.1947436e-07,0.00020674833,0.99971443,1.1169101e-05
3604,0.005869088,0.0022317886,0.19833702,0.0013706041,0.1017859,0.69024175,0.00016390384
3605,1.6048954e-34,2.6770454e-24,1.0834092e-22,6.07e-43,7.999412e-16,1.0,1.3653114e-22
3606,4.1302883e-06,4.641302e-06,0.00027043986,1.2565489e-05,0.00014117788,0.9995604,6.6369425e-06
3607,0.036372915,0.084804684,0.07139306,0.010576963,0.028487172,0.7646069,0.003758328
3608,0.00014182198,0.00023594194,0.018888451,4.3277894e-05,0.095720306,0.88470644,0.00026378018
3609,1.9534498e-24,4.8244052e-17,2.4105793e-16,3.199109e-30,1.1234386e-11,1.0,5.9436805e-17
3610,0.00014503648,0.0005859409,0.018724054,0.0001112742,0.06159914,0.91836125,0.00047336542
3611,2.6819788e-07,4.413797e-05,4.6124922e-05,1.4716823e-06,0.000103796614,0.9990977,0.0007065561
3612,4.5408022e-05,1.4131868e-05,0.0038073934,3.847675e-06,0.2121566,0.7839558,1.687342e-05
3613,0.007984369,0.0017526472,0.021555135,0.00017535257,0.16025013,0.80716324,0.0011191308
3614,0.3275871,0.3805587,0.022481954,0.021458952,0.19222374,0.055220976,0.00046862333
3615,0.0002565992,4.910592e-05,0.11005766,0.00055826106,0.006385886,0.88267845,1.4029329e-05
3616,5.430798e-06,3.702193e-06,0.0001788837,1.1758518e-06,0.0019528548,0.9978422,1.5802254e-05
3617,4.1982248e-15,1.1908513e-09,3.8393133e-10,1.3143483e-17,1.1656651e-07,0.9999999,4.5107313e-09
3618,1.580015e-11,2.589737e-10,1.2157927e-05,4.0854143e-12,0.92586935,0.037663072,0.03645542
3619,0.0,0.0,1e-45,0.0,1.9740084e-28,1.0,0.0
3620,9.061361e-06,6.242115e-05,0.0046684816,8.490527e-06,0.13436463,0.8561753,0.0047115562
3621,0.13754745,0.60872823,0.13055483,0.05381072,0.0006032185,0.048228405,0.020527177
3622,5.02903e-05,0.0019258149,0.00029350596,2.0600517e-05,0.0026484453,0.99242145,0.0026399496
3623,0.01685583,0.0041716313,0.5776363,0.0038059314,0.07854035,0.3189613,2.865961e-05
3624,0.0,4.0487676e-34,3.1205806e-31,0.0,5.1379326e-21,1.0,7.8219414e-33
3625,0.0017959485,0.00023567662,0.06253486,0.0003640566,0.25054398,0.684515,1.0509737e-05
3626,0.14210361,0.027960878,0.24665229,0.005068,0.31052503,0.2671851,0.00050506205
3627,0.00010811867,1.9221397e-05,0.099834256,5.656324e-05,0.042155363,0.857801,2.5452973e-05
3628,0.00025846402,0.00011303551,0.22002304,0.00021682904,0.07551719,0.7038496,2.1829937e-05
3629,0.013523616,0.0064478936,0.41668805,0.004741879,0.2783865,0.28015405,5.8091675e-05
3630,2.3366347e-05,2.1087078e-05,0.0017676861,8.151959e-06,0.0886314,0.9095387,9.689391e-06
3631,0.00020233923,1.7552322e-05,0.0064829523,9.504475e-06,0.0618751,0.93138695,2.555234e-05
3632,0.00037874968,2.4654795e-05,0.063246354,2.0356925e-05,0.3631576,0.57315105,2.1170901e-05
3633,1.7173756e-05,2.5150428e-05,0.00069853076,5.9989412e-05,0.00022550559,0.998934,3.9623515e-05
3634,0.0040779402,0.009141747,0.012525593,0.046062138,0.00061925506,0.92703354,0.0005398775
3635,0.0009064304,9.726386e-06,0.004191274,6.0380935e-06,0.20261754,0.7922311,3.7871407e-05
3636,0.0048989044,0.0011238044,0.04781994,0.00091636257,0.093171105,0.85189044,0.00017947222
3637,1.627e-42,8.813954e-34,4.4726926e-28,0.0,2.859565e-17,1.0,5.779822e-35
3638,4.5647896e-05,0.00023302402,0.0060987826,0.00010300302,0.011673442,0.98166084,0.00018525342
3639,0.4250917,0.45533344,0.029094227,0.066238284,0.012549106,0.010814828,0.0008784602
3640,0.00017733907,1.3610232e-05,0.012675611,3.4292086e-06,0.23221946,0.7548499,6.063157e-05
3641,0.40144956,0.33733782,0.114022866,0.07744519,0.0177412,0.05143562,0.0005677783
3642,0.0069873547,0.0001547667,0.2272338,0.0005296457,0.08295234,0.68212765,1.448586e-05
3643,7.98043e-05,1.2147813e-05,0.005996441,3.8871203e-06,0.13008368,0.86381495,9.054674e-06
3644,0.0016505704,2.71343e-05,0.010486436,6.302185e-05,0.016608218,0.9711637,9.591125e-07
3645,7.450133e-05,6.0007198e-05,0.0010334045,1.923446e-05,0.0064066737,0.99226004,0.0001461807
3646,0.0152160525,0.00088550476,0.04386832,0.00044546046,0.20139603,0.7381238,6.4759995e-05
3647,1.2611203e-05,2.6377882e-06,0.0008616661,4.275722e-06,0.0057000713,0.9934155,3.2739792e-06
3648,0.00040767013,0.0002540297,0.0035542455,3.3269593e-05,0.3665537,0.6291738,2.32662e-05
3649,0.0020312404,0.0016130524,0.15820312,0.0007753842,0.07165606,0.7656155,0.00010555008
3650,0.007442755,0.0664277,0.049391065,0.05423297,0.00015560283,0.8049199,0.01743008
3651,0.12245812,0.5126669,0.08215111,0.022534864,0.02208822,0.22555307,0.012547771
3652,0.3930706,0.4790757,0.043336228,0.027194327,0.017057436,0.039644092,0.0006217107
3653,0.0010270064,0.006416819,0.01411561,0.00076972425,0.05788577,0.91959924,0.00018597329
3654,0.19602124,0.016155021,0.29775992,0.042478647,0.07894242,0.368604,3.8730177e-05
3655,0.0007804884,1.3969939e-05,0.05954331,1.45095455e-05,0.34154898,0.5980918,6.8784643e-06
3656,0.0004612392,0.0003938354,0.0014656726,0.00033137866,0.008238039,0.98875797,0.0003519211
3657,0.2480391,0.28558624,0.17169647,0.070075765,0.080144465,0.14378253,0.00067543925
3658,0.00048714108,0.002399863,0.032015234,0.0015392812,0.040322628,0.907769,0.015466843
3659,0.00053352275,0.00083280174,0.024422301,0.00016945215,0.02442235,0.9487256,0.0008939781
3660,0.000101654936,0.00087519916,0.0061778384,7.71448e-05,0.051288247,0.9397261,0.0017537527
3661,0.007421137,0.0628693,0.080373906,0.011708291,0.009264141,0.825826,0.002537329
3662,0.00013330413,0.0021938295,0.0020627577,0.0011091313,0.0003213795,0.99052083,0.0036587825
3663,1.7937665e-06,4.5090053e-07,9.805876e-05,9.649641e-07,0.00045577777,0.9994399,2.9745563e-06
3664,0.0011714334,0.0004526245,0.0062963665,0.00032717554,0.0082247695,0.9834598,6.777228e-05
3665,0.0915145,0.27589837,0.071537726,0.07366832,0.06690083,0.41836566,0.002114632
3666,0.016401144,0.0025583603,0.09757929,0.001744943,0.1420734,0.7395029,0.00013995354
3667,0.00089813047,0.0027143662,0.010807889,0.00018743143,0.023424651,0.9613289,0.0006384978
3668,0.3477128,0.34363803,0.056894813,0.040094715,0.091926664,0.11876072,0.0009722549
3669,0.3757715,0.16299553,0.038947262,0.0073109563,0.3303946,0.084135346,0.00044476983
3670,2.023694e-07,6.831994e-07,3.14155e-05,1.4043471e-06,4.0506417e-05,0.9999206,5.12105e-06
3671,0.000111177294,0.00013128489,0.0034355894,7.413169e-05,0.033070374,0.96313256,4.488757e-05
3672,1.0052998e-08,1.2961361e-06,2.451878e-06,3.3782173e-09,1.0782203e-05,0.99997604,9.410955e-06
3673,0.0033813089,0.00044210214,0.046287835,0.00023171908,0.26203507,0.6875547,6.724382e-05
3674,0.010551789,0.019630525,0.15931751,0.017222105,0.075014725,0.71756405,0.0006992618
3675,1.5113147e-05,4.379263e-06,0.00063090376,6.993078e-06,0.004279148,0.9950594,4.0939367e-06
3676,0.00020364675,0.0016153977,0.009240318,0.0013152643,0.02011728,0.96715283,0.00035521382
3677,3.7490934e-06,4.343458e-06,9.474955e-05,1.2288338e-05,0.000109296474,0.9997713,4.323992e-06
3678,3.6049147e-07,7.382547e-07,4.4312463e-05,1.3315587e-07,0.0028913605,0.99705434,8.837577e-06
3679,0.0827142,0.4985027,0.13430476,0.05256094,0.027685469,0.18914467,0.015087259
3680,0.0015629227,0.0002508056,0.00821654,3.9390092e-05,0.19315784,0.79655296,0.00021956959
3681,0.003353228,0.00022163473,0.0033373644,3.0972387e-05,0.40300006,0.59001034,4.6357454e-05
3682,0.00016332204,5.9016093e-05,0.020142512,3.4754572e-05,0.041048154,0.9384129,0.00013919805
3683,0.0016504718,0.0004923249,0.000999975,0.00047850236,0.0018120414,0.994544,2.2547962e-05
3684,3.1789446e-06,1.4992824e-05,0.0002176349,9.763994e-06,0.0003944529,0.9992725,8.7448076e-05
3685,2.361973e-22,1.0905622e-14,9.392272e-15,1.9939983e-26,6.466102e-11,1.0,4.0095024e-13
3686,5.1529474e-05,0.00040886647,0.0029138362,5.0339397e-05,0.0025039758,0.9934689,0.00060265436
3687,0.37365848,0.07855271,0.21844606,0.023314878,0.15781577,0.14788905,0.00032302074
3688,2.2207187e-08,4.312623e-06,1.9150716e-06,1.3454646e-09,1.811932e-05,0.99996054,1.512066e-05
3689,0.122271806,0.31538856,0.113891885,0.15828586,0.049086466,0.2383932,0.0026822155
3690,2.2507605e-22,1.8339158e-14,2.32249e-15,1.4554662e-26,4.2891933e-11,1.0,8.1650405e-14
3691,7.836821e-05,2.8745331e-05,0.008553598,9.719435e-06,0.32157943,0.66970164,4.8455804e-05
3692,4.1951986e-05,2.4585265e-06,0.011850149,3.7438604e-06,0.24139903,0.7467021,5.3601457e-07
3693,0.00033537566,0.002190231,0.04174191,0.000881053,0.13024455,0.82332444,0.0012823942
3694,9.822715e-05,0.00010720165,0.0017533985,0.0010962127,0.00037970563,0.9965552,1.0182548e-05
3695,0.00066934974,0.06181397,0.025792155,0.006312337,0.0026166704,0.89784276,0.0049527106
3696,0.0,4.9e-44,7.49008e-39,0.0,6.62456e-25,1.0,7e-44
3697,7.9621e-10,1.1701041e-07,7.887428e-07,3.2537376e-11,8.856701e-06,0.9999889,1.275368e-06
3698,0.0011268964,0.0013206031,0.0090620285,0.00043633822,0.017636057,0.9701479,0.00027019987
3699,0.00047512288,0.0015310163,0.3435598,0.0058118943,0.031075561,0.61715555,0.00039110173
3700,0.05614999,0.0062288158,0.06207307,0.0017952045,0.5435803,0.3301424,3.0197432e-05
3701,2.749617e-18,8.263659e-12,2.6858073e-12,3.5217756e-21,2.3961388e-09,1.0,1.9514303e-10
3702,0.0005747607,0.012049588,0.012543386,0.00082262355,0.014591687,0.95599395,0.003424063
3703,0.015521602,0.71992,0.0009271276,0.0060213725,0.03135563,0.20999958,0.016254706
3704,0.0007586201,0.0104448395,0.034372874,0.0021482953,0.0105922,0.9331165,0.008566698
3705,0.067332044,0.14935853,0.24557434,0.08351618,0.03149582,0.42191914,0.000804012
3706,0.0055598505,0.0020313226,0.023248298,0.000361966,0.08361117,0.8847232,0.0004642267
3707,0.029708913,0.007862648,0.27197057,0.004364925,0.23597035,0.44989544,0.00022721814
3708,4.7025398e-07,1.33356225e-05,2.5734666e-05,4.569675e-05,1.615908e-05,0.9998647,3.3870867e-05
3709,0.00048727274,0.023286512,0.08008211,0.0018467909,0.25141513,0.5658423,0.077039875
3710,0.00023289963,0.0021458515,0.002370872,0.00058223604,0.0012830119,0.99332994,5.5064236e-05
3711,0.040350586,0.13176294,0.22449179,0.02187346,0.1273242,0.45282987,0.0013670633
3712,5.0321365e-11,3.4430798e-07,1.187012e-07,3.1191879e-12,4.856857e-06,0.99999213,2.5726374e-06
3713,0.11691999,0.07473058,0.5383406,0.0351058,0.10217524,0.13247706,0.00025065144
3714,0.0044387486,0.005577413,0.6641673,0.002676871,0.048197247,0.27486178,8.069439e-05
3715,4.147773e-18,5.916609e-11,4.0249978e-12,1.7960602e-20,2.6879488e-09,1.0,1.6650712e-09
3716,7.405219e-05,4.0008093e-05,0.00014914053,5.7737932e-05,0.000105597945,0.9995573,1.6081915e-05
3717,0.14765148,0.011692386,0.21635164,0.013168313,0.2671855,0.34392333,2.734347e-05
3718,5.0292027e-05,0.0005915719,0.0013593831,0.00015244614,0.00062866864,0.99375486,0.0034626622
3719,0.00057461177,0.00015153571,0.0052465796,6.08696e-05,0.032889415,0.9599981,0.0010789153
3720,0.0034513022,0.005991039,0.019684456,0.0027858259,0.10511184,0.8625911,0.00038443573
3721,0.00030748924,0.0013173546,0.003716448,0.00033690827,0.027500868,0.96644306,0.00037799886
3722,3.923146e-10,1.2228854e-06,3.4205846e-07,2.0437145e-11,3.126392e-06,0.9999919,3.4956038e-06
3723,0.0008684943,0.002261166,0.00022746803,0.0001629633,0.008826103,0.9874955,0.00015843946
3724,0.00014232316,0.00021781267,0.0024426887,0.00029510216,0.00052368554,0.9959894,0.00038901472
3725,1.6096348e-19,1.578179e-16,7.9501423e-13,2.7504885e-25,3.1889935e-09,1.0,2.975066e-17
3726,0.0011553166,0.00012414891,0.06878915,0.00062352,0.016326772,0.91295296,2.8159478e-05
3727,2.7689426e-05,0.000685634,0.00015063994,0.00022786466,0.00078070234,0.9965814,0.0015461127
3728,1.5193959e-21,7.0092802e-15,1.2503071e-14,6.2231234e-26,7.605616e-11,1.0,7.551341e-14
3729,0.00066303014,0.0023534906,0.0016685253,0.0046996716,0.0013159763,0.98863554,0.00066387927
3730,0.00017615696,0.00052662793,0.007940873,0.00020744785,0.006642723,0.98381066,0.0006955853
3731,2.2320323e-06,4.1966374e-05,0.0011389403,1.0448589e-05,0.0009079844,0.99762636,0.00027205926
3732,0.001066015,0.002756958,0.0087934425,0.0019774782,0.0052977507,0.9796322,0.00047614094
3733,0.011743662,0.0036152157,0.14482506,0.0018103484,0.52361345,0.31416324,0.00022900307
3734,3.987416e-05,0.00039061575,0.041189667,0.00022414901,0.00276131,0.9550057,0.0003886912
3735,4.5047736e-06,8.799977e-05,0.00027282423,4.351048e-05,0.0001108522,0.9988242,0.00065618183
3736,7e-45,2.6550124e-35,2.6470718e-29,0.0,6.112029e-19,1.0,1.5454379e-36
3737,1.6315493e-08,1.2643151e-05,1.1258529e-05,1.4259836e-08,2.3878034e-05,0.99965274,0.00029946954
3738,0.0,0.0,3.5e-44,0.0,1.9932683e-26,1.0,0.0
3739,6.4398714e-06,8.355861e-05,0.00019073476,9.188113e-06,0.00024550463,0.9993793,8.536901e-05
3740,2.752387e-26,5.81182e-18,1.0533968e-17,2.1965744e-31,9.475973e-13,1.0,2.7184048e-16
3741,4.6872897e-06,1.9466324e-06,0.00026910938,3.40614e-06,0.00087472954,0.99883205,1.409352e-05
3742,0.00029181803,0.010534955,0.0072314595,0.0049664658,0.0065992493,0.9657467,0.00462939
3743,0.19275098,0.06411277,0.05663795,0.020033441,0.46944025,0.19698736,3.7318332e-05
3744,2.904564e-10,1.6177755e-07,5.236691e-07,3.3168107e-11,4.2512224e-06,0.9999889,6.2072804e-06
3745,9.761322e-11,2.229504e-08,4.000196e-08,1.3904325e-12,1.0499951e-06,0.9999987,1.6920337e-07
3746,0.06301931,0.022798209,0.6182697,0.023815231,0.1265063,0.14551933,7.183402e-05
3747,0.090500355,0.2508205,0.07175922,0.03831011,0.018535707,0.52664036,0.0034337626
3748,0.0006330286,0.0006050038,0.004658818,0.0001722916,0.017758733,0.9760645,0.00010747998
3749,0.0020495171,0.08916495,0.0028980505,0.0066945725,0.0021084328,0.8891535,0.007930964
3750,3.5284935e-05,6.883276e-06,0.0006247706,5.685154e-06,0.014921231,0.9843478,5.838689e-05
3751,0.0002957642,0.00014375629,0.0061901556,0.0005787133,0.0008536038,0.9919057,3.233053e-05
3752,0.001267511,0.0010121162,0.004423494,0.0040430534,0.0023501008,0.9868606,4.32488e-05
3753,4.2958002e-11,1.3691885e-08,2.329298e-07,4.1232937e-12,1.6637246e-06,0.9999981,1.6061998e-08
3754,0.011010713,0.059559908,0.64797544,0.011967174,0.0822675,0.18706182,0.00015743196
3755,0.00039067998,0.00016743128,0.004416455,0.0001589895,0.013975968,0.9807772,0.000113310096
3756,9.327758e-09,8.693245e-06,4.8238962e-06,1.5184055e-08,4.398839e-06,0.999864,0.00011809623
3757,1.5887599e-26,2.8841567e-19,2.3357263e-17,8.3819925e-33,7.9229396e-13,1.0,6.21553e-19
3758,0.0004927263,0.00015816267,0.020500261,0.0007556844,0.0029628722,0.9750852,4.505204e-05
3759,0.00031977624,0.0006397022,0.0010218421,0.00014022554,0.022635482,0.97479206,0.00045093012
3760,1.9686672e-06,3.224303e-07,9.83199e-05,2.4866783e-06,0.00015647923,0.99973994,3.616797e-07
3761,8.239005e-05,0.00011614173,0.0011510331,0.0003626025,0.00049695384,0.99773395,5.6977253e-05
3762,0.19101661,0.16660133,0.2906591,0.04339876,0.03533081,0.271445,0.001548388
3763,0.0026788812,0.016790347,0.014339749,0.00059520977,0.02697502,0.93355656,0.005064224
3764,2.3955958e-05,0.000291014,0.006860595,0.00014677476,0.023516247,0.9690393,0.00012210834
3765,0.14533615,0.61190796,0.07168024,0.03957851,0.020475073,0.098243795,0.012778341
3766,0.1373955,0.54982203,0.1306228,0.07979543,0.01018597,0.08843568,0.003742642
3767,0.18989666,0.47168094,0.13603364,0.0485583,0.02626994,0.12614669,0.0014138415
3768,4.039826e-08,5.313995e-06,1.4405852e-05,5.913018e-08,1.5958803e-05,0.9998357,0.00012851655
3769,0.0052010035,0.0024920765,0.1476934,0.0010701796,0.20777269,0.6357541,1.6540329e-05
3770,0.1624915,0.6674714,0.059240103,0.052212078,0.00093179627,0.04718281,0.010470294
3771,0.0076265065,0.007899006,0.79861563,0.0030546125,0.07605973,0.10672841,1.6051255e-05
3772,0.056173492,0.23741125,0.05186957,0.027719054,0.12987043,0.4927381,0.0042181667
3773,4.6111283e-23,3.0575743e-16,1.8286895e-15,9.063805e-29,1.2127019e-10,1.0,6.458087e-16
3774,3.0000724e-06,2.497701e-06,0.0001820304,8.413044e-06,6.363427e-05,0.9997377,2.6390342e-06
3775,0.00026426135,0.023095792,0.0025198618,0.0005795618,0.0009161647,0.15434836,0.818276
3776,0.0004077418,0.0012112254,0.014387732,0.00010899064,0.03387804,0.9496149,0.0003913205
3777,3.9568295e-09,2.6373996e-06,2.2609079e-06,3.7321795e-09,4.874544e-06,0.9999269,6.331383e-05
3778,0.0017858121,0.005865034,0.0003097215,0.00057036406,0.008188118,0.9827927,0.00048828736
3779,3.6662577e-06,0.00029874567,0.00016577049,4.942639e-06,0.00017099608,0.99786806,0.0014877885
3780,1.453924e-18,1.8552796e-13,1.0802e-12,2.5821046e-22,2.0003428e-09,1.0,1.4005842e-11
3781,1.6348057e-13,2.0270759e-10,1.9708055e-09,4.7124106e-17,8.792609e-07,0.99999917,2.3487598e-10
3782,0.00018404571,0.00016775222,0.041542236,7.3107665e-05,0.13646938,0.8130867,0.008476788
3783,0.0027931035,0.0007477078,0.026132802,0.00015154415,0.076689616,0.8929535,0.00053168426
3784,9.0471134e-05,0.0002320806,0.0038992823,2.8302393e-05,0.003753975,0.9919194,7.65198e-05
3785,0.0013873354,0.8125187,0.006799843,0.016115697,0.00017245433,0.14922395,0.013782012
3786,0.0019259332,0.01760153,0.10225346,0.009025484,0.018826699,0.8473521,0.0030149084
3787,0.0006871401,0.0021763304,0.0027461422,0.0026756334,0.0031045468,0.98796844,0.00064169953
3788,0.01791055,0.00578733,0.007056604,0.0007338357,0.21208555,0.75629026,0.00013582346
3789,0.009991341,0.01437364,0.5087822,0.007069912,0.07095654,0.38847527,0.00035113117
3790,0.011661889,0.00035159106,0.008013494,0.00063742866,0.037672527,0.9416602,2.9153762e-06
3791,0.00011825802,3.4901044e-05,0.00043896513,2.5874872e-06,0.06694864,0.93197894,0.00047776347
3792,9.126687e-05,0.011729834,0.004656448,0.0006554716,0.0010825351,0.9794504,0.002334092
3793,2.0973994e-05,3.0680923e-05,0.00020794278,5.8882513e-05,0.00019561671,0.9994709,1.4975291e-05
3794,2.4226232e-05,4.07932e-06,0.014122691,3.8135736e-06,0.021664178,0.9641757,5.4676852e-06
3795,2.4324216e-05,7.862399e-05,0.0010246768,0.00039663646,0.00035580076,0.9980179,0.00010201837
3796,0.0013507631,0.0008592628,0.076761894,0.0012586637,0.05479078,0.8648686,0.00011008502
3797,0.00025283208,1.2798982e-05,0.0018686474,4.929951e-06,0.2523898,0.74525106,0.00021994804
3798,1.0518564e-05,0.0003764144,0.003592789,0.00012052287,0.044381164,0.94466245,0.0068561137
3799,0.00039877402,0.00031570616,0.006408888,0.0017062112,0.0011127396,0.99001825,3.9383995e-05
3800,5.4144193e-06,0.00015561958,0.0005818266,3.2934247e-05,0.000105711515,0.998858,0.00026049642
3801,0.008342503,0.0047730794,0.07704506,0.005270663,0.03312991,0.8709215,0.00051731674
3802,0.14617433,0.31250462,0.28253302,0.06298803,0.035719447,0.15763412,0.0024463579
3803,0.11149362,0.07333237,0.2941693,0.011542629,0.40333155,0.10572477,0.00040582576
3804,1.5965305e-05,1.3696738e-05,0.0010580387,6.2122344e-06,0.021444049,0.97745466,7.305853e-06
3805,0.0,1.0639275e-35,3.2203614e-32,0.0,2.2129777e-21,1.0,6.9346625e-35
3806,0.04346264,0.01417235,0.3458194,0.005867286,0.38352284,0.2070747,8.0708356e-05
3807,0.00030720758,5.2707597e-05,0.008016431,1.449079e-05,0.6488515,0.34275192,5.6674653e-06
3808,0.08557778,0.078341626,0.033696167,0.0071622524,0.5552593,0.2396278,0.00033510025
3809,0.0,0.0,9.4e-44,0.0,2.4648882e-28,1.0,1e-45
3810,0.003199999,0.0008959157,0.04871416,0.00030115296,0.040248763,0.9064096,0.00023043693
3811,0.0,0.0,2.1e-44,0.0,1.4085938e-27,1.0,0.0
3812,0.0028554632,0.0005673177,0.026217459,0.00015442185,0.28205222,0.6880194,0.00013374972
3813,0.011367412,0.0034781734,0.050733045,0.0009212002,0.5562183,0.37726063,2.1159756e-05
3814,4.5266275e-19,8.162148e-13,9.605774e-13,4.0169605e-23,4.6826156e-09,1.0,1.7817571e-12
3815,0.021691557,0.033274405,0.03394528,0.0031467048,0.12830894,0.7769449,0.0026882114
3816,0.00090071105,0.002560453,0.07636067,6.984598e-05,0.5349382,0.38189042,0.0032797416
3817,0.003106284,0.0020128267,0.027554883,0.006262165,0.002925423,0.95803136,0.000107069434
3818,0.0,0.0,0.0,0.0,1e-45,1.0,0.0
3819,0.0004314641,0.00089112244,0.012321668,0.0003658898,0.010593988,0.97487146,0.0005244474
3820,6.72583e-40,3.295429e-28,3.436132e-26,0.0,8.264801e-18,1.0,1.563508e-26
3821,0.08559222,0.011159752,0.3180846,0.0059977327,0.28002673,0.29897895,0.00015997973
3822,0.022498932,0.100359224,0.66588557,0.017901985,0.032402616,0.1607385,0.00021311545
3823,1.5460833e-05,7.1139602e-06,0.0008227727,1.5762193e-05,0.0004451315,0.99868983,3.9224237e-06
3824,7.3973393e-07,1.3348712e-06,3.0255349e-05,1.2956364e-06,0.00017061904,0.9997907,5.0157096e-06
3825,5.702325e-25,2.1609354e-17,1.7471582e-16,1.1394423e-30,6.613166e-12,1.0,1.3069447e-16
3826,6.791382e-05,0.00052338437,0.00048273412,0.0002644345,0.0015784777,0.9965945,0.0004886071
3827,0.00076423754,0.014747489,0.07143366,0.002655671,0.05145153,0.851447,0.007500433
3828,8.86926e-06,9.04658e-06,0.0003005115,7.926302e-06,0.0013016824,0.9983297,4.219271e-05
3829,0.014690911,0.1564763,0.021706283,0.00838481,0.007126562,0.77575004,0.015864974
3830,0.0015957343,0.049993828,0.13648157,0.0075513106,0.07468266,0.69930315,0.030391729
3831,0.00023609838,0.00023640816,0.016527923,0.00026147795,0.05802168,0.92410475,0.00061158655
3832,1.8392246e-05,1.5817637e-05,0.0007980546,2.3097022e-05,0.0034907926,0.9956418,1.19865435e-05
3833,0.002690696,0.016806966,0.020053525,0.01907656,0.00019245039,0.93803835,0.0031414027
3834,7.1626463e-12,1.12949145e-07,8.883231e-09,4.081556e-13,5.736693e-07,0.99999833,9.918481e-07
3835,0.00032599975,0.003296565,0.0058441404,8.322905e-05,0.14071617,0.7965582,0.053175777
3836,5.6588393e-12,2.4317156e-08,7.512532e-08,2.4478667e-13,1.1096901e-06,0.999998,8.5260297e-07
3837,0.0014519239,0.0008309153,0.007878115,0.00075786375,0.121828526,0.86723685,1.579247e-05
3838,0.38029382,0.30046937,0.23533468,0.039453052,0.0055913674,0.036983952,0.0018737167
3839,0.010510922,0.010207597,0.34880883,0.0074106017,0.19372463,0.4292522,8.523008e-05
3840,0.0068938723,0.0072330786,0.014820961,0.0034226456,0.019415163,0.9480581,0.00015615295
3841,0.00060343056,0.00021354322,0.02686094,5.5150565e-05,0.0968704,0.87153393,0.0038626676
3842,0.00031582423,0.0004764099,0.0092473095,0.00020318176,0.06215305,0.9274791,0.00012502287
3843,0.01916617,0.098921046,0.09733352,0.013605688,0.017629676,0.75057393,0.0027699713
3844,0.00053212873,0.0008497646,0.0046118116,0.0006544235,0.002197575,0.9907861,0.0003681706
3845,1.6995939e-07,1.767636e-06,2.3663297e-05,7.396e-08,4.7251262e-05,0.999923,4.025184e-06
3846,0.009477688,0.031260718,0.1776504,0.013229478,0.024856495,0.7422612,0.0012639943
3847,0.0048505804,0.00019064714,0.05137575,0.000116052055,0.24573886,0.69768405,4.4169625e-05
3848,0.00056487357,0.00023023313,0.05062215,4.512604e-05,0.41433522,0.53418744,1.4924023e-05
3849,4.828835e-07,8.2605675e-07,5.9735325e-05,1.2278454e-06,9.974491e-05,0.9998273,1.0743734e-05
3850,0.00033115948,0.0018888706,0.0045565455,0.00011792045,0.09085277,0.9021982,5.4529424e-05
3851,0.03530443,0.0074462867,0.020624721,0.00097248144,0.6272615,0.3083504,4.010891e-05
3852,3.082498e-06,6.412963e-06,5.05535e-05,1.117829e-06,0.00018023678,0.9997192,3.9434875e-05
3853,0.7371344,0.07184502,0.08461041,0.02668252,0.06476483,0.014942421,2.042171e-05
3854,0.0019605597,0.0015527664,0.72180504,0.0011202346,0.13374983,0.13980508,6.4976502e-06
3855,5.5234255e-12,3.8676184e-08,6.925406e-08,4.348905e-11,0.00043375135,0.005767659,0.99379843
3856,1.9493382e-06,4.9244092e-05,0.00022914427,1.6258286e-05,0.00019666385,0.99868387,0.0008227851
3857,0.27527186,0.057389818,0.10828227,0.014179785,0.10996802,0.4335587,0.0013496453
3858,0.00020174842,8.9103785e-05,0.0073131877,4.168789e-05,0.017833883,0.974448,7.2394105e-05
3859,6.6e-44,1.5255045e-30,7.028482e-29,0.0,2.6654052e-19,1.0,1.534623e-28
3860,4.44e-43,7.215498e-29,1.6033704e-28,0.0,1.1444452e-19,1.0,4.4198617e-27
3861,3.3754226e-05,7.584301e-05,0.0071296473,1.0672921e-05,0.13918318,0.8529772,0.00058962783
3862,9.4159936e-05,0.00016248695,0.03607615,0.00011022468,0.048245948,0.91491973,0.0003912477
3863,0.00020582281,2.4874098e-05,0.0067246556,1.350775e-05,0.045566864,0.947434,3.0280939e-05
3864,0.011952803,0.001418899,0.24796948,0.0009957581,0.5216497,0.21598646,2.695287e-05
3865,0.0058860127,0.005774094,0.17175464,0.0013803666,0.21302931,0.60209197,8.362432e-05
3866,8.029727e-06,4.7861076e-06,0.0036881082,3.810977e-06,0.12292545,0.87336576,4.066812e-06
3867,0.03551221,0.077151045,0.68961906,0.019076208,0.015350747,0.16271502,0.0005756954
3868,0.00047182996,0.00037175266,0.03096042,0.00022013288,0.3210372,0.6469236,1.5077981e-05
3869,0.25213435,0.53312165,0.054399483,0.08479465,0.010747473,0.063850485,0.00095191906
3870,0.00045280711,0.0010878014,0.006818768,0.0002027935,0.04286455,0.9481692,0.00040411137
3871,0.032664757,0.0021398533,0.060900394,0.0006383096,0.6812676,0.22238217,6.94692e-06
3872,6.401201e-05,9.551879e-05,0.00049316225,2.9662333e-05,0.013877389,0.98534924,9.102965e-05
3873,0.00015171182,0.0002321245,0.0030174018,0.00024406727,0.0022455184,0.99389404,0.00021512028
3874,0.049419027,0.23371159,0.4383815,0.042088214,0.014474925,0.22075586,0.0011688672
3875,3.6656013e-06,9.5198084e-07,5.0090242e-05,2.448584e-06,8.929304e-05,0.99985254,8.990553e-07
3876,0.0030088765,0.001970647,0.03253169,0.0038300173,0.061846852,0.8967183,9.3553994e-05
3877,7.583136e-08,2.3741784e-07,0.00013424712,1.7598107e-07,0.0024247945,0.9974383,2.2058339e-06
3878,0.12028332,0.13901317,0.05479256,0.011229615,0.25263628,0.41804472,0.0040003574
3879,0.005790522,0.08405507,0.038133204,0.0066964566,0.011314377,0.84731925,0.0066910763
3880,0.00096111087,0.0017738853,0.0045456565,0.000642637,0.026938664,0.96498346,0.00015466119
3881,3.8151725e-11,6.511262e-08,9.966493e-08,5.1959327e-13,1.1720922e-05,0.999987,1.0200025e-06
3882,0.030406544,0.0003005932,0.06934012,0.000116113755,0.79247373,0.10735882,4.049843e-06
3883,9.251898e-06,2.4467643e-05,0.010852948,2.7657388e-05,0.019025259,0.97005177,8.614256e-06
3884,1.0619294e-07,6.197663e-05,8.8031165e-06,9.36215e-08,3.2179803e-05,0.99964523,0.00025156038
3885,0.00029036368,0.013393727,0.010115107,0.0013648734,0.024743006,0.9448979,0.0051949513
3886,8.6301097e-17,2.9222933e-11,3.021222e-11,7.601289e-20,1.0653351e-08,1.0,1.3474998e-10
3887,0.0013922511,0.006637145,0.083780795,0.0010629244,0.043547552,0.59640586,0.2671735
3888,9.369407e-14,2.9490659e-09,9.0462204e-10,8.114139e-16,2.6057504e-07,0.99999964,7.782884e-08
3889,5.3076998e-11,4.7137462e-08,1.3811307e-07,2.3897852e-12,3.8124952e-06,0.9999957,3.6221962e-07
3890,5.185107e-13,1.3467545e-09,7.2217206e-09,3.7316557e-15,5.083622e-07,0.9999994,2.3785532e-08
3891,0.008348209,0.0064187925,0.37143955,0.0042934897,0.14051545,0.46890005,8.445297e-05
3892,0.024862139,0.01216212,0.36516353,0.0033351628,0.47277033,0.12168069,2.6042235e-05
3893,1.6884374e-06,1.4249235e-06,0.0001929897,1.2413281e-07,0.06635052,0.9334483,4.927817e-06
3894,3.8567316e-05,1.0399871e-07,0.0013004311,8.7295945e-08,0.32220703,0.676453,8.4171705e-07
3895,1.1847877e-37,1.41051e-24,6.681715e-25,0.0,1.09248477e-16,1.0,4.877034e-23
3896,2.1253723e-05,1.576863e-05,0.0059804358,1.336106e-05,0.11972969,0.87423193,7.548502e-06
3897,0.019248687,0.84933895,0.02528169,0.030315002,0.0008988357,0.071193874,0.0037229746
3898,0.08405988,0.23917247,0.05998513,0.10375717,0.037930675,0.47370693,0.0013876909
3899,9.838516e-12,1.782585e-08,3.7534033e-08,2.2434402e-12,4.806409e-07,0.9999989,5.652418e-07
3900,0.003351426,0.028078565,0.058318667,0.0023681978,0.07097587,0.83388793,0.003019367
3901,0.11675303,0.056024753,0.43991113,0.021483436,0.20505686,0.16063216,0.00013861459
3902,7.169338e-17,1.9189313e-10,2.1669761e-11,7.619666e-20,1.4777995e-08,1.0,1.8509324e-09
3903,4.308904e-05,1.7877916e-05,0.008315855,2.6108868e-05,0.04738585,0.94416654,4.4648034e-05
3904,0.001674125,0.0118250875,0.057825293,0.0012626983,0.050832894,0.8678735,0.008706389
3905,0.00020053147,6.1494e-05,0.011912758,3.8449314e-05,0.018013388,0.9697347,3.8529553e-05
3906,2.8468165e-07,3.397048e-05,3.1861226e-05,2.0018513e-07,6.2491345e-05,0.99986017,1.1008718e-05
3907,0.00017344813,0.00030506047,0.014976711,0.00011095567,0.06829275,0.9158975,0.00024360654
3908,0.24366544,0.31819347,0.13253114,0.10443908,0.026321415,0.173483,0.0013664725
3909,0.014639723,0.018768795,0.62641394,0.007655827,0.24174343,0.09072322,5.506153e-05
3910,8.689307e-05,9.5492906e-05,0.0023867788,9.096386e-05,0.0067033414,0.9898426,0.0007939656
3911,0.0,1.0895567e-35,1.2381074e-32,0.0,1.01351565e-20,1.0,2.1479304e-35
3912,3.318027e-17,4.6052506e-11,1.3644261e-11,1.212081e-19,5.494397e-09,1.0,1.6507211e-09
3913,1.99e-41,3.8954863e-28,5.736417e-28,0.0,2.4116436e-18,1.0,9.524776e-27
3914,0.07030816,0.24752535,0.5143717,0.025750784,0.0144304335,0.12662162,0.0009920212
3915,0.00024567507,0.0001393057,0.017359244,2.900841e-05,0.11745028,0.86378515,0.0009913365
3916,0.00035026026,0.005215895,0.06476995,0.002419474,0.032798562,0.8935262,0.000919643
3917,2.5040294e-05,3.4174311e-06,0.0034940622,8.559007e-07,0.28843915,0.70800865,2.8926524e-05
3918,0.00546051,0.0034958643,0.064289935,0.0008705634,0.025779877,0.8991182,0.0009850881
3919,0.012736499,0.002684612,0.20326754,0.0016629107,0.48559713,0.29372302,0.00032824665
3920,1.2019463e-20,3.4715025e-14,6.468621e-14,9.701831e-25,1.3626038e-10,1.0,1.6324514e-13
3921,0.00017172587,0.0010072149,0.0048161205,0.0068737497,0.00028580404,0.98632216,0.00052316394
3922,2.6576556e-05,6.3543425e-06,0.043745074,1.831808e-05,0.03344079,0.9227462,1.6592654e-05
3923,5.367554e-06,1.8808926e-06,0.00017926049,4.6428102e-07,0.051051833,0.9487544,6.8535883e-06
3924,0.04690352,0.062487923,0.13482852,0.05920092,0.012524303,0.67971647,0.004338439
3925,0.00020068669,1.6380593e-05,0.01286626,1.7918612e-05,0.2950587,0.69183844,1.6400044e-06
3926,9.623593e-06,2.4563786e-05,0.00037687755,1.7272401e-05,0.0003580468,0.9991321,8.157213e-05
3927,0.0009250525,0.0005092962,0.022373227,4.9953043e-05,0.5524397,0.4236685,3.4179466e-05
3928,3.794911e-13,6.1568595e-09,5.8197767e-09,6.951125e-15,2.247251e-07,0.99999976,2.5027743e-08
3929,0.0020107443,0.00062755763,0.017511277,4.898494e-05,0.10175814,0.87781084,0.00023246309
3930,0.002445962,0.004057329,0.015619323,0.00051240186,0.019214384,0.95615,0.0020007044
3931,0.0,0.0,4.8e-44,0.0,1.4523485e-27,1.0,0.0
3932,0.14553912,0.10597934,0.14986867,0.02844772,0.095076434,0.47325593,0.0018327885
3933,0.0014329031,0.00062043406,0.009111902,0.00020721526,0.12005331,0.8677204,0.00085387053
3934,0.0027105133,0.00026880234,0.178573,0.000966808,0.038868785,0.7785925,1.9630295e-05
3935,0.0005293556,0.0011329639,0.0058340873,0.002351421,0.0021082726,0.98792446,0.00011947082
3936,2.2742804e-21,4.452178e-14,2.5622848e-14,5.3858113e-25,6.12343e-11,1.0,4.788131e-13
3937,2.3920336e-05,0.00016165679,0.0011839439,0.0002491135,0.0007679796,0.99694127,0.0006720922
3938,0.0038653486,0.01052879,0.48975226,0.008073329,0.010678174,0.4768272,0.00027498446
3939,0.00031454235,0.000106398606,0.016177185,7.9646714e-05,0.26690665,0.7163636,5.1926247e-05
3940,0.0033867345,0.0032912595,0.026382716,0.00022945346,0.041988604,0.9237999,0.0009213306
3941,1.183801e-25,1.2967937e-16,1.7243468e-17,2.046761e-31,1.7103483e-12,1.0,2.750345e-15
3942,0.0005458247,0.00031668862,0.12451203,0.00027196557,0.18743159,0.68683285,8.899642e-05
3943,0.35653907,0.4332173,0.064612985,0.060484916,0.014828311,0.06749294,0.002824476
3944,6.0783117e-07,1.672534e-07,0.00010462964,9.811765e-07,0.00023551956,0.99965787,3.288646e-07
3945,0.0001456054,0.0017109426,0.022136558,0.00041689302,0.001730047,0.9735962,0.0002637272
3946,0.0020894273,0.0028590912,0.008929737,0.001357764,0.021919344,0.96253633,0.00030837662
3947,1.5065065e-31,1.475488e-22,6.799648e-21,3.564371e-39,7.7953535e-15,1.0,3.0490754e-21
3948,0.07825968,0.003213746,0.07794804,0.0008911421,0.7741517,0.06553144,4.255662e-06
3949,0.0021062496,1.5832042e-05,0.015470619,5.2709415e-06,0.77828825,0.20410646,7.297196e-06
3950,0.011540082,0.00059390225,0.026130691,0.00014337621,0.6870835,0.2744588,4.9689992e-05
3951,0.00051048916,0.0007326681,0.023110885,0.0008375747,0.07969624,0.89504874,6.339471e-05
3952,0.0014039887,0.0016663313,0.060166698,0.002303915,0.06618954,0.86794764,0.00032183243
3953,1.0878819e-07,2.6044992e-05,3.2971526e-05,7.018711e-08,3.5942052e-05,0.9998493,5.5449367e-05
3954,0.040319394,0.012057341,0.32736212,0.006354684,0.11066912,0.5030892,0.00014821766
3955,0.0020980544,6.259101e-05,0.012199315,1.8021123e-05,0.15498349,0.83060664,3.1868396e-05
3956,0.2235216,0.16550335,0.13067448,0.0670021,0.18483403,0.2279065,0.0005579435
3957,0.0011281491,0.0013594255,0.015751148,0.0004541297,0.02854985,0.9513414,0.001415878
3958,0.00095723063,0.00031729153,0.038859252,3.8348055e-05,0.69962835,0.26017597,2.3577746e-05
3959,0.004747334,0.00016245815,0.09374553,0.00010745071,0.328134,0.5730082,9.506305e-05
3960,0.0005316229,0.13721798,0.12267171,0.012875217,0.002045001,0.72236276,0.0022957833
3961,0.0007947975,0.00083620707,0.020568276,0.00013964398,0.1225525,0.85490644,0.00020218012
3962,0.00064583245,0.0016669922,0.049432214,0.0008833008,0.07269612,0.87445414,0.00022148334
3963,3.549954e-06,1.4548483e-05,0.00019529581,1.6976148e-05,0.00059722544,0.9991454,2.6957287e-05
3964,0.0,7.17354e-35,4.3781193e-31,0.0,3.096774e-20,1.0,1.4045002e-34
3965,0.00048467758,0.0007473404,0.0046138107,0.00012208436,0.14836775,0.8454117,0.00025273772
3966,0.0014328789,0.00037312132,0.013112307,0.00025226938,0.19198602,0.79283106,1.2321479e-05
3967,8.487978e-06,3.4696038e-06,0.00094487186,1.774648e-05,0.0010816518,0.9979394,4.430346e-06
3968,7.235338e-05,3.836891e-05,0.0007279391,3.0003559e-05,0.0013866323,0.99766386,8.089412e-05
3969,0.0016061469,0.03274136,0.040059872,0.0036333192,0.09636506,0.82377386,0.001820383
3970,0.0010581744,0.0086857695,0.008894723,0.0009028192,0.041479822,0.9365136,0.002465061
3971,0.00012745606,0.00043245594,0.005360492,0.00010953125,0.08828317,0.9054605,0.00022642221
3972,0.00076145446,0.00043181295,0.009967066,2.9139688e-05,0.040158793,0.9483963,0.00025548547
3973,5.227662e-06,4.717233e-05,0.0002444321,2.2598462e-05,0.00023522034,0.9985441,0.0009012357
3974,0.0011562724,4.6200395e-05,0.02949299,1.682391e-05,0.4765475,0.4925578,0.00018235452
3975,5.144742e-06,0.00010303693,0.00054899097,3.965686e-05,0.00093797676,0.9978667,0.0004985699
3976,9.040052e-28,1.6548243e-18,1.3621616e-18,8.616745e-34,3.9001552e-13,1.0,6.3208874e-17
3977,0.027357763,0.0069273314,0.19205156,0.0056474432,0.14505713,0.6224226,0.0005362106
3978,6.426213e-06,1.0840296e-06,0.00034231748,3.3136555e-06,0.0009906938,0.998654,2.0850666e-06
3979,0.0021116824,0.00022230388,0.039104342,0.00012759167,0.14105983,0.8173597,1.4581122e-05
3980,0.0009362744,0.0063747405,0.039501175,0.0011276933,0.17369632,0.7772548,0.0011089408
3981,8.8969326e-05,0.00092704495,0.019260537,0.00015021916,0.032123633,0.9403292,0.0071203904
3982,0.0005842491,0.0034064688,0.0052125608,0.0011367827,0.019722875,0.96718174,0.002755257
3983,0.020815456,0.009467162,0.037228987,0.001421085,0.06286235,0.86572576,0.0024791586
3984,0.00046914644,4.168075e-05,0.0069395616,4.5580764e-06,0.2019881,0.79037505,0.00018189923
3985,7.4768425e-37,3.2203746e-24,1.2262673e-24,1e-45,4.0487566e-17,1.0,2.369581e-22
3986,0.01471865,0.0008221117,0.01618025,6.63171e-05,0.9454695,0.022741875,1.3008613e-06
3987,4.179198e-06,5.0863046e-06,0.00017185159,5.812876e-06,0.000624686,0.99917454,1.378814e-05
3988,0.0003647582,4.6410874e-05,0.018032162,0.00023156445,0.007621428,0.97369224,1.1453258e-05
3989,0.05712562,0.033995457,0.016446175,0.0039617843,0.759559,0.12888865,2.3312617e-05
3990,0.02533719,0.045674253,0.7535559,0.008822992,0.042633623,0.12382254,0.00015355232
3991,2.8573285e-07,5.1514658e-06,2.5194277e-05,2.9735118e-06,9.2382004e-05,0.9997942,7.9924124e-05
3992,0.0031580867,0.000113955866,0.058414456,7.402263e-05,0.742508,0.19573112,3.4946012e-07
3993,0.001078757,0.00010266743,0.0069667757,4.3273703e-05,0.040259354,0.9513668,0.00018239405
3994,0.006845024,0.0859997,0.021336854,0.007235297,0.030291531,0.8201458,0.028145822
3995,0.052099586,0.027004981,0.10120119,0.0043290006,0.39176017,0.42347628,0.00012881793
3996,0.0010748905,0.005502056,0.01514011,0.00981672,0.00014521502,0.96734244,0.0009785099
3997,0.00014216716,0.00033746913,0.007669124,0.00021784093,0.0063403677,0.98510516,0.000187791
3998,0.0047250832,0.062828116,0.15247571,0.013952907,0.017585779,0.74192864,0.006503859
3999,7.6269397e-19,2.0927864e-12,1.2367368e-12,4.456272e-22,6.014533e-10,1.0,1.4247202e-11
4000,0.003660372,0.034733392,0.061308477,0.010602411,0.021161236,0.8644231,0.0041110166
4001,3.3042637e-05,2.2435193e-05,0.0007421931,9.746965e-05,0.00048895227,0.99860954,6.404752e-06
4002,0.014865926,0.70714426,0.033022724,0.022196906,0.0010776181,0.19673029,0.024962304
4003,0.003950583,0.0003061036,0.01086755,0.0024227158,0.0038626122,0.9785871,3.326591e-06
4004,0.007682595,0.023734283,0.12507294,0.007136893,0.044143204,0.79076517,0.0014648737
4005,0.00023641101,0.00017812358,0.0077177878,0.00020074433,0.009040476,0.9822333,0.00039325442
4006,5.6713163e-12,2.8892808e-08,3.916667e-08,1.1972731e-13,2.3398245e-06,0.9999975,1.7543746e-07
4007,2.1747173e-05,8.125004e-05,0.005813059,1.829337e-05,0.03786239,0.95610774,9.541928e-05
4008,1.26337945e-05,3.63834e-05,9.1824804e-05,3.837151e-05,0.00032942236,0.9994388,5.2547468e-05
4009,0.19544442,0.54176086,0.08365728,0.06384834,0.006911977,0.103162825,0.0052143247
4010,0.016871264,0.012347075,0.35210776,0.0046444475,0.45320764,0.16079651,2.5275516e-05
4011,7.814784e-18,6.1906114e-12,5.9107073e-12,1.34472515e-20,2.2406323e-09,1.0,1.585213e-10
4012,0.0010413938,0.00092248915,0.02563609,0.00017339077,0.11255177,0.8591853,0.00048955804
4013,0.002822159,0.00026403394,0.021166153,0.0002950391,0.10203574,0.873407,9.811689e-06
4014,3.5634312e-06,6.915673e-07,0.00014682693,1.0603328e-06,0.00058411265,0.99926,3.6515032e-06
4015,0.041090354,0.018273802,0.7646055,0.007750976,0.07832351,0.089913286,4.2594056e-05
4016,0.29415166,0.24032825,0.07186079,0.061508425,0.07093616,0.2602931,0.0009215615
4017,3.722933e-10,8.914013e-08,4.2208313e-07,1.7704584e-11,7.5110493e-06,0.9999913,6.483837e-07
4018,7.303328e-07,9.826216e-06,5.111812e-05,6.526398e-06,9.373859e-05,0.99969864,0.00013947349
4019,1.0916051e-05,1.6583464e-05,0.0001987949,8.878445e-06,0.0006517871,0.99890137,0.00021163041
4020,0.32218888,0.10866743,0.17650144,0.04428095,0.2164257,0.13186872,6.6843495e-05
4021,0.0405273,0.17863604,0.07546107,0.012480307,0.20898516,0.4793648,0.004545322
4022,0.0005306226,0.003593909,0.007154826,0.0006720139,0.03788207,0.8951303,0.05503627
4023,0.0014444442,0.00035544983,0.05354202,0.00015632366,0.3857318,0.55851626,0.0002536718
4024,1.5256567e-06,8.9829035e-07,0.00017161584,6.66627e-07,0.00041918186,0.9993992,6.860039e-06
4025,0.0037909662,0.009733295,0.010253101,0.00067009486,0.29322192,0.6684584,0.013872233
4026,2.0510102e-05,1.9041031e-06,0.0003853089,8.918928e-06,0.0012284328,0.9983542,8.0430425e-07
4027,0.00016677128,4.434988e-05,0.0019726816,6.571186e-05,0.015862994,0.98186606,2.1530426e-05
4028,0.011606355,0.0031647386,0.038565375,0.00075050513,0.29824615,0.64759475,7.2139344e-05
4029,0.003730727,0.002991931,0.7759436,0.0016397604,0.032374244,0.18329403,2.5773148e-05
4030,1.6599418e-15,3.720259e-11,1.3182999e-10,1.0490293e-18,3.5792795e-08,1.0,1.2134468e-10
4031,0.0027393496,0.0009021931,0.011616782,0.00013793251,0.13110864,0.8529766,0.00051849126
4032,0.043800537,0.6185297,0.028457724,0.020924691,0.04764145,0.22976466,0.0108812945
4033,2.2692373e-28,8.386266e-21,4.3362933e-19,1.8959531e-36,4.8301977e-13,1.0,4.4371232e-21
4034,1.0033688e-06,5.6686495e-05,6.435206e-05,1.97441e-06,9.7988e-05,0.9995858,0.0001921326
4035,0.0043498334,0.0037819191,0.02295594,0.00069532485,0.08527923,0.8823543,0.000583388
4036,2.9977164e-05,0.0001791201,0.019046536,3.617592e-05,0.040519945,0.93765944,0.0025288414
4037,0.00011999238,4.2472784e-05,0.0026297288,1.3270466e-05,0.070792206,0.92636484,3.743066e-05
4038,3.7042607e-06,5.163104e-06,0.00013545678,4.2642496e-06,0.000495971,0.9993284,2.7063645e-05
4039,0.0005176116,0.00065457326,0.6672287,0.00031992997,0.083149485,0.24812438,5.322429e-06
4040,0.0019085169,0.0030562445,0.076815516,0.00066719257,0.111617036,0.80409056,0.0018449662
4041,4.2912204e-27,1.4528705e-18,7.402079e-18,8.6029215e-33,2.7879638e-13,1.0,1.0978986e-17
4042,6.0876355e-06,2.3064622e-06,0.00015951855,7.0366846e-06,0.00028803985,0.9995364,6.965036e-07
4043,0.124366015,0.0037123954,0.18176976,0.0023774945,0.41761842,0.27013117,2.472189e-05
4044,0.105147734,0.047627077,0.22922009,0.0040496,0.19296163,0.41007933,0.010914537
4045,0.0065329443,0.0017473082,0.042545937,0.0012456008,0.05886981,0.8888699,0.00018857435
4046,0.00033129408,0.0021816422,0.332754,0.000585487,0.42671508,0.23677136,0.000661115
4047,0.26424164,0.08731361,0.17706491,0.024209008,0.28233308,0.16468073,0.00015697957
4048,0.0015104427,0.00040712743,0.019910326,0.00010369563,0.104034305,0.873503,0.00053101097
4049,0.00089763914,3.8658836e-05,0.02245336,0.0001547153,0.03732664,0.9391147,1.4340375e-05
4050,0.00016338924,0.000732132,0.0031754235,0.0018995962,0.00018316624,0.9933743,0.00047191302
4051,0.3512737,0.1664846,0.14666207,0.036543075,0.09414362,0.20462778,0.0002652075
4052,3.5800138e-06,5.644719e-06,0.00015560136,3.6591143e-06,0.00034919605,0.9993899,9.240183e-05
4053,3.1127437e-11,5.772924e-07,1.4426858e-07,5.448849e-12,1.3734322e-06,0.9999931,4.790125e-06
4054,0.044924695,0.021853555,0.12785198,0.038583282,0.026836073,0.73894453,0.0010058221
4055,0.00030408226,3.7114038e-05,0.004050826,0.0001270273,0.0021408512,0.9933303,9.760046e-06
4056,1.51341055e-05,0.00016727878,0.00011397439,0.00014806051,3.283981e-05,0.99926084,0.00026194355
4057,0.008900687,0.0024037072,0.29449034,0.00092640804,0.15797685,0.53526604,3.5876783e-05
4058,1.8671245e-06,6.113119e-07,0.00020095232,1.7719592e-06,0.00035786335,0.9994343,2.6766324e-06
4059,0.0,7.19e-43,3.3790364e-37,0.0,2.061413e-24,1.0,2.606e-42
4060,0.00029312816,0.0012673455,0.002070735,0.0009986286,0.0018368334,0.9927134,0.00081989507
4061,0.13439952,0.036664844,0.08749665,0.017037096,0.19940004,0.52466655,0.0003352939
4062,2.3970247e-06,1.897058e-06,0.0003606183,5.834666e-07,0.043361746,0.95619065,8.2057006e-05
4063,8.691792e-17,6.960186e-12,2.9180162e-11,4.5839167e-20,1.2275574e-08,1.0,8.93839e-11
4064,1.3889417e-05,3.7626253e-06,0.0016520405,1.7517394e-05,0.0008892805,0.9974208,2.7722726e-06
4065,1.5329793e-10,1.435029e-07,3.7812487e-07,1.96725e-11,2.0895955e-06,0.9999969,5.677691e-07
4066,0.00049289514,0.001024821,0.004360253,0.00059362786,0.016428635,0.9763204,0.000779482
4067,0.061711166,0.71563053,0.04743909,0.029508678,0.0014975901,0.117220126,0.026992895
4068,0.001847699,0.016313449,0.031846944,0.0024942344,0.16842271,0.7757975,0.0032774822
4069,0.008299289,0.006853185,0.019745989,0.002782225,0.029098382,0.93227494,0.0009460809
4070,3.2209246e-05,6.719116e-06,0.017961374,8.871306e-06,0.087391354,0.894582,1.7511513e-05
4071,8.545167e-24,4.1247426e-15,7.259194e-16,1.0619369e-27,1.8643094e-11,1.0,1.220399e-13
4072,0.0043065054,0.008356962,0.005413935,0.00037061342,0.01885718,0.94929534,0.013399459
4073,1.1421621e-06,8.806115e-08,3.909183e-05,1.1528664e-07,0.0030354992,0.9969235,5.202587e-07
4074,0.00015375073,0.00092617865,0.0340551,0.0006306576,0.049800925,0.91228455,0.0021488264
4075,0.0,0.0,0.0,0.0,5.3170654e-37,1.0,0.0
4076,0.02284042,0.011979766,0.66004723,0.006944699,0.16915756,0.12901002,2.0282207e-05
4077,4.2302678e-10,4.1800928e-07,1.2671031e-06,3.540864e-10,5.2663613e-06,0.9999906,2.361425e-06
4078,0.0005969834,0.00013711487,0.031372417,0.00012128175,0.06002243,0.9076978,5.1975578e-05
4079,5.121512e-05,4.4624694e-06,0.035353914,1.9996005e-05,0.0067060175,0.95785797,6.4537035e-06
4080,0.3177002,0.31504676,0.21509026,0.06919129,0.016656183,0.065282084,0.0010332438
4081,0.0019597744,3.4408316e-05,0.011280128,8.6564505e-06,0.90295255,0.08376234,2.1338128e-06
4082,3.0715112e-06,4.2039514e-06,0.00014009637,1.2752464e-06,0.00030848122,0.9994941,4.880314e-05
4083,0.15175992,0.0107778255,0.38176474,0.015591381,0.15556486,0.28451625,2.501583e-05
4084,0.00084066635,0.00034258974,0.0018082124,0.00029214966,0.008632259,0.9880436,4.0475545e-05
4085,3.0839925e-05,0.000107096566,0.023741985,4.1599393e-05,0.08508253,0.8904498,0.0005461146
4086,0.0037189182,0.12555309,0.02370532,0.0057202084,0.01411636,0.74057204,0.086614095
4087,0.00063790573,0.009012193,0.013895192,0.00048233804,0.042844735,0.93095493,0.0021726158
4088,0.03217064,0.026855066,0.078721724,0.00846394,0.051630888,0.8014621,0.0006956244
4089,0.018186703,0.29083937,0.09788103,0.023181347,0.059383664,0.46067464,0.04985327
4090,0.0005256934,2.7828173e-05,0.060510606,3.8042806e-05,0.20418109,0.7346873,2.9382627e-05
4091,0.00025910148,8.140109e-07,0.0014233565,1.7514864e-07,0.26685,0.7314647,1.9253798e-06
4092,6.433285e-05,3.313593e-05,0.0020106374,3.933638e-05,0.001844331,0.99594694,6.1323175e-05
4093,6.5522814e-05,0.00013969323,0.00045235586,0.00021307585,0.0004230945,0.998676,3.0282175e-05
4094,2.5104379e-20,4.145664e-13,1.8055329e-13,4.8552204e-24,6.2382316e-10,1.0,4.2420837e-12
4095,0.013940631,0.064878315,0.02315608,0.00422944,0.34139755,0.5501058,0.002292138
4096,0.019859936,0.033138227,0.29580715,0.008908398,0.17107904,0.47096986,0.00023737407
4097,9.717368e-05,0.00010715754,0.011110422,4.2550935e-05,0.107369706,0.8811884,8.4594154e-05
4098,0.02412631,0.07626774,0.01625492,0.010213899,0.020224059,0.8505801,0.0023329752
4099,0.0011504625,0.0012424825,0.15555982,0.0009847498,0.13056178,0.7104487,5.2016854e-05
4100,0.012643753,0.6197981,0.07519618,0.046050634,0.0050534224,0.1906971,0.050560743
4101,0.07051099,0.04114793,0.29747647,0.015146342,0.36681184,0.2087527,0.00015373743
4102,1.1838203e-23,8.187332e-16,3.997058e-16,3.3581449e-28,5.379502e-12,1.0,2.2016267e-14
4103,1.2359916e-07,1.3790042e-06,1.883444e-05,3.12702e-08,0.00016449852,0.9997342,8.091447e-05
4104,1.33270505e-05,2.2181155e-05,0.0006891858,9.876395e-06,0.0057131858,0.9935464,5.9066283e-06
4105,0.00932352,0.06513198,0.102551065,0.010686991,0.07459304,0.73601717,0.0016961878
4106,7.700183e-08,5.167598e-06,8.910265e-06,7.247697e-08,6.239234e-05,0.9997633,0.00016008549
4107,9.308959e-06,4.989848e-05,0.00036085016,2.9264424e-05,0.00040279838,0.99885285,0.0002950482
4108,0.0012932761,0.0013706323,0.0005724807,0.0002941322,0.01908509,0.9772645,0.00011981712
4109,5.3166914e-06,3.3227643e-05,0.00016795608,6.9025205e-05,0.00014737966,0.99954396,3.3113512e-05
4110,0.00046758578,0.0019453362,0.0061771916,0.000137106,0.16940954,0.8209444,0.00091877725
4111,4.688714e-05,1.5874904e-05,0.0024489013,7.1147064e-05,0.0010857424,0.99630725,2.4165603e-05
4112,1.5751777e-05,1.8813937e-05,0.045272678,2.6409092e-05,0.02586727,0.9287663,3.266594e-05
4113,0.042216457,0.00063746405,0.01944978,0.0001689851,0.50403786,0.43347347,1.5980011e-05
4114,0.047607955,0.032353345,0.27502492,0.017124481,0.20305072,0.42415,0.00068854017
4115,0.20048954,0.27812126,0.32342303,0.057950016,0.017227592,0.119657345,0.0031311917
4116,2.9185542e-06,1.1822866e-06,2.0901403e-05,9.575658e-08,0.013263619,0.98668516,2.6039916e-05
4117,6.368898e-20,2.2616722e-12,1.9473671e-13,8.5296696e-23,1.5406611e-10,1.0,9.824524e-11
4118,0.00048072296,0.00015877307,0.006053528,2.074702e-05,0.052627116,0.9403244,0.000334687
4119,2.3218193e-28,2.5641668e-18,4.9429165e-19,1.1080169e-33,1.4643113e-13,1.0,7.848696e-17
4120,1.4269614e-06,4.4565486e-08,0.00021137187,3.739316e-07,0.00079180783,0.9989949,2.0492264e-07
4121,4.5804468e-11,1.4368408e-08,1.417758e-07,5.1395797e-12,2.3874616e-06,0.9999974,9.056292e-08
4122,1.2723899e-06,3.7568775e-06,0.00046757504,7.5104657e-07,0.04427688,0.95518994,5.978018e-05
4123,0.0008113048,0.007141971,0.008736576,0.0009906797,0.017826743,0.96395797,0.00053481327
4124,2.1247613e-05,8.277903e-05,0.000429557,1.2656713e-05,0.016361091,0.9829353,0.00015734982
4125,0.00087766675,0.0016265733,0.15467754,0.0005085192,0.31312332,0.5288346,0.000351852
4126,0.01093188,0.38854453,0.027827792,0.011118671,0.0056217303,0.3758891,0.18006626
4127,3.8926926e-05,0.0002535824,0.00077379245,7.0575814e-05,0.0011113787,0.9942105,0.003541273
4128,5.725972e-05,3.602358e-05,0.0042798305,4.3751916e-05,0.011028211,0.9845478,7.15755e-06
4129,9.33948e-06,8.881792e-06,0.00022012093,7.707853e-06,0.0015941676,0.9980933,6.641655e-05
4130,5.802483e-05,0.00020665501,0.0008033563,1.8843833e-05,0.039020002,0.9595735,0.00031956387
4131,0.0015861155,8.1918e-06,0.008194789,2.277114e-06,0.77051675,0.21968935,2.477228e-06
4132,0.11488585,0.22462358,0.12026522,0.03525982,0.11002904,0.39261788,0.002318584
4133,0.14369226,0.6891867,0.010848882,0.050311208,0.007649575,0.097115286,0.0011961155
4134,0.00025166568,0.0018020531,0.009837759,0.0056118015,0.0015411371,0.9795813,0.0013743095
4135,0.0012499677,0.012690423,0.005822816,0.0010911763,0.023284467,0.95472413,0.0011369776
4136,0.016304994,0.0023295993,0.023092704,0.00020012267,0.16332795,0.7938118,0.0009328427
4137,0.011985574,0.0037495235,0.058787756,0.0011742929,0.09347608,0.8296395,0.001187272
4138,2.5601431e-23,1.7857667e-14,5.9962675e-16,3.0945534e-28,5.8225036e-11,1.0,6.371168e-13
4139,2.1439013e-05,4.453342e-05,0.00059380045,3.753389e-05,0.00080018444,0.99837744,0.00012511044
4140,0.045721363,0.025472399,0.21500406,0.0048766565,0.15330505,0.5546713,0.00094915373
4141,2.05959e-05,8.619157e-05,0.00056811166,0.00011733516,0.00012673449,0.99901724,6.38026e-05
4142,3.3606468e-06,0.00022567609,0.0001521496,4.0375264e-05,3.3725373e-05,0.996705,0.0028397583
4143,0.057235282,0.054745913,0.07034391,0.010656555,0.4015726,0.40526277,0.00018291717
4144,3.604833e-05,0.0013106078,0.00039821706,0.00074530113,7.787954e-05,0.9952343,0.0021975986
4145,0.0007565652,2.437279e-05,0.0017008696,6.878153e-05,0.004028716,0.9934189,1.7258577e-06
4146,2.9877338e-05,2.7866272e-05,0.0018662234,1.9104797e-05,0.057199508,0.9406402,0.0002171974
4147,0.0,0.0,0.0,0.0,1.06e-43,1.0,0.0
4148,0.0024627463,0.0017961634,0.09963476,0.00015141787,0.18528248,0.7106363,3.6079946e-05
4149,8.526871e-08,3.2789885e-06,1.8201139e-05,2.3686892e-08,3.720412e-05,0.9999331,8.1018015e-06
4150,0.00025159054,0.007848608,0.023503419,0.0009962325,0.00518762,0.9611181,0.0010944906
4151,0.029707355,0.76406795,0.04743303,0.029636037,0.00063486234,0.10947324,0.019047622
4152,0.00010941895,0.0007347205,0.034120362,0.00020054949,0.01365767,0.95060134,0.0005758775
4153,4.6704276e-18,4.608233e-13,5.160506e-12,5.4201984e-22,3.1726008e-09,1.0,2.0277367e-12
4154,1.4081467e-36,6.8293207e-25,2.8837313e-24,0.0,1.7513286e-16,1.0,8.493948e-24
4155,0.057345297,0.0011521732,0.15127285,0.00044563223,0.5306187,0.25914547,1.982416e-05
4156,0.0023662956,0.0072792675,0.07364664,0.0066482034,0.017557938,0.8923181,0.00018349818
4157,3.8980157e-05,0.00021754764,0.0036194806,0.0031453476,6.680218e-05,0.99280614,0.00010577158
4158,1.09278235e-05,4.058683e-06,0.0044921627,2.3362757e-06,0.11715667,0.8783012,3.2662807e-05
4159,0.007875942,0.07965282,0.21000183,0.031511053,0.045886192,0.6038259,0.021246212
4160,1.491322e-13,1.4039634e-09,1.4110265e-09,4.192237e-16,1.195356e-07,0.9999999,2.0503548e-09
4161,0.00018264049,0.0003951091,0.002040764,0.00063767435,0.0009865658,0.9955842,0.00017312451
4162,9.0227995e-06,0.00010899534,0.00016015793,6.988256e-06,0.0006971595,0.9988154,0.00020226522
4163,7.1e-44,8.20816e-31,1.0759347e-28,0.0,4.1933508e-19,1.0,3.805098e-30
4164,0.0025701486,1.2455069e-05,0.002103599,2.1891613e-06,0.8403065,0.15500453,4.745228e-07
4165,0.06475843,0.09929014,0.10209389,0.039982863,0.030494342,0.6610244,0.002355954
4166,0.0007932632,0.0043061594,0.0056524663,0.0010052528,0.0057412772,0.981157,0.0013445126
4167,1.7449493e-06,5.3218882e-06,0.00035116094,1.3532418e-05,0.0003530279,0.9992623,1.2836304e-05
4168,0.00019838662,0.00017842055,0.064660184,0.00014611047,0.064191595,0.8705448,8.0555394e-05
4169,0.07143188,0.019390136,0.038073197,0.00303581,0.32329243,0.54447305,0.0003034943
4170,0.0034578436,0.07911272,0.08485613,0.009967216,0.015935564,0.80309653,0.0035740691
4171,0.0036423435,0.008597173,0.0009277954,0.0018869056,0.0070263837,0.97776616,0.00015335737
4172,0.040608663,0.14000887,0.4687141,0.032249458,0.02969654,0.28393373,0.004788659
4173,0.0017263289,0.0008043142,0.30479592,0.00055933563,0.18796821,0.5040975,4.8379145e-05
4174,0.003237407,0.0025342777,0.078949146,0.0015086307,0.058819547,0.854711,0.00023997172
4175,1e-45,4.1626051e-35,9.57193e-30,0.0,2.1071661e-19,1.0,2.8468481e-35
4176,0.020870224,0.0026043635,0.09904165,0.0011340184,0.8160975,0.060251657,6.2653265e-07
4177,5.253089e-17,1.8115434e-11,1.7931965e-11,2.0075988e-19,6.854432e-09,1.0,9.839625e-10
4178,0.009960463,0.3432673,0.19430156,0.050484404,0.0142467925,0.38604513,0.0016943517
4179,0.04856527,0.008220152,0.11087406,0.035656996,0.01207377,0.78450817,0.000101543235
4180,0.008373989,0.005505737,0.014411632,0.0020019992,0.1146712,0.8546904,0.00034505106
4181,0.01895523,0.09343963,0.08879598,0.007947196,0.012979636,0.77171355,0.006168782
4182,2.4841276e-19,1.677243e-14,3.957692e-13,1.1746794e-23,2.0626403e-09,1.0,8.0194945e-14
4183,0.00040380904,7.373e-05,0.08740772,4.2739746e-05,0.16569804,0.7463676,6.3962957e-06
4184,5.3308263e-06,3.6712142e-06,0.0057678036,7.1547456e-06,0.037797958,0.95641303,5.0837616e-06
4185,0.0001558508,0.0004897653,0.2042547,0.00016878074,0.24386257,0.54968596,0.0013823947
4186,0.014619154,0.15950172,0.14342053,0.021881307,0.011757199,0.6439103,0.004909822
4187,0.00928318,0.78652936,0.034744438,0.031152632,0.00023224398,0.12778768,0.010270376
4188,0.0020610366,4.2567808e-05,0.0069216182,6.7147844e-06,0.70627886,0.28468034,8.9171e-06
4189,0.6748977,0.08384969,0.11097219,0.029719664,0.08395599,0.016587967,1.6830832e-05
4190,0.0010809281,0.00018878609,0.009183098,0.0006094537,0.0023416507,0.98653865,5.746208e-05
4191,0.002164984,0.90029556,0.0070531024,0.013107732,4.430972e-05,0.06714372,0.010190677
4192,4.336149e-17,2.2773118e-12,2.4946297e-12,1.0623088e-21,1.1146127e-08,1.0,8.679849e-13
4193,0.00019860899,0.00025641298,0.0073770103,0.00014125615,0.081623554,0.9103135,8.964994e-05
4194,3.0221965e-05,4.3384538e-05,0.0005173609,4.9229802e-05,0.00071310205,0.99860746,3.9286122e-05
4195,0.15271628,0.46905303,0.093166776,0.036573656,0.08783251,0.15434736,0.0063103596
4196,7.5687403e-06,2.8111628e-05,0.00068337715,6.765286e-05,0.00030980425,0.9988248,7.872531e-05
4197,0.13606304,0.2474507,0.09964198,0.06112446,0.12480485,0.3282297,0.0026853196
4198,2.3678947e-19,1.4528666e-12,4.389196e-13,7.580457e-23,5.895468e-10,1.0,1.11197145e-11
4199,7.867061e-05,4.982899e-05,0.020772984,6.569214e-05,0.035899565,0.94310427,2.8982315e-05
4200,0.0016007174,0.017908081,0.24174976,0.0058566052,0.012933413,0.7197361,0.00021526957
4201,0.00014564377,0.00049150415,0.11948394,0.00013281431,0.23785359,0.6127925,0.029100101
4202,2.9695894e-32,7.1447205e-22,2.5286402e-21,1.0188e-40,2.1924496e-14,1.0,4.91409e-21
4203,1.4836749e-06,1.1553373e-06,3.6905076e-05,1.7542101e-06,7.372759e-05,0.9998832,1.7547991e-06
4204,0.00021896453,0.00038410674,0.0007918758,9.0398884e-05,0.022526782,0.97550994,0.00047795702
4205,0.02262867,0.043065183,0.061349854,0.010139539,0.046033565,0.8165185,0.00026463094
4206,0.001193482,8.205912e-05,0.0024312332,0.00023023819,0.0030568847,0.9930046,1.4827662e-06
4207,0.0016123878,0.0003097054,0.010419979,6.7914625e-05,0.22284402,0.76467055,7.5419935e-05
4208,0.0004188795,7.733727e-05,0.07724639,0.00012592226,0.18899626,0.7331251,1.0039661e-05
4209,2.3586856e-05,9.1791526e-07,0.0065246187,9.0614725e-07,0.13773216,0.8557161,1.6719421e-06
4210,0.005078018,0.0008461995,0.07077647,0.00042242685,0.1734275,0.74936926,8.008428e-05
4211,0.025314422,0.027478008,0.21005492,0.009006933,0.23686029,0.4905649,0.0007204915
4212,0.0012885301,0.00027853373,0.0020039908,0.00022187865,0.00680233,0.9893755,2.919622e-05
4213,0.00168018,0.00022913927,0.07803268,0.0005673582,0.085584156,0.8338876,1.8927783e-05
4214,0.0,1.6083222e-33,9.111218e-31,0.0,7.498072e-20,1.0,8.083794e-33
4215,9.358301e-29,6.159611e-20,5.900706e-19,4.4889492e-35,8.51581e-14,1.0,1.3672009e-18
4216,0.00075778726,0.0011941763,0.47457877,0.0004037279,0.32215214,0.20090424,9.156598e-06
4217,0.1744775,0.35533977,0.20617369,0.062316623,0.020577945,0.18004002,0.0010744681
4218,0.0,0.0,0.0,0.0,8.61143e-32,1.0,0.0
4219,0.4170396,0.048328463,0.1305289,0.024294822,0.28964448,0.09013699,2.6807566e-05
4220,0.009195485,0.0051672794,0.033247363,0.00039721216,0.07503011,0.87611663,0.0008459911
4221,0.006415893,0.0052059335,0.09679223,0.003682644,0.16642348,0.7213961,8.371701e-05
4222,6.790973e-06,3.5821922e-05,0.00013832547,7.023498e-05,0.00015427085,0.9995722,2.2326793e-05
4223,0.07075558,0.06682953,0.2659048,0.00830113,0.11384297,0.45362678,0.02073919
4224,0.0042755827,0.019601068,0.026283542,0.0063911127,0.07048031,0.87099195,0.0019764674
4225,0.0377443,0.10448021,0.19022806,0.02503204,0.12478339,0.5161753,0.0015567372
4226,6.414773e-07,2.6830672e-05,4.603217e-05,2.089713e-06,3.6214275e-05,0.9996032,0.0002849492
4227,0.028978718,0.0008951844,0.11121751,0.000622398,0.7241475,0.13413571,2.9918824e-06
4228,0.28351593,0.21607228,0.23231502,0.05077262,0.07250461,0.1444529,0.00036664272
4229,6.6000857e-06,0.00073407864,0.002083749,5.394475e-05,0.004338712,0.99268615,9.683145e-05
4230,1.694806e-05,0.00067074783,0.006827053,0.00013763264,0.00033089108,0.9919058,0.00011087035
4231,0.21312922,0.1921892,0.35726506,0.07503638,0.001917257,0.15327285,0.007189968
4232,0.0072246217,0.02523899,0.13221651,0.004138311,0.08384679,0.7470524,0.00028235785
4233,0.00041680908,0.0018475985,0.009858662,0.0022625607,0.0031626641,0.98133415,0.0011174747
4234,9.1712344e-08,5.751373e-05,6.656279e-05,4.2584625e-07,4.445487e-05,0.9992888,0.0005420845
4235,1.2183389e-06,4.7084795e-05,0.0001547548,3.6323968e-06,0.000113379225,0.99864453,0.0010353329
4236,5.441294e-05,1.498172e-05,0.000803336,0.00010679211,0.00036240317,0.9986553,2.7578644e-06
4237,3.5937508e-25,8.122437e-17,9.6097866e-17,2.1340923e-30,3.677988e-12,1.0,1.1312179e-15
4238,0.039635234,0.006456107,0.14175965,0.0028931652,0.47564504,0.33357176,3.90229e-05
4239,0.0025839952,0.00034338725,0.0758554,0.00037229675,0.07590638,0.84492517,1.3478739e-05
4240,1.4632774e-05,3.7968108e-05,0.0013308722,2.9165984e-05,0.0013992372,0.99691796,0.00027026876
4241,0.118726015,0.642099,0.067082696,0.070716254,0.013391811,0.07125084,0.016733333
4242,0.0010648493,0.00031131718,0.040683728,0.00021076128,0.22381492,0.7336748,0.00023954279
4243,4.706325e-10,8.625594e-08,4.1889416e-07,1.27473865e-11,8.355781e-06,0.9999908,3.0443476e-07
4244,0.0013511861,0.0012712425,0.089201614,0.00080910773,0.052076485,0.8550492,0.00024115042
4245,0.013396696,0.0018743076,0.02704282,0.0001044114,0.17876586,0.7785155,0.0003004112
4246,6.179986e-22,9.0163746e-17,2.652004e-14,2.2314252e-27,1.9620147e-10,1.0,2.489624e-16
4247,0.013194776,0.000482875,0.008551414,8.522673e-05,0.7038489,0.27383372,3.104878e-06
4248,0.0010120397,0.004688364,0.14589426,0.0018087581,0.03143053,0.815047,0.00011911681
4249,0.0002890097,0.00013122873,0.018420612,4.6198835e-05,0.045717575,0.9352398,0.00015564905
4250,0.00029460958,2.1941067e-05,0.0020689685,4.6981822e-06,0.07923012,0.9183121,6.764682e-05
4251,0.0018000382,0.0039014334,0.018019099,0.0007472451,0.018783016,0.95593935,0.00080977427
4252,0.0055821184,0.000542392,0.077629544,0.00019991057,0.3450203,0.57096136,6.433618e-05
4253,2.7543812e-05,0.0002967048,0.0005138832,1.0314352e-05,0.0008012356,0.998329,2.1295333e-05
4254,0.01833723,0.042627037,0.3457291,0.01783536,0.09597391,0.47748476,0.002012631
4255,0.0013791914,0.0021656132,0.032672264,0.00028844978,0.112742744,0.85052747,0.00022426112
4256,0.0063672555,0.0013930681,0.081720725,0.00061248516,0.38986757,0.5200016,3.7275706e-05
4257,1.4498777e-07,2.6611715e-07,2.2387401e-05,4.062472e-07,3.3539556e-05,0.99994075,2.6158286e-06
4258,0.35682526,0.11336554,0.12012171,0.012780164,0.35977587,0.037100766,3.0673695e-05
4259,1e-45,1.10792e-39,2.713735e-29,0.0,3.087883e-18,1.0,1.715e-42
4260,0.0011248274,4.3032607e-05,0.07217742,3.2237156e-05,0.5977165,0.32890308,2.9382863e-06
4261,0.018865783,0.0013471711,0.020931436,0.00015653866,0.63259596,0.32608974,1.3323959e-05
4262,0.00010101628,4.4739605e-05,0.0018750897,3.3972694e-05,0.05333961,0.94459915,6.4359406e-06
4263,0.16889775,0.4224747,0.06530562,0.07538524,0.049816217,0.21742469,0.0006957546
4264,1.39641925e-05,2.8308506e-05,0.0014340371,0.00011828961,0.0007796412,0.99759775,2.796622e-05
4265,1.0221515e-05,2.5236636e-07,0.00063598796,1.7593395e-07,0.022966309,0.9763812,5.8502296e-06
4266,2.8727522e-06,1.6152908e-05,0.0038589004,7.1288223e-06,0.057116065,0.9387231,0.00027582448
4267,0.00010435996,3.181306e-07,0.0018208392,2.4899754e-07,0.2840247,0.7140486,8.8976526e-07
4268,0.025102822,0.07904419,0.20494352,0.0344163,0.07347245,0.5823165,0.00070422806
4269,4.8202896e-15,6.6406264e-10,4.6928506e-10,8.796329e-17,2.7729731e-08,1.0,2.2898213e-08
4270,4.4022393e-11,1.4495106e-07,1.5958855e-07,1.8663699e-11,6.005431e-07,0.9999927,6.411164e-06
4271,1.4267844e-05,3.8974198e-05,0.0005391095,1.9927062e-05,0.0010959837,0.99792504,0.00036652642
4272,0.05595222,0.031868085,0.1004861,0.036701247,0.014041534,0.7595965,0.0013543977
4273,2.208864e-19,1.05266985e-13,3.931884e-13,8.324451e-24,2.259494e-09,1.0,5.169853e-13
4274,6.784616e-06,6.7251444e-06,0.0075432635,6.9407934e-06,0.18615712,0.80549234,0.0007868927
4275,0.37860745,0.28212222,0.048882138,0.08330157,0.060637332,0.14595509,0.00049415213
4276,4.664075e-05,0.0034504007,0.0051232125,0.00018474397,0.0036704934,0.97967476,0.007849754
4277,0.035191774,0.0033980585,0.42246836,0.006644769,0.14055973,0.3917136,2.3669661e-05
4278,0.011719711,0.1552774,0.1289956,0.01644393,0.025756018,0.6523636,0.009443691
4279,0.079378985,0.0065720114,0.3072758,0.0037670017,0.23506613,0.36790115,3.8948107e-05
4280,0.5884408,0.1207294,0.101494126,0.067255914,0.056108713,0.06586829,0.0001028024
4281,1.841093e-06,4.5508427e-06,0.000574563,5.2908126e-06,0.0013599386,0.9980406,1.3267707e-05
4282,0.11958112,0.23332186,0.27937892,0.020253235,0.18924914,0.15816054,5.5116547e-05
4283,6.428865e-05,4.1749485e-05,0.00037349178,7.183136e-05,0.00034174672,0.99907047,3.6440953e-05
4284,0.0005886397,9.27714e-06,0.0011969723,9.0725525e-06,0.033130202,0.9650644,1.3469734e-06
4285,9.262387e-05,6.813044e-06,0.0084553845,4.6405708e-06,0.12784073,0.86358666,1.3176583e-05
4286,4.0621344e-05,5.680591e-06,0.006406397,1.2876441e-05,0.103262216,0.89026505,7.0949245e-06
4287,0.0,3.24741e-40,1.3045146e-30,0.0,4.573454e-20,1.0,1.5554e-41
4288,4.5089847e-32,5.6127895e-23,3.2329221e-21,5.714e-41,1.86324e-14,1.0,3.8114458e-23
4289,7.976562e-30,6.823495e-23,7.997931e-20,5.35864e-39,6.7324656e-13,1.0,8.608509e-24
4290,1.9965971e-07,4.3170585e-06,0.0001822574,4.2356248e-07,0.0011893394,0.9985663,5.714657e-05
4291,0.37892538,0.44821572,0.067745134,0.058625445,0.0097815385,0.035737377,0.00096937595
4292,0.00039154926,0.0017889943,0.0011817901,0.0009859566,0.0045456495,0.99063194,0.00047415044
4293,0.0546136,0.6091989,0.12799367,0.053377014,0.002708971,0.14542922,0.0066786506
4294,0.0009837903,0.0019875772,0.011594601,0.0023280086,0.007117143,0.97574675,0.00024223265
4295,7.812435e-05,0.0015759302,0.0014127222,0.000949512,0.00028300635,0.9901978,0.0055028615
4296,0.026103558,0.0132387625,0.12507033,0.037485357,0.006999406,0.7902506,0.00085195346
4297,1.6254722e-29,2.92637e-19,1.4057813e-19,1.6367668e-35,3.0595142e-14,1.0,1.7020163e-17
4298,0.17698988,0.034090772,0.1584506,0.011714508,0.41113153,0.20755166,7.0956106e-05
4299,0.00015700138,0.00024526112,0.055860106,0.00033285568,0.006804368,0.9365296,7.0887385e-05
4300,3.4944016e-05,5.694689e-05,0.0030406248,1.44859005e-05,0.06202768,0.9347866,3.868986e-05
4301,0.12709573,0.010645458,0.09875423,0.0050908155,0.4514654,0.30690923,3.911253e-05
4302,0.00084844214,7.216408e-05,0.09243679,0.00068739685,0.010185959,0.8957598,9.420678e-06
4303,0.005298544,0.00078496983,0.16251917,0.0008575484,0.2682956,0.56222534,1.8850158e-05
4304,0.22505432,0.050512176,0.44994628,0.040880144,0.07533634,0.15817128,9.946924e-05
4305,0.0001484594,0.00011968234,0.0032752615,3.2142718e-05,0.0060842577,0.9897105,0.00062984467
4306,8.46378e-06,3.563031e-05,0.0006084608,6.565866e-05,8.465246e-05,0.9991684,2.8750563e-05
4307,0.00029781493,0.00025190762,0.040360305,0.0001778777,0.15160295,0.8072411,6.809096e-05
4308,1.8501888e-09,1.8164417e-06,7.4109255e-07,1.8795976e-09,1.5987355e-06,0.99998534,1.0531889e-05
4309,8.305579e-16,1.7420769e-12,1.0271944e-10,6.0458005e-19,7.224704e-08,0.9999999,8.197619e-11
4310,0.0057282313,0.019076932,0.4207288,0.004494175,0.06972621,0.47991428,0.00033139798
4311,5.8018e-05,3.562943e-05,0.0052950745,3.2474487e-05,0.080391526,0.9141608,2.651848e-05
4312,1.1073076e-07,1.8072536e-05,8.691183e-06,4.922409e-08,1.6502392e-05,0.99985373,0.00010281489
4313,0.0,0.0,0.0,0.0,8.05136e-40,1.0,0.0
4314,0.25014845,0.23291384,0.278782,0.05239819,0.006959279,0.17585039,0.0029478122
4315,1.9220376e-13,2.582702e-09,4.4948334e-09,1.9202987e-15,2.9234968e-07,0.99999964,6.718264e-09
4316,0.00011609797,1.3083748e-05,0.03219899,0.0001346516,0.006770588,0.9607271,3.9432216e-05
4317,0.0051100836,0.043177307,0.007662385,0.004632444,0.012087329,0.9231449,0.0041855536
4318,0.00017159134,0.00013974338,0.01794669,1.7912382e-05,0.31915474,0.6618231,0.00074615993
4319,1.9011264e-05,2.0706211e-06,0.0017754813,2.238544e-06,0.032984894,0.96521395,2.4034862e-06
4320,0.008751944,0.0039844895,0.094051324,0.00061200524,0.10617302,0.7853123,0.0011149016
4321,0.0,0.0,0.0,0.0,1.1090547e-30,1.0,0.0
4322,6.0100116e-05,0.0001843863,0.0003638355,2.274292e-05,0.0037162188,0.9954716,0.00018105256
4323,6.884304e-05,6.104655e-05,0.007598409,0.0003855213,0.0021624672,0.98963016,9.359599e-05
4324,5.017516e-06,4.4060803e-06,0.0004102585,1.1979846e-05,0.00052259763,0.99904114,4.5637103e-06
4325,0.031449996,0.34066686,0.14949399,0.12289527,0.009708643,0.34007123,0.005714042
4326,0.03428189,0.11296524,0.13574333,0.021046743,0.31328678,0.38166356,0.0010124039
4327,0.0011105168,0.002656933,0.006842091,0.0002631119,0.1111615,0.8773672,0.00059863663
4328,7.840067e-20,1.4565263e-12,2.4415813e-13,5.929573e-24,1.046119e-09,1.0,6.655087e-12
4329,0.020871883,0.800093,0.022043629,0.027551686,0.00055796927,0.09449378,0.034388036
4330,0.043565027,0.22854957,0.092922725,0.09066113,0.0006796247,0.5282456,0.015376325
4331,6.0276057e-06,4.2740598e-05,0.0003097161,3.4418526e-06,0.00036101387,0.99926263,1.4409862e-05
4332,9.680995e-07,9.4172356e-07,2.8460963e-05,1.2498247e-06,0.00014768277,0.9998141,6.689628e-06
4333,0.033774015,0.097851366,0.10084984,0.0074770777,0.5788621,0.16925366,0.011931961
4334,3.627463e-20,2.0645793e-14,2.4265068e-13,5.426003e-25,6.405014e-10,1.0,2.6941165e-14
4335,0.0028575473,0.036017142,0.03097373,0.002484287,0.023719411,0.8978352,0.006112607
4336,0.0060111424,0.006766138,0.03214233,0.0048623737,0.16294067,0.7870997,0.00017761429
4337,5.687581e-06,0.0001176882,0.0006402225,1.8010534e-05,0.007965654,0.99086493,0.00038789303
4338,0.00013368505,0.005772623,0.0030285448,0.0019863748,0.009453523,0.9747376,0.0048876605
4339,0.029817661,0.0021334004,0.13489372,0.0013092646,0.63799363,0.19384307,9.311943e-06
4340,6.9250067e-10,6.7306354e-07,8.2984104e-07,1.0643893e-10,4.070109e-06,0.9999901,4.325524e-06
4341,0.0002886386,2.6808608e-05,0.009645012,1.4529482e-05,0.10321522,0.88674307,6.677445e-05
4342,0.14617002,0.3582085,0.073101155,0.020578092,0.030798273,0.36265337,0.008490631
4343,0.009678573,0.23626725,0.041461416,0.026107838,0.00507845,0.6751777,0.0062288046
4344,0.00032491976,0.0037113724,0.006673676,0.0046626595,8.620048e-05,0.982874,0.0016671919
4345,7.158019e-26,1.6624876e-17,1.5152548e-17,1.7196575e-31,1.845645e-12,1.0,1.7481714e-16
4346,0.0036063835,0.0018685462,0.030608336,0.00065076706,0.27924204,0.6839616,6.243269e-05
4347,2.4628736e-05,9.093056e-06,0.0040409677,5.1214218e-05,0.0024086954,0.9934283,3.7086596e-05
4348,9.148891e-05,1.7669895e-06,0.0102719935,2.2665413e-06,0.5917552,0.3978764,9.069179e-07
4349,3.9163338e-06,1.2037508e-05,0.00014382748,1.5343572e-05,0.00013174984,0.9996711,2.1994967e-05
4350,0.14213277,0.2646331,0.42323273,0.058318887,0.016025282,0.09339071,0.0022665292
4351,0.00031937347,5.615741e-05,0.008133596,1.6730342e-05,0.11759822,0.8737696,0.000106388296
4352,4.458708e-05,6.0079806e-06,0.0011139645,4.5004414e-05,0.0010994849,0.99768615,4.7598433e-06
4353,2.14195e-40,5.3557247e-29,1.0238375e-26,0.0,7.372546e-18,1.0,1.0230204e-28
4354,0.0018420323,0.009124729,0.0156203685,0.005074113,0.0015142314,0.9655799,0.0012446074
4355,0.0,0.0,1.22e-43,0.0,1.0333836e-27,1.0,0.0
4356,2.6305435e-05,7.540641e-05,0.01022731,0.0005113065,0.00042230624,0.98859507,0.00014226946
4357,0.0054298765,0.0040199775,0.4280252,0.0011979737,0.27318028,0.28808972,5.7028265e-05
4358,0.000115897245,1.25244605e-05,0.0066063604,7.575251e-06,0.027631434,0.9655895,3.662682e-05
4359,7.198364e-11,1.5866952e-09,3.6479116e-07,1.054004e-12,5.8143087e-06,0.9999938,1.1051868e-09
4360,0.00016185263,5.962147e-05,0.009797093,2.7934615e-05,0.033674154,0.9561838,9.562895e-05
4361,0.03958966,0.012781228,0.040961035,0.004535117,0.4586067,0.44342485,0.00010134473
4362,4.5671147e-11,5.1068525e-08,1.8582472e-07,2.2385331e-12,2.6966356e-06,0.9999969,1.7786816e-07
4363,0.017632723,8.039625e-05,0.07277406,7.270757e-05,0.51325786,0.39617574,6.451661e-06
4364,0.00010387913,1.3574174e-05,0.0556209,3.1154854e-05,0.19380255,0.7504258,2.17354e-06
4365,2.8151573e-05,2.67593e-05,0.0002996792,4.9537437e-05,0.00041493803,0.9991142,6.666328e-05
4366,1.9418634e-20,3.4828585e-13,1.2365216e-13,1.6336203e-23,7.361402e-11,1.0,8.737908e-12
4367,0.0009700574,0.0004335838,0.05995374,0.00057799404,0.11809021,0.81995445,1.9917044e-05
4368,2.2342883e-05,0.00012714023,0.0026840908,1.7564982e-05,0.14938775,0.8474295,0.00033160264
4369,0.00034242813,8.850908e-05,0.068018906,0.00012728083,0.03717647,0.8940938,0.0001526828
4370,0.0007009648,0.00013313974,0.0062925983,2.5577705e-05,0.08188474,0.91086304,9.990058e-05
4371,0.13238026,0.6168011,0.05326156,0.095389575,0.02930948,0.06932031,0.0035376765
4372,0.00038773104,0.0043966346,0.049382925,0.001939554,0.04134647,0.8698499,0.03269679
4373,0.009282155,0.0027128304,0.07728975,0.0038961046,0.026343504,0.8803514,0.00012415678
4374,0.00019250353,0.00047235526,0.003174333,0.00033078474,0.004454335,0.99080336,0.0005723001
4375,0.004455348,0.006459718,0.059732802,0.0004873018,0.14531592,0.7812694,0.0022795547
4376,0.013403677,0.0009948758,0.07987735,0.0004868812,0.2782263,0.62694144,6.948137e-05
4377,0.011226406,0.010763867,0.20226797,0.0064346204,0.09212867,0.6768414,0.00033703778
4378,0.00047086977,0.0032841486,0.06893282,0.002193676,0.014139719,0.9107098,0.00026890312
4379,0.00051779824,0.000112164125,0.028760351,5.8538302e-05,0.19721703,0.7732866,4.7553327e-05
4380,0.011527713,0.01810474,0.7070512,0.008081335,0.10947684,0.1456473,0.00011086134
4381,0.10985943,0.0013711774,0.0899658,0.00029707403,0.5994737,0.19896702,6.579166e-05
4382,5.6824156e-24,3.7085267e-15,5.906908e-16,1.0669843e-27,5.1194487e-12,1.0,3.9798186e-13
4383,0.07814172,0.11242581,0.18754104,0.059740543,0.15088436,0.41001546,0.0012510698
4384,0.0026773836,0.0015113583,0.005383182,0.00014927749,0.019322984,0.97058296,0.0003728695
4385,1.5315328e-06,1.1338095e-06,0.000101081125,3.9160823e-06,0.00010006874,0.99979085,1.4080765e-06
4386,7.776086e-05,3.487096e-05,0.0038053002,1.2199555e-05,0.01690872,0.9789994,0.00016172911
4387,5.4913104e-15,7.117235e-10,4.5888388e-10,1.1381689e-16,2.978452e-08,1.0,2.814579e-08
4388,3e-45,8.456209e-34,1.2148894e-29,0.0,6.35119e-19,1.0,4.3218106e-34
4389,7.197343e-06,1.2834029e-05,7.834089e-05,5.503891e-05,6.147458e-05,0.9997789,6.1894743e-06
4390,4.2901516e-05,0.00040598528,0.00058830343,0.0004090735,8.045776e-05,0.9981754,0.00029787677
4391,5.347984e-30,7.752597e-21,8.074694e-20,6.8597232e-37,4.6156377e-14,1.0,1.8320232e-19
4392,0.0005885412,0.0068028606,0.007861572,0.0015172092,0.01764711,0.95970446,0.00587819
4393,2.7537808e-28,1.3134407e-18,1.1174743e-18,5.487928e-34,2.407936e-13,1.0,6.582569e-17
4394,0.0003109259,5.2078503e-05,0.00026777736,2.8853752e-05,0.005528974,0.9938065,4.7819485e-06
4395,8.527297e-06,0.021991335,0.00087772706,0.0002679621,0.0030016259,0.3015362,0.6723166
4396,3.151916e-12,1.3255175e-09,1.984498e-08,7.261652e-15,8.859669e-06,0.99999106,2.4275932e-08
4397,0.00040497878,0.0009659128,0.04226027,0.00032956648,0.04727107,0.908694,7.4211e-05
4398,7.7824756e-05,4.2532345e-05,0.0012708124,6.5975226e-05,0.0007391715,0.997787,1.6549064e-05
4399,0.009474544,0.072424285,0.10454218,0.006516608,0.2708819,0.46066672,0.07549381
4400,5.941942e-22,5.544303e-18,2.753522e-14,1.7016764e-27,1.6939354e-10,1.0,3.5934206e-18
4401,0.002013996,0.001122551,0.011328825,0.0016128033,0.005495611,0.97827864,0.00014748717
4402,1.4674449e-05,1.001609e-05,0.0006712951,8.017129e-06,0.0037821585,0.99550444,9.466788e-06
4403,8.278515e-05,4.396376e-05,0.001502585,8.349513e-06,0.059053816,0.93928725,2.1177126e-05
4404,0.0008027978,0.009429493,0.02891301,0.0018390617,0.012749243,0.94452393,0.0017425526
4405,6.551691e-05,0.0003972629,0.0021816874,4.8744228e-06,0.4722392,0.30446514,0.22064632
4406,0.02433901,0.0012938251,0.048619825,0.0005456738,0.36435202,0.5607109,0.00013877699
4407,0.00017947046,0.00012380988,0.004253502,0.00014987456,0.007893938,0.98733205,6.736352e-05
4408,1.1402505e-05,9.907509e-06,0.0004131784,9.759248e-06,0.0019456926,0.99758935,2.0725767e-05
4409,4.037113e-05,1.030018e-05,0.007013655,3.5573157e-06,0.18189119,0.81099766,4.3227636e-05
4410,0.0034403238,0.00013050309,0.0024208783,8.539535e-06,0.13927768,0.85470194,2.0120426e-05
4411,0.00021762599,0.0002362481,0.08810836,0.00016314098,0.08732195,0.8239295,2.3223334e-05
4412,5.0553244e-05,0.00027927407,0.0018515643,0.0007045021,7.905704e-05,0.9968485,0.0001865636
4413,8.910383e-16,2.5889751e-10,6.7359666e-11,1.9349882e-18,4.657721e-08,1.0,1.9670778e-09
4414,0.04628701,0.044645067,0.48386556,0.054531675,0.046286084,0.32397696,0.0004077153
4415,6.606503e-05,0.0004623714,0.005483993,0.00016508503,0.0019711456,0.99155325,0.0002980405
4416,0.0019471997,0.8133343,9.9806915e-05,0.011226464,0.00012947533,0.16736473,0.0058979546
4417,4.057653e-05,2.3132645e-05,0.007707188,0.00021326599,0.0001349258,0.9918548,2.6084073e-05
4418,0.0028576723,0.001064495,0.01649422,0.000518622,0.14351396,0.8355218,2.9285804e-05
4419,2.4068238e-06,2.3049276e-06,9.981399e-05,1.3168888e-06,0.00064471556,0.99922097,2.8566248e-05
4420,9.521795e-05,0.00014771953,0.002283806,0.00057062623,0.00030965486,0.99655473,3.8367434e-05
4421,0.020830974,0.0024544476,0.12992354,0.002455434,0.34705698,0.49725038,2.822492e-05
4422,0.0049901768,0.06481379,0.017530613,0.0045043663,0.08861249,0.7793376,0.040210914
4423,0.30399022,0.0012162734,0.083507314,0.0007228924,0.49528286,0.115273625,6.752095e-06
4424,0.00028924673,0.0002802727,0.010055683,6.2607105e-05,0.082018845,0.90711033,0.00018295931
4425,0.045726474,0.52772313,0.016795164,0.08068017,0.035418216,0.28579223,0.007864682
4426,0.27650315,0.028441837,0.09842703,0.1264365,0.014157056,0.4559882,4.6155637e-05
4427,0.5835498,0.25122845,0.06122743,0.0527746,0.019829523,0.031192407,0.00019777092
4428,0.0001461787,0.10377815,0.0025258155,0.002592092,0.0040907827,0.31827006,0.5685969
4429,0.0021751171,0.1086163,0.049304325,0.007819844,0.01357373,0.8067873,0.011723392
4430,0.010468825,0.0708062,0.08922065,0.008466988,0.04468908,0.7730388,0.0033095437
4431,0.0022989945,0.00090342766,0.035844963,0.00017082419,0.15820453,0.79582286,0.006754402
4432,1.6731311e-09,9.926049e-06,9.075683e-07,4.193936e-10,3.7708047e-05,0.99988127,7.015506e-05
4433,9.497613e-05,3.135423e-05,0.001147034,0.00011695105,0.0006567684,0.9979448,8.0916625e-06
4434,1.0782097e-06,5.970634e-07,8.691042e-05,2.4120425e-06,0.00057083275,0.9993374,7.490195e-07
4435,0.008573439,0.0065802145,0.092930235,0.0010223882,0.070962355,0.81936306,0.00056829304
4436,3.1133783e-29,3.4324483e-20,1.3958847e-19,3.1750996e-36,6.5091785e-14,1.0,2.478751e-19
4437,0.23048973,0.54978496,0.08750339,0.080196634,0.00381365,0.045654394,0.002557225
4438,0.0,0.0,0.0,0.0,1.5223556e-35,1.0,0.0
4439,0.00013873402,5.3815493e-06,0.015531323,1.6397122e-06,0.3311949,0.653122,5.927195e-06
4440,0.0009969607,0.0007306529,0.014286572,0.00023787019,0.039561555,0.94348997,0.00069642765
4441,0.033937752,0.24609491,0.18803136,0.059573404,0.061964676,0.39730337,0.013094545
4442,2.680181e-05,3.4381874e-06,0.0021490671,1.3170496e-05,0.002204185,0.99558496,1.8385565e-05
4443,0.0023413233,0.004773776,0.020504145,0.00066789775,0.12085669,0.8507182,0.00013802909
4444,0.015504994,0.025162108,0.009985748,0.00083906064,0.4164169,0.5297348,0.0023564443
4445,0.14270552,0.015813263,0.17671704,0.003932713,0.3943917,0.26640657,3.320379e-05
4446,0.2864941,0.6265427,0.011506927,0.008716545,0.042417794,0.01935958,0.0049624755
4447,3.510179e-05,2.9048722e-05,3.371125e-05,7.143287e-06,0.0029629613,0.99685115,8.097998e-05
4448,0.003303151,0.00013308367,0.08814753,5.3470492e-05,0.59703064,0.31132692,5.1531765e-06
4449,0.0007678021,0.00014973899,0.056100372,0.00015048397,0.17162244,0.77116907,4.011274e-05
4450,0.0009253136,0.0016317437,0.009761229,0.0004723998,0.006131189,0.98052216,0.0005561062
4451,1.1472337e-05,4.152993e-06,0.00029470344,1.22033225e-05,0.00044940982,0.99922633,1.7555456e-06
4452,9.773945e-05,3.110757e-06,0.00403231,3.8765425e-06,0.21966399,0.77619565,3.2623843e-06
4453,0.05771757,0.61549807,0.09528432,0.07245204,0.008133183,0.14631842,0.004596375
4454,0.0009930055,0.0057232557,0.08309059,0.00072365423,0.14106558,0.767227,0.0011769375
4455,1.4016292e-05,0.00017625018,0.001436137,3.970607e-05,0.017502991,0.9805927,0.0002380479
4456,5.638459e-06,3.2109265e-06,4.1547344e-05,1.6955947e-06,0.0004923393,0.9994504,5.155817e-06
4457,0.2661534,0.49479735,0.11519029,0.05834715,0.0076215854,0.05478819,0.00310199
4458,7.891015e-05,3.2608084e-06,0.012168676,7.5079316e-07,0.779642,0.20809798,8.437382e-06
4459,1.6008284e-20,6.4711664e-13,4.9191062e-14,3.9669653e-24,1.9016279e-10,1.0,7.1410785e-12
4460,0.18285908,0.09616361,0.17502058,0.05800756,0.1266879,0.36055478,0.0007065028
4461,0.00085185905,6.1587125e-05,0.021595232,2.8607232e-05,0.27803904,0.6991546,0.00026912414
4462,0.116081566,0.123219065,0.4664205,0.076037005,0.0027224843,0.20990728,0.0056121447
4463,0.0052268934,0.001311625,0.31049716,0.0008527941,0.3743395,0.30776098,1.105288e-05
4464,4.113768e-33,5.106391e-23,1.4566689e-22,1.1041e-41,1.3360216e-14,1.0,5.1780103e-22
4465,0.0005693685,0.0004320518,0.21558532,0.0010139551,0.22511402,0.5572535,3.1782423e-05
4466,0.00028669887,0.0001648472,0.017067747,0.00018561349,0.006169596,0.9756801,0.0004454297
4467,0.0035121895,0.00038436,0.0298944,0.0020576133,0.009977031,0.95416504,9.309384e-06
4468,0.0003639014,0.009696771,0.018031623,0.00048736972,0.07983238,0.88701373,0.004574188
4469,0.0025394962,0.005557256,0.009419015,0.00089089497,0.25226286,0.7247683,0.0045622326
4470,0.053392425,0.16790566,0.12121452,0.02069922,0.21224518,0.4195937,0.0049493387
4471,0.0029913425,0.0016425935,0.0025246663,0.0007384907,0.01338695,0.97830725,0.00040873582
4472,1.4432676e-06,2.188767e-06,7.642961e-05,4.606549e-06,7.6272765e-05,0.9998349,4.0885775e-06
4473,0.0024665412,0.0009945277,0.014147416,0.000104502345,0.16571322,0.81611913,0.00045470396
4474,2.4030363e-35,1.0946209e-23,8.0987395e-24,2.4e-44,2.8019585e-16,1.0,2.6029224e-22
4475,0.019309761,0.018000273,0.012950687,0.010524827,0.032886855,0.90598524,0.00034241937
4476,0.66617584,0.09284834,0.049840637,0.023181865,0.12035515,0.0475556,4.2603868e-05
4477,5.7328187e-05,7.308472e-06,0.0015718277,1.9488261e-06,0.09577734,0.90257704,7.183776e-06
4478,0.00043888227,0.011718046,0.008552319,0.00092958123,0.019911135,0.95012766,0.008322294
4479,0.0055692554,0.0025580477,0.04604587,0.0006824834,0.053257175,0.8911442,0.0007429428
4480,1.411652e-38,3.0322443e-29,3.0549255e-25,0.0,7.292639e-16,1.0,8.473433e-31
4481,0.0034722907,0.00049313705,0.010490461,0.00014465945,0.2217417,0.76359993,5.7835456e-05
4482,0.0003473375,0.0029048107,0.006044808,0.00031367215,0.015726209,0.9739785,0.0006846752
4483,0.00035892878,0.03192951,0.011506081,0.00070300046,0.022873607,0.25027186,0.68235695
4484,0.0021174168,0.0013701477,0.0034393268,0.0011384235,0.010884322,0.981011,3.935115e-05
4485,0.002137246,0.00026636332,0.04733325,0.00018746576,0.3020899,0.6479528,3.299177e-05
4486,1.4341041e-06,1.4318718e-07,0.00018777362,3.673169e-08,0.09044334,0.90936416,3.204312e-06
4487,0.0002741402,0.0002098451,0.013233579,0.00088651164,0.0016582069,0.9834831,0.00025464813
4488,1.09378125e-05,3.8184703e-06,0.0001084558,1.4114154e-07,0.0035657324,0.9963063,4.62407e-06
4489,0.0006057506,0.00047330293,0.078988954,0.00023795264,0.24014597,0.6794934,5.458862e-05
4490,0.008747705,0.0024243512,0.055484194,0.0015551973,0.054979037,0.87327355,0.0035360442
4491,2.3328731e-20,2.1783037e-13,4.3431747e-14,2.2920356e-24,2.7207422e-10,1.0,2.0085403e-12
4492,0.0,1.6568984e-38,1.7421507e-34,0.0,1.3056101e-22,1.0,8.10814e-38
4493,5.388031e-25,1.9923748e-15,6.9461896e-17,3.2650801e-31,6.924807e-11,1.0,2.2391985e-15
4494,7.4368094e-05,3.9550832e-05,0.024319883,4.4178694e-05,0.02177394,0.9536821,6.5845015e-05
4495,3.2878634e-06,1.08279355e-05,0.00017626463,4.5134934e-06,0.0008866106,0.9987953,0.00012320625
4496,0.005862636,0.00058024103,0.10322165,0.00025132165,0.6938476,0.19623446,2.0364646e-06
4497,0.19123524,0.37351108,0.06546744,0.17138322,0.006774502,0.18612055,0.005507983
4498,9.3718314e-05,0.0002714083,0.0018928001,0.00076156674,0.00037934893,0.99648064,0.00012057921
4499,0.001234374,0.003741744,0.075970836,0.0010289571,0.25327745,0.66439694,0.00034961756
4500,0.01883338,0.0064807935,0.18396008,0.0027154172,0.4319221,0.35602972,5.850775e-05
4501,2.3625494e-06,8.468424e-07,0.00013053846,3.422336e-07,0.009352547,0.99049276,2.0662124e-05
4502,0.00030521236,0.00045468967,0.017711505,0.00024897765,0.036402136,0.9446432,0.00023430273
4503,0.29060453,0.3239119,0.09380114,0.07993457,0.037464194,0.17341898,0.0008647198
4504,0.0008588313,2.6936676e-05,0.10000412,4.9824113e-05,0.39800626,0.5010525,1.5300186e-06
4505,0.00043632608,0.00080690015,0.017458797,0.0007945869,0.11742835,0.8627492,0.0003258042
4506,0.032017786,0.23916262,0.07007985,0.07002125,0.0028834462,0.57857347,0.007261541
4507,0.0,4.22807e-40,3.326751e-37,0.0,1.9295427e-24,1.0,6.907928e-39
4508,1.6308752e-07,0.00011987049,1.15052235e-05,3.4943184e-08,0.00031492434,0.9987857,0.00076785445
4509,0.088551655,0.24055825,0.071311794,0.015970109,0.39719835,0.1831679,0.003241982
4510,0.00011347774,7.343728e-05,0.00097324187,7.1417875e-05,0.0006420086,0.9980301,9.634378e-05
4511,5.3305488e-05,9.688732e-05,0.0028803707,2.1618465e-05,0.03421848,0.9625096,0.00021982488
4512,0.0117314495,0.0006449206,0.02531591,0.00028611426,0.4101507,0.55182034,5.0546685e-05
4513,0.03620354,0.0016696779,0.27233255,0.001187083,0.28525165,0.40330675,4.8679816e-05
4514,0.00035149688,0.00012749132,0.006275203,1.3607897e-05,0.05655552,0.93653303,0.00014358657
4515,0.122596815,0.36555043,0.34436247,0.059901547,0.0085087335,0.09321106,0.0058689574
4516,0.4148261,0.0118239755,0.041073635,0.028002942,0.027789762,0.47647828,5.2794144e-06
4517,0.0020600955,0.010365854,0.18200165,0.01015906,0.03557402,0.75952744,0.00031181244
4518,0.0001133668,5.9234517e-05,0.000718706,7.445924e-05,0.0017762155,0.9972332,2.4903024e-05
4519,2.3889868e-05,0.00040364458,0.00056390447,0.00023428033,0.00033314276,0.99706453,0.0013766728
4520,0.049516607,0.053814787,0.24751174,0.0065184664,0.3006447,0.3406969,0.0012967784
4521,0.0,0.0,0.0,0.0,0.0,1.0,0.0
4522,1.8911836e-05,2.5626468e-07,0.00024274399,3.0257635e-08,0.7583545,0.2413804,3.180996e-06
4523,6.182454e-05,8.928854e-05,0.005142485,3.1663916e-05,0.04837388,0.9462227,7.800819e-05
4524,0.002122895,0.09010471,0.1447973,0.021303972,0.0021235996,0.7366112,0.0029363518
4525,7.967891e-06,5.284289e-06,0.0003486495,1.1811736e-05,0.0008454859,0.9987625,1.838613e-05
4526,0.0035955221,0.0021900546,0.044049688,0.0041682464,0.009023818,0.9365542,0.00041845907
4527,0.0002991146,0.00043063154,0.030872827,0.00020494673,0.038911216,0.9291995,8.1683116e-05
4528,0.124857694,0.18500775,0.18998712,0.036757465,0.11934682,0.34334752,0.00069566164
4529,0.00088040804,0.019229416,0.006274905,0.0054149376,0.00093316985,0.9409684,0.026298761
4530,2.2226872e-05,6.571269e-05,0.04263862,4.622372e-05,0.21043716,0.7460668,0.00072321645
4531,0.01550048,0.012474457,0.024266915,0.0029388817,0.024025038,0.92072594,6.824352e-05
4532,4.993595e-08,1.7175991e-05,2.0458769e-05,1.4143156e-07,0.00017804075,0.99954814,0.00023605446
4533,0.002870226,0.0021524755,0.014180716,0.0017179601,0.033942897,0.9442152,0.0009205151
4534,0.005665423,0.0011350047,0.018095478,0.00016221586,0.496121,0.4787802,4.0704614e-05
4535,0.006614558,0.0059966696,0.11599615,0.002759931,0.25259528,0.615695,0.0003424116
4536,0.00017796906,2.9293702e-05,0.011132764,1.88279e-05,0.34365153,0.64498633,3.3072665e-06
4537,0.0014275184,0.004405992,0.006215786,0.0037864235,0.0041408273,0.97811973,0.001903798
4538,0.00015681867,0.00014201365,0.029094528,0.00015921681,0.014383987,0.95599866,6.481763e-05
4539,0.00039859238,0.0012003388,0.0075542447,0.0010461746,0.009139115,0.98019695,0.0004645804
4540,7.964184e-06,6.662849e-05,0.00020046726,2.5639676e-05,0.00030306715,0.99917126,0.00022506405
4541,0.0011216316,0.0007884239,0.80597514,0.00057164923,0.08030397,0.111235105,4.1700873e-06
4542,1.4871455e-08,1.1504485e-05,2.6018306e-06,3.9950168e-09,9.817512e-06,0.99996626,9.76198e-06
4543,0.0010269338,0.00023584734,0.10952034,0.000115659364,0.19449785,0.6945518,5.1533843e-05
4544,0.002262284,2.0183033e-05,0.008640253,6.233741e-06,0.4771486,0.5119041,1.8287174e-05
4545,0.0009406278,0.917836,0.0036318998,0.012363383,6.561004e-05,0.05783637,0.0073260753
4546,0.0062252497,0.0022299283,0.043255184,0.00057603145,0.23353897,0.71413594,3.868028e-05
4547,0.0042451276,0.0015960288,0.08719634,0.00044693463,0.33824253,0.5681763,9.6682306e-05
4548,0.0068051293,0.058013517,0.046210885,0.041882675,0.00022332958,0.8361588,0.01070566
4549,0.4277576,0.35108402,0.058707222,0.073676735,0.020779237,0.06752115,0.00047399313
4550,0.0003895315,0.0003021493,0.026193665,0.00013616326,0.017252132,0.955684,4.2439493e-05
4551,2.7602047e-05,2.2766737e-06,0.0006425385,1.3981555e-05,0.0012402161,0.9980725,7.639667e-07
4552,0.20953965,0.39019117,0.27228734,0.033728406,0.0018275625,0.077762455,0.014663428
4553,2.071429e-11,1.2391401e-08,7.8548844e-08,1.2531434e-13,8.0377e-06,0.9999919,2.3766942e-08
4554,2.4846802e-05,1.1228902e-05,0.008035105,2.9511834e-06,0.42006972,0.57006854,0.0017876413
4555,0.00027150963,0.00021814975,0.00014405721,0.0001345712,0.00024221218,0.9989416,4.7926125e-05
4556,6.6105515e-17,2.3762926e-11,1.4717158e-11,5.203301e-20,5.9330354e-09,1.0,2.0528114e-10
4557,0.0007615571,1.3239874e-05,0.019168619,6.976604e-06,0.6131347,0.3669141,8.512263e-07
4558,0.01700519,0.009281769,0.5182535,0.004817562,0.178916,0.27154467,0.00018134215
4559,4.66969e-06,4.1941203e-05,0.00018859355,4.4154685e-06,0.0002880575,0.9992011,0.0002712527
4560,0.00012072091,0.000113565584,0.01942198,4.9591938e-05,0.08229419,0.8979264,7.361464e-05
4561,0.00010408167,0.00017829155,0.0059703276,5.7928348e-05,0.18483567,0.8087419,0.000111700916
4562,0.0007498946,0.00016872329,0.007098864,2.5127461e-05,0.04695644,0.94471884,0.00028220395
4563,5.904232e-05,0.00011170016,0.0006413982,0.00034603872,0.00043516647,0.9983638,4.2707405e-05
4564,0.00058746827,0.00020964952,0.0072970134,0.00053616735,0.003689659,0.987648,3.202426e-05
4565,0.0005870811,0.030698696,0.010920368,0.0037583096,0.008005127,0.9408224,0.005208007
4566,0.018456899,0.76267576,0.030250601,0.046126496,0.0005246867,0.11865815,0.023307392
4567,2.2310574e-06,1.1930043e-05,0.00020742958,3.6899796e-06,0.00028698807,0.99940693,8.0845246e-05
4568,0.0008125679,9.1871676e-05,0.043320052,6.586061e-05,0.20418735,0.7514957,2.6549154e-05
4569,2.2353755e-05,3.0370984e-06,0.0003344423,3.4021218e-06,0.0015432067,0.9980896,3.827316e-06
4570,0.0056780903,0.009801874,0.36844906,0.004367401,0.030073164,0.5813438,0.00028656842
4571,0.00027543868,0.005985719,0.050458197,0.00097186764,0.0035036318,0.93859446,0.00021073889
4572,0.0,3.7330312e-34,7.492054e-31,0.0,6.2870153e-21,1.0,1.9241019e-33
4573,0.00053324195,3.1373642e-05,0.0030181175,0.00035107654,0.0015449653,0.99452055,6.067074e-07
4574,0.004326184,0.0011531799,0.035400666,0.00022884716,0.5524479,0.40640625,3.6946753e-05
4575,4.481818e-05,1.184783e-05,0.008443322,1.2136454e-05,0.078248,0.91323304,6.868032e-06
4576,0.00072735705,0.0006934142,0.26354963,0.00033223402,0.16140725,0.57292724,0.00036287634
4577,1.3179519e-05,1.8735196e-05,0.021683218,3.2816257e-05,0.051508263,0.9267386,5.119437e-06
4578,0.0057961335,0.001046738,0.005059751,0.00012776442,0.32844633,0.6594687,5.4573826e-05
4579,0.0008255576,0.0018051743,0.0059907087,0.00036688853,0.028099181,0.96235347,0.0005590159
4580,0.022430224,0.01211646,0.081509,0.0027795332,0.33045375,0.5502749,0.00043615577
4581,0.023610778,0.29330203,0.067430966,0.015146714,0.008483686,0.281652,0.3103738
4582,0.00033650198,0.0002291005,0.23462361,0.00018794212,0.46848708,0.29612064,1.5122593e-05
4583,0.047377586,0.3796814,0.090290196,0.03626187,0.02033009,0.4233455,0.0027134009
4584,0.00025257835,0.0006945193,0.0038003365,0.00030873087,0.0020338146,0.992174,0.00073607854
4585,0.022664847,0.04292303,0.13743214,0.009139464,0.07804613,0.7073171,0.0024772
4586,0.03213391,0.07742018,0.1883864,0.0303546,0.022465022,0.64844567,0.0007942622
4587,6.3161875e-05,9.908446e-05,0.0009377939,0.00019297755,0.00020006507,0.9984674,3.9573104e-05
4588,7.724247e-16,6.65061e-11,1.3085698e-10,2.1199948e-18,1.1751e-07,0.9999999,2.719253e-10
4589,6.2184045e-05,1.399578e-05,0.007963419,1.1620981e-05,0.2569934,0.73495364,1.7109136e-06
4590,9.638492e-06,1.51827935e-05,0.00030124024,8.898129e-06,0.0012535402,0.9983188,9.269543e-05
4591,0.0032766485,0.00081255793,0.3561057,0.0011509602,0.115842216,0.52272683,8.508655e-05
4592,0.000331562,9.766609e-05,0.007576025,4.4679033e-05,0.012433352,0.979463,5.3771884e-05
4593,0.00016718687,0.00024817843,0.0051055443,0.0005857276,0.0007268031,0.9929548,0.0002117253
4594,0.018917426,0.020491255,0.07689204,0.0023337395,0.111055866,0.76898885,0.0013208523
4595,0.0008537291,0.0011928967,0.014034296,0.00014942806,0.07585577,0.9076669,0.00024685604
4596,0.0022322368,0.00019781284,0.01052987,3.5023397e-05,0.058537565,0.9283672,0.00010041766
4597,0.0,0.0,0.0,0.0,3.9805e-41,1.0,0.0
4598,2.2629221e-32,3.654432e-22,2.2610883e-21,3.17045e-40,5.859803e-15,1.0,1.7997148e-21
4599,6.9108987e-06,5.456103e-07,0.0013584943,4.7604526e-06,0.0015072013,0.9971213,8.0229125e-07
4600,9.727504e-05,0.0017523214,0.0075944653,0.00017119908,0.07628617,0.91178274,0.0023157878
4601,3.950624e-07,1.7355233e-06,0.0005949411,3.6944566e-06,0.0004666912,0.99892527,7.22362e-06
4602,0.00012266704,0.085683115,0.00031472574,0.0004139962,0.00032977955,0.0132726,0.89986306
4603,1.0684311e-25,4.4552126e-17,4.5201268e-17,3.1573786e-30,1.0403291e-12,1.0,2.8170933e-15
4604,1.7267577e-06,3.9938286e-06,0.00040376323,1.7139083e-06,0.0103816,0.9891956,1.1554102e-05
4605,0.00011507999,0.00046525063,0.0063537234,6.95917e-05,0.016454007,0.9763183,0.00022403094
4606,4.3548142e-32,7.990352e-24,2.1511928e-21,2.5839e-41,2.2976323e-14,1.0,1.0342414e-23
4607,5.5020144e-05,6.193218e-05,0.000985043,4.8438138e-05,0.0019293334,0.99685365,6.655501e-05
4608,5.0589997e-06,3.8490678e-05,0.00027589954,3.9864284e-05,0.00014554395,0.9994136,8.1538485e-05
4609,0.0023854151,0.026551975,0.0085691335,0.00319269,0.034266043,0.9194855,0.005549283
4610,5.814222e-23,8.908344e-16,2.8067741e-15,2.508323e-27,1.9743944e-11,1.0,2.06532e-14
4611,1.4461127e-06,3.812935e-05,2.6409542e-05,1.5421768e-06,0.0002847072,0.99956995,7.7841454e-05
4612,0.0070538805,0.083900586,0.24065202,0.029564615,0.004749594,0.6315034,0.0025758874
4613,0.027471304,0.025385106,0.3627725,0.014382786,0.15720037,0.41258633,0.00020161625
4614,0.000102681144,4.3943037e-06,0.0014731579,2.2089562e-06,0.349622,0.64875484,4.0698123e-05
4615,0.0043994556,6.652858e-05,0.017053932,4.4333523e-05,0.81814545,0.16028962,7.245718e-07
4616,0.014003846,0.05022987,0.73266035,0.010346248,0.060004648,0.13259171,0.0001631983
4617,2.3248174e-05,1.763178e-05,0.0005864576,2.5871232e-05,0.00026811115,0.99901426,6.444832e-05
4618,2.49417e-07,6.361553e-05,1.881528e-05,7.896597e-08,9.9622106e-05,0.9995968,0.00022080471
4619,0.00019955046,0.008997662,0.03739174,0.00023260454,0.15168236,0.1990658,0.6024302
4620,7.8264764e-26,3.0024613e-18,2.782147e-17,4.681239e-32,1.6878608e-12,1.0,3.0343225e-17
4621,0.0012711203,0.00046397932,0.06350923,0.00026916634,0.12962395,0.8048382,2.442447e-05
4622,0.033490106,0.32634658,0.085746445,0.052027714,0.006761649,0.48728073,0.00834676
4623,0.0,3.70408e-40,8.27767e-34,0.0,8.044647e-22,1.0,2.65e-41
4624,0.2816419,0.39217788,0.011036453,0.006472117,0.28186655,0.026295558,0.00050949515
4625,7.0090035e-05,0.00013091246,0.010977492,4.0960273e-05,0.07410461,0.91462266,5.3277567e-05
4626,6.9522204e-05,3.6662746e-05,0.00074374664,5.9670227e-05,0.0018932738,0.9971826,1.4618858e-05
4627,0.7133243,0.110630415,0.0793139,0.054249343,0.027315699,0.015083482,8.291231e-05
4628,0.00032810905,0.00012454351,0.05439853,0.00016588146,0.13270435,0.81225395,2.4704044e-05
4629,0.0031116502,0.00086305937,0.10404474,0.0036749616,0.017318243,0.870923,6.4333246e-05
4630,0.028622622,0.03198638,0.17831518,0.0052146004,0.06423305,0.69007075,0.001557522
4631,0.0,0.0,2.38006e-39,0.0,1.5721217e-24,1.0,0.0
4632,0.0033784788,0.009065625,0.021721067,0.00053895515,0.020562736,0.9423425,0.0023905241
4633,0.28446424,0.21957716,0.1498948,0.046460435,0.07162412,0.22620706,0.0017721587
4634,0.0057834606,0.001489206,0.24805565,0.0023152083,0.122302674,0.62000036,5.340864e-05
4635,0.011620027,0.0013944184,0.028529398,0.0070722178,0.030233689,0.9211399,1.0348483e-05
4636,0.00021567146,2.088127e-05,0.001351932,3.9626895e-05,0.003858604,0.99450773,5.663235e-06
4637,0.60442305,0.039552376,0.08633359,0.012474664,0.17984813,0.07728413,8.404156e-05
4638,0.0,1.2394645e-38,3.551101e-30,0.0,1.3379716e-19,1.0,5.0085e-41
4639,0.0007905039,0.00041999182,0.0018343088,4.626296e-05,0.028686319,0.9677627,0.00045978633
4640,8.823691e-06,0.00011772699,0.00069780083,0.00017197694,0.0012068243,0.9974577,0.00033922915
4641,5.778881e-25,7.8915684e-17,1.1881994e-16,7.905195e-30,1.9644317e-12,1.0,2.891356e-15
4642,9.762803e-07,1.592798e-07,0.00020019483,3.8495838e-07,0.0016624314,0.9981341,1.8452134e-06
4643,6.7105444e-05,1.1257651e-05,0.008197454,1.0039899e-05,0.1089341,0.8827596,2.0524312e-05
4644,2.4643237e-05,5.738545e-05,0.00046263813,8.3823004e-05,0.0012643884,0.99801034,9.682775e-05
4645,0.009328343,0.004913245,0.022908648,0.009357029,0.012662589,0.9406879,0.00014219357
4646,7.737056e-21,2.7153813e-14,5.329993e-14,3.6438052e-25,1.7032759e-10,1.0,1.1900203e-13
4647,0.0035616343,0.004098605,0.01986972,0.0013140211,0.122810446,0.8479732,0.00037232798
4648,0.014776315,0.49472252,0.013358508,0.0071413387,0.08631218,0.1050302,0.2786589
4649,1.6965681e-09,7.803443e-08,2.352438e-06,6.998434e-11,3.321317e-05,0.99996364,7.218922e-07
4650,2.0323581e-05,1.0715551e-06,0.00073223666,3.666403e-07,0.06318399,0.93604636,1.558275e-05
4651,0.2662645,0.14770178,0.31192073,0.038209554,0.09665196,0.13878857,0.00046285323
4652,0.0010964894,0.0036363227,0.020756887,0.0004774641,0.087587,0.8854515,0.0009944036
4653,0.0024086323,0.0013701507,0.0026390315,0.00015884804,0.06283701,0.93042916,0.00015719367
4654,0.00033347396,0.00043390624,0.010460152,0.0005400244,0.02642554,0.96174145,6.549755e-05
4655,0.0003804112,1.0500344e-05,0.012629979,4.516064e-06,0.19855052,0.7884209,3.1589448e-06
4656,3.600254e-11,2.5190727e-07,1.4678338e-07,3.845367e-11,4.3111973e-07,0.9999908,8.411772e-06
4657,0.0,0.0,0.0,0.0,3.6300473e-30,1.0,0.0
4658,0.031189527,0.0271946,0.55165076,0.011567546,0.028763097,0.34904677,0.000587695
4659,0.00025835945,4.0850617e-05,0.00957661,1.378822e-05,0.25545344,0.734639,1.8087081e-05
4660,8.8573e-12,2.137441e-08,4.7549907e-08,4.3160178e-13,1.2087006e-06,0.99999845,3.4529168e-07
4661,5.892245e-05,0.00022456996,0.00047816284,0.0003235433,0.00090348796,0.9978775,0.00013376806
4662,1.677796e-05,0.0013092248,0.0015884918,3.203848e-05,0.0057273605,0.98937744,0.0019486772
4663,0.042445816,0.40676802,0.10673664,0.047352504,0.0021539133,0.38753003,0.007013146
4664,0.0004494017,0.0008082418,0.0036159807,0.0009334808,0.0020889367,0.99184144,0.00026247304
4665,0.0001387067,8.306036e-06,0.00097416743,3.4393008e-05,0.0020216496,0.9968219,9.768378e-07
4666,1.7577831e-05,2.813511e-05,0.0009008732,4.9345354e-06,0.0418883,0.95702493,0.00013525579
4667,0.3605561,0.20520295,0.19450615,0.13824634,0.009276517,0.09075163,0.001460328
4668,1.4017765e-05,1.5858548e-06,0.002927546,1.3828073e-06,0.031003378,0.9660405,1.1525148e-05
4669,1.7183404e-06,7.299865e-06,6.5809465e-05,9.709544e-06,0.00011846235,0.99976844,2.8660319e-05
4670,9.091533e-07,8.602878e-06,6.4739404e-05,9.733409e-06,2.198293e-05,0.9998466,4.7412446e-05
4671,0.0004840878,0.0021074323,0.004135175,8.026036e-05,0.080029584,0.90786606,0.005297323
4672,2.3126852e-06,1.500839e-07,0.000111860936,1.6159154e-07,0.0022520577,0.9976311,2.449709e-06
4673,0.00042756493,0.114724785,0.00857784,0.0017283515,0.0047163544,0.8394367,0.030388286
4674,8.4404877e-07,9.36913e-06,3.6712143e-05,7.2490498e-06,3.552638e-05,0.999884,2.6147813e-05
4675,0.08214614,0.039535478,0.0887251,0.012339324,0.32445988,0.45263976,0.00015435278
4676,0.0,8.5430946e-36,1.1634581e-32,0.0,3.3716088e-21,1.0,7.307718e-35
4677,2.0134173e-29,2.3144283e-19,8.571695e-20,2.0888687e-36,8.87281e-14,1.0,1.3194971e-18
4678,0.0042572184,0.0029790096,0.25745147,0.0010448187,0.3579236,0.3763028,4.1057672e-05
4679,0.01647584,0.038297128,0.17729276,0.010431839,0.094031915,0.6626813,0.00078921305
4680,0.0043775975,0.0042100367,0.016487457,0.0018912646,0.030010432,0.9424282,0.000595043
4681,0.12764215,0.27249882,0.396468,0.061104186,0.009759694,0.13019253,0.0023346168
4682,0.37490675,0.06535873,0.22630471,0.036615532,0.11857425,0.17796077,0.00027931377
4683,7.8700174e-31,5.0876473e-23,3.1523882e-20,1.46363e-39,8.4882906e-14,1.0,1.7056061e-22
4684,2.7118751e-06,2.1616306e-05,0.00014276874,7.1613954e-06,0.0005397798,0.9991248,0.0001612348
4685,1.1229068e-05,1.8417819e-05,0.0002509126,1.5687003e-05,0.00050090405,0.99912804,7.4716845e-05
4686,0.0007127109,0.00054564874,0.008393915,5.1251744e-05,0.052380346,0.93605983,0.0018562807
4687,0.0011162518,0.0011013728,0.04069911,0.00046287675,0.46598837,0.48992378,0.0007081814
4688,1.2929678e-20,1.5409584e-13,5.9805e-14,7.8155605e-25,2.0292205e-10,1.0,2.6601327e-12
4689,0.024459712,0.0005938755,0.021389538,0.0001474979,0.37741208,0.5759595,3.779832e-05
4690,2.6462878e-06,5.4927095e-06,8.740892e-05,1.9667157e-06,0.0012125514,0.9986355,5.4346358e-05
4691,1.2895994e-10,3.2762281e-07,2.816211e-07,3.114818e-11,2.2842128e-06,0.9999956,1.4536353e-06
4692,0.0013622494,0.00067136216,0.026042325,0.0016863666,0.014779436,0.9553294,0.0001288848
4693,0.048597306,0.04853041,0.3502781,0.021968469,0.31170046,0.21876246,0.00016279698
4694,0.17946568,0.0070740213,0.17791228,0.0021009622,0.47526532,0.15815462,2.7126092e-05
4695,0.0024434873,0.0028869896,0.18211623,0.0019924797,0.1632885,0.64719737,7.495751e-05
4696,1.4115903e-34,1.1212695e-27,3.4448278e-22,8e-45,5.3693863e-15,1.0,5.417533e-29
4697,0.0,2.4038066e-35,1.3199925e-30,0.0,6.067447e-20,1.0,5.3659733e-35
4698,4.454412e-06,5.0542716e-05,0.0004009428,9.325209e-05,4.988898e-05,0.9992524,0.00014852142
4699,8.260034e-11,4.9869193e-08,4.3942308e-08,1.01128456e-13,2.5317288e-05,0.9999746,5.335631e-08
4700,1.09337276e-16,8.73703e-11,2.9961335e-11,1.0519907e-18,5.8651772e-09,1.0,5.4418012e-09
4701,0.0018650816,0.00024719312,0.020839103,4.4100172e-05,0.16371825,0.81295705,0.0003291801
4702,7.3135034e-06,1.0573243e-06,0.0017417035,6.092102e-07,0.06993016,0.9283148,4.2458864e-06
4703,1.0279472e-06,1.885806e-06,7.053298e-05,2.0479856e-06,0.00068080705,0.9992144,2.9238105e-05
4704,3.4840854e-05,0.00017976326,0.00063538476,0.0007952011,0.0002583624,0.99803656,5.9843678e-05
4705,0.001873358,0.00022723312,0.0011953585,0.0002901357,0.0049292576,0.99148,4.6008013e-06
4706,0.01874071,0.40902388,0.09202925,0.03206957,0.03160897,0.41279513,0.0037324384
4707,1.566549e-05,1.9349445e-05,0.00032346227,5.1520095e-05,0.00045468277,0.99912053,1.4745293e-05
4708,0.016332297,0.0033676222,0.3104961,0.003365489,0.26829624,0.39810398,3.83023e-05
4709,4.187477e-06,1.6712847e-06,0.00021161522,1.2708027e-06,0.0013100689,0.9984611,1.0027241e-05
4710,0.00059424544,0.001810086,0.07856616,0.0007598717,0.008942093,0.90917295,0.00015457676
4711,0.105482005,0.025529038,0.60624665,0.01810834,0.13458431,0.10994619,0.00010340551
4712,0.0007209039,0.0041140695,0.024010936,0.00025625268,0.1586769,0.80579996,0.0064208508
4713,0.00016384663,0.00013333296,0.026484651,4.187972e-05,0.12350023,0.84932345,0.00035257096
4714,0.046396453,0.030636854,0.2612592,0.0066750627,0.49363562,0.16132888,6.790694e-05
4715,0.3364705,0.017771997,0.3011669,0.02997993,0.18202333,0.13257816,9.078514e-06
4716,0.005928314,0.044142764,0.0045346585,0.013771667,0.004090472,0.92424136,0.003290663
4717,3.443705e-05,6.182145e-05,0.0060175355,3.99281e-05,0.022948558,0.9708495,4.814214e-05
4718,0.0060752435,0.0066789263,0.5812533,0.0035111185,0.11580086,0.28642386,0.0002566212
4719,0.0054724766,0.0044121076,0.57211953,0.004625051,0.14120302,0.2720972,7.057931e-05
4720,0.025895244,0.008121523,0.1365463,0.0032877442,0.22927818,0.5967308,0.00014023315
4721,0.03244004,0.078009814,0.41281813,0.037960164,0.14043725,0.29744056,0.00089405593
4722,0.0010721041,0.0015956847,0.024060907,0.00022476733,0.046111703,0.9266651,0.0002697257
4723,0.04524435,0.0010493097,0.08089046,0.00021577059,0.5254093,0.34706828,0.00012253667
4724,7.0975715e-05,0.0003114182,0.016371742,8.1166654e-05,0.043194313,0.9395881,0.00038225064
4725,0.00031320663,0.00025844367,0.0027892678,0.00016942556,0.015545155,0.980792,0.00013262598
4726,0.00016358848,1.5774283e-05,0.017176494,0.00026650855,0.00067051704,0.9817046,2.5086852e-06
4727,0.00030635344,0.0014070437,0.0047368226,0.00051572145,0.020177009,0.9724883,0.00036873753
4728,0.004086081,0.60720074,0.010765661,0.00887101,0.002992019,0.35865217,0.007432352
4729,0.0009759123,0.0015349598,0.0051820856,0.00036326153,0.021175172,0.97010505,0.0006635682
4730,0.0023973898,0.00030355642,0.089476466,0.00014934767,0.3898205,0.51778144,7.128959e-05
4731,1.5997528e-05,3.6040674e-05,0.00028789497,1.6837143e-05,0.0008001126,0.9987469,9.628433e-05
4732,0.011188468,0.004797459,0.1966934,0.0028418202,0.35838518,0.42602882,6.488176e-05
4733,6.196406e-05,0.00013307657,0.000193213,0.000106230924,0.00046281805,0.9988128,0.00022989183
4734,3.8353952e-05,2.2894637e-05,0.0033699344,1.6052047e-05,0.016573532,0.97996694,1.2302801e-05
4735,0.0006847608,0.0037958715,0.029839803,0.0005278297,0.088930905,0.8714912,0.004729624
4736,0.0005552246,7.0022455e-05,0.023372652,2.9473935e-05,0.22137974,0.75455797,3.490383e-05
4737,4.96436e-08,1.3637799e-05,1.4553168e-05,7.704218e-08,1.6537819e-05,0.9997665,0.00018865422
4738,0.09726347,0.023865273,0.28238243,0.007938614,0.1546934,0.43343988,0.00041686624
4739,0.00315997,0.0018097538,0.3705103,0.0013846427,0.09155853,0.531502,7.471799e-05
4740,9.87061e-05,1.887486e-05,0.0011283858,1.08148415e-05,0.032993156,0.9657438,6.2802683e-06
4741,0.3192931,0.023924235,0.06240807,0.009987762,0.5197051,0.0646774,4.249651e-06
4742,0.0030102176,0.0036922516,0.26435083,0.002293382,0.04277015,0.6835364,0.00034668937
4743,0.16464858,0.0039105215,0.032679416,0.0007213048,0.7692916,0.028746333,2.3016883e-06
4744,0.051313918,0.0360902,0.16926955,0.0248056,0.35175675,0.36658755,0.00017640727
4745,6.335874e-06,1.7581953e-05,0.00015980551,1.6458011e-06,0.002962092,0.9968154,3.710326e-05
4746,0.002780807,0.00025393468,0.022401659,0.000112416536,0.49859905,0.47584224,9.919906e-06
4747,5.918191e-05,1.8539962e-05,0.0010187965,2.5483965e-05,0.000729274,0.99811554,3.315511e-05
4748,0.0699596,0.0069300267,0.15974943,0.0031121243,0.43880937,0.32136202,7.7460834e-05
4749,0.025708755,0.006355196,0.03912343,0.0011607019,0.65559125,0.27194047,0.00012014674
4750,0.00018323382,0.00023201638,0.0016743473,9.616385e-05,0.0011360404,0.9965815,9.6724165e-05
4751,5.6133304e-06,2.8923416e-05,0.00022222601,6.0052687e-05,0.00010122122,0.9995271,5.488019e-05
4752,0.002653402,0.036422227,0.021557435,0.007467563,0.019870931,0.90362954,0.008398922
4753,0.0,0.0,0.0,0.0,3.693233e-32,1.0,0.0
4754,0.00013093054,3.9433384e-05,0.008077517,9.596255e-05,0.013832095,0.97781926,4.8908673e-06
4755,0.011784151,0.022390194,0.5323897,0.004878266,0.30650595,0.12191705,0.00013465674
4756,2.0442885e-05,1.2372577e-05,0.005810849,7.1847835e-06,0.07982232,0.9143188,7.9885185e-06
4757,0.0011120831,0.0004660976,0.004899065,0.0009177906,0.0020990712,0.99045044,5.546425e-05
4758,0.0018438222,0.024865419,0.2755577,0.014584729,0.017206404,0.66439956,0.0015423596
4759,3.2936617e-07,1.9404893e-06,6.332265e-05,2.2528666e-06,0.00019357169,0.9997094,2.9175053e-05
4760,0.000311509,0.010249131,0.06439272,0.0033686028,0.0063381726,0.91267693,0.0026628838
4761,0.0190319,0.0033262295,0.026287556,0.00021922497,0.7706089,0.17974067,0.0007856256
4762,0.032136675,0.0012621349,0.024821468,0.009699086,0.0064043608,0.9256716,4.6430478e-06
4763,0.013297186,0.23330957,0.25697607,0.044453878,0.011574377,0.43928346,0.001105429
4764,5.3105896e-06,0.00054027635,0.00023560162,8.365825e-05,0.00011776256,0.97793543,0.021081986
4765,2.4803694e-07,1.1608867e-06,3.37235e-05,9.692636e-07,0.0007203279,0.9992393,4.2804595e-06
4766,7.99785e-06,1.0108707e-05,0.002921926,2.594037e-06,0.023601308,0.97332734,0.00012875246
4767,5.191429e-06,1.9584897e-06,0.00011537472,2.1377978e-06,0.002162973,0.99770075,1.1622921e-05
4768,0.06945033,0.002182376,0.14548874,0.0015743489,0.61686474,0.16443206,7.3777687e-06
4769,1.1578559e-27,2.120351e-18,1.957872e-18,1.1509341e-33,2.5435055e-13,1.0,5.3923087e-17
4770,1.179345e-22,1.1314682e-15,3.4695147e-15,3.0157515e-27,2.9789417e-11,1.0,2.3579405e-14
4771,0.0028310353,0.037641183,0.0200884,0.0026987393,0.03288185,0.748916,0.15494275
4772,0.00083063496,0.0007233422,0.42876026,0.0013849522,0.10709437,0.46117574,3.068245e-05
4773,4.111251e-12,7.733099e-09,1.2613519e-08,1.467069e-13,8.475824e-07,0.99999905,5.848853e-08
4774,0.0013684573,0.00037705395,0.0094829695,0.0010780182,0.011223282,0.97645426,1.6072367e-05
4775,4.325949e-05,3.7729114e-07,0.003938142,5.9230916e-07,0.23946482,0.7565521,6.944862e-07
4776,0.45257333,0.17514384,0.1094932,0.082936205,0.10961602,0.07008693,0.0001504351
4777,0.07647124,0.010325012,0.14280148,0.005530002,0.5176196,0.24721341,3.9180333e-05
4778,0.20452471,0.5730439,0.11645464,0.050014485,0.004742672,0.046122458,0.0050971317
4779,0.0,1.48938e-40,9.20915e-34,0.0,1.2663741e-20,1.0,8.413e-42
4780,4.602229e-05,0.00026095368,0.0032254562,0.001384719,0.00036732169,0.9944267,0.00028880147
4781,4.789821e-05,0.0023676876,0.002853019,0.0003619378,0.00893645,0.9838711,0.0015618836
4782,0.41214636,0.13837361,0.29309785,0.03168532,0.08784276,0.03681116,4.28871e-05
4783,3.963826e-06,0.00019462364,0.00018328923,4.8720494e-07,0.0015831372,0.9979386,9.588646e-05
4784,0.041006822,0.65058136,0.0792262,0.03377229,0.0026331975,0.17029458,0.022485437
4785,3.5138233e-05,0.00078107155,0.003816901,8.232909e-05,0.014752674,0.9779154,0.0026165666
4786,0.12588096,0.019479163,0.42403612,0.014029509,0.22589049,0.19060709,7.667091e-05
4787,1.3440615e-06,2.8420181e-06,3.3345805e-05,5.1181946e-06,0.00020704715,0.9997472,3.0164163e-06
4788,6.207849e-06,1.9404156e-06,0.00016436493,3.606473e-06,0.00043075896,0.99938834,4.839715e-06
4789,9.401314e-05,4.0142713e-06,0.0058485726,7.1310183e-06,0.055532955,0.93850917,4.0792015e-06
4790,0.0101366155,0.00019758723,0.17639332,0.0012157211,0.0892457,0.7228099,1.1528205e-06
4791,4.042556e-05,0.00037132754,0.0008026697,0.00042413388,0.0005671248,0.9973138,0.0004806255
4792,0.00038403773,0.00010274825,0.002002634,2.6155403e-05,0.028004417,0.9692783,0.00020184563
4793,3.4734478e-07,5.3466915e-06,2.9973678e-05,3.4175157e-06,4.3508135e-05,0.9998091,0.00010834581
4794,0.014196325,0.0030996713,0.02596528,0.00030804414,0.8465974,0.10981244,2.085352e-05
4795,3.744833e-38,3.3700828e-26,1.9650857e-25,0.0,1.0533808e-17,1.0,4.3672424e-24
4796,3.8192035e-23,8.567434e-15,1.3589096e-15,6.0184852e-27,1.1193683e-11,1.0,4.1124921e-13
4797,0.00019483008,8.036047e-06,0.017619759,6.4794326e-06,0.30791193,0.6742568,2.107819e-06
4798,3.8285336e-05,2.1534823e-05,0.00045920655,1.5756852e-05,0.0030665635,0.99638534,1.3326898e-05
4799,5.1906507e-05,0.00015687851,0.0011108229,0.00024614335,0.00020691639,0.9980312,0.00019605739
4800,0.011539033,0.0028819782,0.7123604,0.0017003014,0.053005066,0.21847808,3.5177767e-05
4801,0.004484072,0.0025550507,0.12611778,0.0050428063,0.022231217,0.83938515,0.00018378776
4802,0.11426896,0.23432256,0.15047406,0.08642228,0.09060475,0.32318446,0.0007228905
4803,0.0011118855,0.00017896076,0.019916905,0.00010325107,0.40202454,0.5766552,9.283154e-06
4804,0.0003221167,4.4176708e-05,0.003244384,0.00031212138,0.0011158852,0.99495304,8.359695e-06
4805,0.05989529,0.23370908,0.14369014,0.028798196,0.060257778,0.46592277,0.007726733
4806,9.325022e-06,2.2632935e-06,0.00018677098,2.8079605e-06,0.000859451,0.99892884,1.049721e-05
4807,0.0014623072,9.795371e-05,0.057037253,7.8462646e-05,0.40638846,0.5348602,7.538796e-05
4808,0.0014592487,0.0013531325,0.012149279,0.00066252897,0.016655,0.9654825,0.0022384017
4809,5.0168125e-10,2.2080799e-07,3.6194504e-07,9.849541e-12,1.334052e-05,0.99998593,9.510991e-08
4810,0.093563974,0.008684079,0.0284074,0.0029895657,0.70783234,0.15849623,2.642306e-05
4811,0.0010431408,0.06465765,0.00174048,0.0012022437,0.03455867,0.81860477,0.07819298
4812,2.2828218e-16,4.0188398e-11,4.841714e-11,2.1664063e-18,2.0866127e-08,1.0,4.4004353e-10
4813,7.813524e-05,6.658152e-05,0.0002257699,3.6152443e-05,0.0048134564,0.99475336,2.6610101e-05
4814,0.00055263296,0.0024212103,0.004651103,0.00081506174,0.0013678436,0.98910004,0.0010920635
4815,4.6905774e-05,0.00023516091,0.00061019784,0.00032842043,0.0005956168,0.99807286,0.00011095743
4816,1.0187473e-06,2.8555388e-07,0.00056850025,4.962424e-08,0.087304786,0.9121201,5.276024e-06
4817,1.2927738e-05,3.149649e-07,0.0013163877,1.8141712e-07,0.14533697,0.8533041,2.916196e-05
4818,6.626048e-05,0.00021451981,0.0044708257,2.0874179e-05,0.025190204,0.969885,0.00015230736
4819,0.0001350264,0.00035438832,0.010221419,7.9423895e-05,0.06678135,0.9223092,0.00011925373
4820,0.0013170018,0.010402502,0.0996538,0.0025720703,0.015292298,0.8701983,0.00056409714
4821,0.00047387587,0.0025377015,0.018558118,0.0005888222,0.01280334,0.96333426,0.0017038963
4822,1.759838e-05,6.510604e-05,0.00038827406,1.8131524e-05,0.00024762505,0.9991923,7.094638e-05
4823,0.006438806,0.0012324254,0.10032706,0.0003425971,0.8422257,0.049396243,3.7229245e-05
4824,0.0066399863,0.0016578608,0.10034293,0.001002153,0.03024611,0.8593806,0.00073034526
4825,0.0013848881,2.5170008e-05,0.01475283,0.00017672121,0.013859517,0.96979874,1.9876309e-06
4826,0.0913196,0.30509648,0.083581775,0.103061706,0.023174979,0.39174613,0.0020193285
4827,0.23885438,0.18190438,0.18515298,0.03553406,0.20846982,0.14968896,0.00039552414
4828,0.0007524143,0.0021695648,0.029499933,0.0002730893,0.035122983,0.9319315,0.00025055232
4829,0.0002547677,0.00011459311,0.014161606,0.00045759714,0.003973376,0.980973,6.509162e-05
4830,0.0,2.438e-42,9.098131e-37,0.0,1.069264e-23,1.0,6.32e-43
4831,0.006146168,0.0067308675,0.32876372,0.005329985,0.09103056,0.5616989,0.00029978366
4832,3.524781e-39,2.7217826e-27,5.546586e-26,0.0,2.9807457e-17,1.0,8.0009855e-27
4833,2.8329447e-05,2.1635227e-05,0.00043241907,1.4234211e-05,0.0012173181,0.9982566,2.9386498e-05
4834,1.2397495e-05,1.5823964e-05,0.00030035723,9.299218e-06,0.0024977026,0.9970722,9.223424e-05
4835,0.0012728476,0.000504468,0.0073317285,6.7159584e-05,0.15922302,0.831171,0.00042983057
4836,0.00034167667,0.0062249936,0.032153632,0.0008238021,0.047110036,0.91180146,0.001544416
4837,1.1172913e-25,1.8694062e-17,4.007606e-17,7.3491313e-32,2.0127513e-12,1.0,1.8048068e-16
4838,6.571256e-08,5.564198e-06,1.8477644e-05,9.888927e-08,3.0669587e-05,0.9998394,0.000105649706
4839,0.0008863017,8.084848e-05,0.021885887,5.400518e-05,0.06591794,0.91102433,0.0001507744
4840,0.0007344606,0.00018707348,0.0191464,0.000113298855,0.071393415,0.9083596,6.5784305e-05
4841,0.022049362,0.006745395,0.038618185,0.0031008197,0.065011464,0.86420715,0.00026758242
4842,0.0046717785,0.0023256233,0.0679323,0.0009624467,0.029836403,0.89380705,0.00046427
4843,0.0075741676,0.011457165,0.00957928,0.0015572822,0.44379547,0.5253413,0.00069536426
4844,0.1440822,0.059691682,0.14526337,0.011250465,0.33500862,0.30467176,3.193237e-05
4845,1.1946183e-13,9.465294e-09,2.3393063e-09,1.8856298e-15,1.2012022e-07,0.99999976,7.6909934e-08
4846,2.378405e-06,2.9197173e-07,0.00020905948,8.7646794e-07,0.0008073844,0.9989792,9.5076206e-07
4847,2.2992115e-05,0.00028128343,4.293625e-05,6.945869e-06,6.1000283e-05,0.9987835,0.00080135994
4848,0.2330881,0.009869745,0.37451005,0.055056773,0.024856512,0.30260906,9.757042e-06
4849,7.880827e-06,0.00013812716,0.0002603358,8.946757e-05,9.244906e-05,0.9989581,0.000453687
4850,8.78808e-05,4.991473e-05,0.0044114045,8.200685e-05,0.0022383707,0.99305844,7.190593e-05
4851,0.0102269985,0.0009934757,0.039320674,0.00030198635,0.19345361,0.7556322,7.1085335e-05
4852,0.012040868,0.59444207,0.03993946,0.027388461,0.007043012,0.17898402,0.14016205
4853,3.1807303e-07,1.4272429e-06,3.3329638e-05,9.967767e-08,0.0001107175,0.9998306,2.344758e-05
4854,0.004177502,0.010308177,0.030288758,0.0002556491,0.17427275,0.760767,0.019930147
4855,1.3801238e-05,2.2807295e-05,0.0005330519,5.2958098e-05,0.0001427084,0.99921894,1.5698906e-05
4856,0.022599623,0.042920683,0.12618573,0.009411432,0.27836546,0.5124528,0.008064248
4857,0.0030089503,0.016783398,0.04760516,0.0032550772,0.2510601,0.6765724,0.0017148677
4858,3.6985657e-05,0.00040415075,0.00093958003,3.9068367e-05,0.050422944,0.9477155,0.00044183942
4859,6.188278e-10,7.3324696e-07,1.1871493e-06,1.6626981e-11,1.31868765e-05,0.9999844,5.608996e-07
4860,2.0352882e-08,2.0118212e-05,4.1271724e-06,4.4324886e-09,2.7361968e-05,0.9999138,3.453211e-05
4861,2.5384982e-06,5.758106e-07,6.574039e-05,4.3303393e-07,0.005415078,0.99450654,9.019502e-06
4862,3.1099593e-05,6.18118e-06,0.00049633137,8.618816e-06,0.0011816662,0.99826306,1.3127369e-05
4863,1.2227526e-05,7.758447e-06,0.00045492334,9.434212e-06,0.0007085765,0.99878675,2.0450047e-05
4864,0.00010666095,0.0002544729,0.013833341,0.00010101913,0.02012431,0.96533895,0.0002413293
4865,7.4617674e-07,6.250185e-07,3.8974704e-05,3.393322e-07,0.0007567087,0.99918944,1.3206184e-05
4866,0.01807709,0.03144312,0.25213683,0.013140985,0.335717,0.34934872,0.00013627655
4867,0.016557584,0.05403162,0.02631863,0.0034681791,0.25210676,0.6405586,0.006958613
4868,0.0647994,0.1175223,0.0055288477,0.015835604,0.03486231,0.7605176,0.0009339368
4869,0.048051953,0.013134256,0.120479085,0.005835323,0.3320176,0.4803388,0.00014290775
4870,0.021789331,0.29623443,0.011076403,0.046831504,0.0062873787,0.61668843,0.0010925612
4871,0.0001390135,0.00028137982,0.0010253371,0.00048326247,0.00033283743,0.99767476,6.34235e-05
4872,0.00012463034,0.015334313,0.0013963921,0.0013332411,0.010976622,0.95234346,0.018491287
4873,4.7558225e-27,1.2570128e-20,9.2811e-18,1.6255239e-34,1.2835793e-12,1.0,1.1763493e-20
4874,0.0,2.5857446e-35,3.14227e-33,0.0,3.247419e-22,1.0,1.5718088e-33
4875,0.00035530006,0.00013520433,0.0027443734,1.1648801e-05,0.032782678,0.96379536,0.00017548376
4876,0.036964595,0.06361709,0.03031298,0.01461512,0.10825566,0.74462795,0.0016065506
4877,0.034376737,0.0012810339,0.028639508,0.0002505048,0.23775771,0.6974515,0.00024299839
4878,0.00037343518,0.00030967337,0.035361856,0.00021651512,0.16889033,0.7939801,0.0008680425
4879,2.2708077e-06,0.00022347517,0.00014485071,1.3617312e-05,0.0005657393,0.9955778,0.003472269
4880,0.00011984725,1.0500798e-05,0.0018817303,2.6489797e-05,0.0041503,0.99380577,5.2967516e-06
4881,0.54830563,0.0015364792,0.0787478,0.00039373044,0.30037335,0.07063815,4.8232832e-06
4882,0.008454204,0.018704405,0.57014996,0.017355818,0.113047004,0.2722232,6.540529e-05
4883,0.0013958857,0.00070023234,0.046740156,4.294975e-05,0.7177922,0.21972695,0.013601588
4884,0.016944433,0.027814146,0.00759038,0.0019027061,0.2912515,0.6541336,0.00036319115
4885,0.00019527145,0.00011245666,0.026918001,7.390261e-05,0.07645967,0.89618963,5.1034032e-05
4886,0.0008809146,0.00012168163,0.009497987,1.9464956e-05,0.1742839,0.815072,0.00012405342
4887,0.00054529053,0.001595322,0.10481817,0.0025088016,0.012496125,0.8779169,0.000119421835
4888,0.008463834,0.012213484,0.08458311,0.0027549444,0.043276574,0.84829384,0.00041422216
4889,1.2928936e-05,6.056692e-05,0.0003721336,3.2166416e-05,0.00048161685,0.99838746,0.0006531827
4890,0.0045410227,0.0041105044,0.09694,0.0038303484,0.3073074,0.5831946,7.616896e-05
4891,8.8345257e-07,5.2079533e-05,4.465415e-05,3.6236497e-07,0.00011658995,0.9995196,0.00026592507
4892,0.0,1.01984e-40,2.157804e-33,0.0,3.3692559e-21,1.0,6.101e-42
4893,0.00023367176,0.001158229,0.0023292308,0.00077930966,0.01750277,0.97782683,0.00016996595
4894,0.03832015,0.0062259175,0.029906722,0.006130487,0.071140364,0.8482062,7.0192524e-05
4895,4.048632e-08,1.8505672e-05,9.971196e-06,7.5756795e-08,1.14656505e-05,0.9997893,0.00017069366
4896,0.00021585127,1.8183918e-06,0.015075362,3.353263e-06,0.541607,0.44309577,8.647552e-07
4897,0.00072126754,0.014844831,0.0033143093,0.0028534099,0.01639392,0.95869344,0.003178898
4898,0.012566192,0.0014526274,0.09191199,3.5067078e-05,0.8782968,0.015733646,3.718394e-06
4899,4.2224463e-05,0.000103770835,0.0013295277,0.0002444456,0.00014513463,0.99806494,6.989591e-05
4900,0.0,0.0,0.0,0.0,0.0,1.0,0.0
4901,5.9709833e-05,1.554017e-05,0.001070154,6.155061e-05,0.0005602198,0.99821657,1.615235e-05
4902,0.010420853,0.0030604706,0.23830055,0.0020150696,0.08498186,0.66103864,0.00018257709
4903,0.00016170857,0.00010868098,0.0013226499,0.00024150177,0.0013369219,0.9968022,2.6324486e-05
4904,0.0019155109,0.0012905467,0.03086843,0.00047516782,0.6655033,0.29992357,2.3412123e-05
4905,6.1070487e-24,1.4598339e-15,2.1225947e-16,2.515699e-29,7.914138e-12,1.0,1.21340265e-14
4906,0.00018665032,0.00041134623,0.0016559755,0.00044327907,0.0009032317,0.99630994,8.965836e-05
4907,7.012214e-05,0.0009204583,0.004536487,0.0002247395,0.018624263,0.9749535,0.00067040295
4908,0.00024835955,8.3720806e-05,0.010402543,3.446965e-05,0.2778215,0.7113789,3.0586565e-05
4909,1.0484667e-23,9.172041e-15,1.7048959e-16,3.2692726e-28,1.0665615e-11,1.0,2.0081486e-13
4910,0.00010008207,0.00049847417,0.022713486,3.9195693e-05,0.08653532,0.8893135,0.00079994404
4911,0.0067745773,0.00014280382,0.062029947,6.479502e-05,0.52407897,0.4068893,1.9617717e-05
4912,6.566631e-05,0.00024608703,0.001749631,8.811855e-05,0.00048618575,0.99730253,6.175271e-05
4913,0.0026215564,0.00024914462,0.011505065,9.053365e-05,0.6241859,0.36134148,6.2431054e-06
4914,0.16310756,0.10616081,0.48563328,0.05314902,0.06605281,0.12569574,0.00020074377
4915,0.0002533304,1.3316869e-05,0.0058732727,3.6398035e-06,0.24682096,0.7467798,0.0002556517
4916,0.0625107,0.4700663,0.098393746,0.038133312,0.036338873,0.29119042,0.0033666606
4917,0.04745044,0.6245761,0.020873636,0.06713769,0.009910051,0.21568564,0.014366459
4918,7.849483e-06,2.0250905e-05,0.00029524657,1.2452733e-05,0.0010944364,0.99848014,8.955492e-05
4919,0.003695001,0.00015818031,0.022754328,6.337566e-05,0.43925104,0.5340667,1.1404938e-05
4920,1.6563803e-38,4.8480898e-26,1.4689319e-25,0.0,7.982943e-18,1.0,5.7901164e-24
4921,8.19577e-05,0.00021606118,0.0013996714,0.0017110743,0.00021607602,0.9962269,0.00014827662
4922,3.87762e-05,3.76617e-06,0.009582034,2.449252e-06,0.08837138,0.90199,1.1593863e-05
4923,0.0021430352,0.00049038493,0.15227246,0.001020158,0.037692565,0.80621946,0.00016193511
4924,0.00021999113,3.9804923e-05,0.04847085,5.546626e-05,0.057314556,0.8938881,1.1106398e-05
4925,5.6210776e-32,6.460946e-23,6.3854127e-21,2.88124e-40,1.06452755e-14,1.0,8.6353845e-23
4926,1.3831785e-20,4.8421865e-14,1.3798421e-13,8.2717736e-25,3.371332e-10,1.0,1.8429495e-13
4927,3.794743e-06,4.3284667e-06,0.00024927084,1.6706332e-05,0.00011188617,0.9995964,1.7675837e-05
4928,0.004288549,0.0050030462,0.5756192,0.004143642,0.03867196,0.37218925,8.429048e-05
4929,8.981319e-05,3.392235e-05,0.0012555404,0.0001406402,0.000707987,0.997767,5.2608184e-06
4930,0.00011538987,1.717227e-05,0.0027487336,3.9896936e-06,0.32750618,0.66959643,1.214456e-05
4931,2.5723645e-20,2.5986084e-13,8.420917e-14,9.634487e-25,6.5018585e-10,1.0,1.4582499e-12
4932,0.0,2.787e-42,4.034253e-30,0.0,4.6933595e-18,1.0,1e-45
4933,0.002398955,0.030870402,0.111743666,0.0035585111,0.22498862,0.6208332,0.005606605
4934,0.0,3.854869e-33,2.8138068e-30,0.0,3.1449533e-20,1.0,2.6361745e-32
4935,0.036643725,0.63542414,0.061492622,0.04202648,0.0026342534,0.21060771,0.011171111
4936,0.0021134184,0.0006362388,0.0106181875,0.00018286318,0.23798645,0.7483621,0.000100728095
4937,0.27115366,0.005280998,0.009312599,0.00032292932,0.69548786,0.018441018,1.061497e-06
4938,0.05696199,0.0019719042,0.028502345,0.00086423673,0.24213387,0.6695066,5.907045e-05
4939,0.00040650953,0.00055341417,0.0002319347,0.00015595228,0.000634106,0.9978643,0.00015380704
4940,1.4322926e-14,5.965531e-10,6.603996e-10,2.5795923e-16,3.4355086e-08,1.0,9.201612e-09
4941,0.048278067,0.00617588,0.03546005,0.0010436329,0.6229015,0.28609943,4.143289e-05
4942,0.0006424128,0.0001272376,0.009134507,0.0006632393,0.0010875866,0.98830473,4.0295145e-05
4943,0.0068564173,0.014136651,0.035498396,0.004940518,0.07880283,0.8593423,0.00042287615
4944,0.00016975963,4.12219e-05,0.10073549,3.1125597e-05,0.1418682,0.75713843,1.5714273e-05
4945,0.012673589,0.0007853421,0.026725955,0.0001292166,0.15405068,0.8055874,4.7755922e-05
4946,9.182683e-15,1.7721512e-09,4.182506e-10,4.1182762e-17,6.764236e-08,0.9999999,2.8550804e-09
4947,0.00015485004,0.00019868129,0.019908495,0.00018598935,0.04748344,0.9320419,2.6708485e-05
4948,0.0418709,0.04304089,0.027269369,0.024440583,0.0150376605,0.84702367,0.0013170367
4949,0.00013593525,2.5872809e-05,0.0024584676,1.6124575e-05,0.023812294,0.9735277,2.3589946e-05
4950,0.14596029,0.26974422,0.107145555,0.05099664,0.15361124,0.27156168,0.000980402
4951,8.129835e-27,7.2432845e-17,5.8164776e-18,1.0391886e-31,5.489368e-13,1.0,1.1266788e-15
4952,0.00039901474,0.0012173065,0.005499017,0.00020130073,0.1559165,0.836516,0.0002507786
4953,8.1226695e-05,1.0459832e-05,0.043470893,1.5985734e-05,0.11388046,0.8425357,5.304709e-06
4954,0.0036445262,0.0040948894,0.7302555,0.0018542609,0.040575035,0.21955304,2.2830343e-05
4955,0.007813796,0.0019597851,0.5870434,0.0024936118,0.21618336,0.18449673,9.308743e-06
4956,2.1593522e-05,8.05774e-05,0.0029838204,1.3377938e-05,0.01368749,0.98223543,0.00097772
4957,2.418222e-07,2.9721994e-08,0.00014877328,3.8368177e-07,0.00011299459,0.9997372,3.798618e-07
4958,0.00080070656,0.00023586875,0.0016700567,2.8412009e-05,0.1375493,0.85951793,0.00019780989
4959,5.691219e-05,1.2235769e-06,0.028634476,1.325184e-06,0.53863454,0.43267068,9.4560244e-07
4960,0.031386063,0.61957324,0.12800454,0.032524034,0.0018136073,0.17650908,0.010189365
4961,0.02394694,0.053598683,0.034188688,0.0027812389,0.21730655,0.6609736,0.0072043105
4962,0.00020639302,0.00034641378,0.013277652,0.0022467521,0.0034530275,0.9803842,8.56207e-05
4963,0.007951652,0.0029668626,0.044691555,0.017117893,0.0037255543,0.92347413,7.2351846e-05
4964,0.00077436457,0.0058756787,0.037227172,0.0010080343,0.042646457,0.9123666,0.00010173643
4965,0.22237754,0.4932221,0.14414757,0.05739499,0.0088441875,0.065871954,0.008141634
4966,0.0016840603,0.0017355767,0.0102588115,0.00020794678,0.13412005,0.85187185,0.00012162568
4967,0.0001632225,0.0001540739,0.007865972,0.00014392252,0.0692452,0.9223964,3.1233543e-05
4968,2.6968297e-15,4.047489e-10,2.0613569e-10,4.1195315e-18,4.7549797e-08,1.0,8.6455937e-10
4969,7.256e-42,7.0233295e-31,1.7437857e-27,0.0,1.881094e-18,1.0,6.609496e-31
4970,0.0010085452,0.0008667298,0.002903047,9.667064e-05,0.0514771,0.9435287,0.000119292185
4971,0.0138640795,0.0049375948,0.48967743,0.0019730583,0.2194555,0.2700648,2.7550921e-05
4972,9.74884e-06,0.00011520353,0.0015505811,0.0029155975,1.5620288e-05,0.9952679,0.0001252769
4973,0.0,2.73399e-40,1.0667256e-31,0.0,1.5412713e-19,1.0,2.747e-42
4974,1.7126509e-06,1.4103334e-05,0.012853259,1.4442805e-06,0.77813375,0.19022164,0.01877407
4975,0.00054026855,0.007868351,0.022997314,0.00067819434,0.014192495,0.95280176,0.00092158274
4976,0.0017051892,0.0024098183,0.007496896,0.010228126,0.0009884508,0.9770419,0.00012961279
4977,0.0067034946,0.00020901793,0.17909162,0.0005505146,0.4359947,0.3774475,3.1880822e-06
4978,0.0022137356,0.00016348386,0.0149291055,1.5501555e-05,0.09651425,0.88616085,2.989361e-06
4979,0.004758273,0.00047011886,0.23474899,0.00040497052,0.3454148,0.41418764,1.5218246e-05
4980,0.016238231,0.035626568,0.049539644,0.0046935016,0.072121285,0.8189376,0.0028431374
4981,2.0838091e-19,6.100331e-13,1.5191239e-13,4.47424e-23,4.874407e-10,1.0,2.512835e-11
4982,0.00012908773,5.6924706e-05,0.003113442,6.773166e-05,0.0057037054,0.9909107,1.8429071e-05
4983,0.00061877276,0.0023284836,0.0025659946,0.004889626,0.00021855425,0.98901165,0.00036689368
4984,0.000109611545,0.002854771,0.011051592,0.0006889863,0.018738477,0.9658879,0.00066868577
4985,0.17132853,0.07721439,0.17429656,0.02761543,0.12157427,0.4275562,0.00041469577
4986,0.053122506,0.008859589,0.031263366,0.0014105486,0.7196245,0.18570961,9.874431e-06
4987,0.02011296,0.007460024,0.6125713,0.0044018296,0.038578104,0.3167265,0.00014927483
4988,0.0017188103,0.0024632704,0.0069293,0.0023243353,0.0026625262,0.9836558,0.00024584768
4989,1.2849201e-05,6.385478e-05,0.0001920955,0.00011779363,3.5699446e-05,0.9993699,0.00020781314
4990,0.002566341,0.841229,0.005177687,0.025742846,0.0004033169,0.11157736,0.013303393
4991,0.17325152,0.47223485,0.1288975,0.06962883,0.013012372,0.13476974,0.008205163
4992,0.005925483,0.0047659203,0.65539294,0.002407748,0.19782157,0.1336791,7.2625285e-06
4993,4.5909665e-06,1.2868478e-05,8.72614e-05,1.3780711e-05,0.00032285997,0.9994861,7.24346e-05
4994,1.2113517e-08,8.6012545e-07,4.1209905e-06,6.50433e-11,0.0002171856,0.99977773,1.0338464e-07
4995,1.6875568e-06,2.0663194e-06,3.0074101e-05,8.4956014e-07,0.0030221958,0.9968797,6.353023e-05
4996,0.0064238016,0.0037273786,0.06277689,0.00037566895,0.200942,0.72255677,0.0031975652
4997,3.260808e-25,3.341253e-20,2.1319754e-16,7.677794e-33,4.447279e-11,1.0,4.6365327e-21
4998,5.2002194e-09,2.4482736e-07,1.621071e-05,4.5432826e-06,1.1086621e-06,0.99997425,3.6574324e-06
4999,0.00091257296,0.0004673893,0.003407213,0.0006085253,0.002352724,0.9921936,5.7957368e-05
5000,3.7634345e-05,0.00027804333,0.0012255802,0.000896045,0.00046270978,0.99679416,0.00030582142
5001,0.0022306116,0.0064821457,0.02963592,0.0059909783,0.022710724,0.93203205,0.00091757084
5002,0.005671924,0.014021101,0.020121792,0.000662242,0.031608522,0.91994905,0.007965334
5003,0.0006197186,9.6964875e-05,0.034803957,0.00027907206,0.14308086,0.82111007,9.328236e-06
5004,0.00029386143,9.663703e-05,0.005916874,5.6402347e-05,0.14132866,0.8522953,1.2298398e-05
5005,6.6817233e-15,5.056887e-10,8.596199e-10,1.9273067e-16,3.0632723e-08,1.0,4.9284816e-09
5006,4.1405427e-05,0.0001454634,0.0009947198,0.00010551277,0.001547585,0.99694973,0.00021563293
5007,0.000253608,0.0008449256,0.028374987,0.00027754673,0.038898926,0.9306933,0.0006565419
5008,7.4465795e-05,3.4673034e-05,0.00094103336,6.128299e-05,0.00083213457,0.9980394,1.705761e-05
5009,0.08555001,0.004155338,0.5142847,0.00320098,0.2922586,0.10054664,3.754756e-06
5010,0.23560183,0.008178432,0.19778652,0.005514004,0.38357976,0.16933177,7.6208566e-06
5011,0.00048207399,0.0005915009,0.028170705,0.00020681343,0.098916456,0.87130487,0.00032758297
5012,4.339221e-05,6.5494474e-05,0.00030269902,3.611262e-05,0.0045764437,0.9949281,4.777843e-05
5013,5.73e-43,1.0136077e-29,2.0824804e-28,0.0,3.111803e-19,1.0,2.5689315e-28
5014,0.00020988077,3.50424e-05,0.003910236,2.8877426e-05,0.0253705,0.9704147,3.0696796e-05
5015,1.101e-05,1.0062823e-05,0.0015328346,3.3961655e-06,0.04266824,0.9557198,5.4705528e-05
5016,0.011390708,0.00083399884,0.06832952,0.0021561617,0.049693093,0.8673304,0.00026615054
5017,0.20779024,0.117202096,0.49118382,0.042258743,0.059242114,0.081888855,0.00043420252
5018,0.004136949,9.1158676e-05,0.10758055,5.7228677e-05,0.33613583,0.551955,4.3302043e-05
5019,0.0002788823,0.0049489653,0.0055431435,0.00024543458,0.17734297,0.69743097,0.11420963
5020,0.0020711042,0.043443397,0.06130355,0.008949018,0.005670441,0.87637264,0.0021898109
5021,0.008430358,0.00054934266,0.017309103,7.556102e-05,0.3326343,0.64086485,0.00013642815
5022,4.445883e-06,1.8963673e-06,0.0003649464,6.247961e-06,0.00046438302,0.99915636,1.8052566e-06
5023,0.054178085,0.035082493,0.2579478,0.023697428,0.29478088,0.33414057,0.00017277645
5024,0.0012581564,0.001025935,0.0102642,0.009883919,0.0010770158,0.97644925,4.149295e-05
5025,0.0034281486,0.0006353339,0.020662926,0.00034253334,0.06092027,0.9136144,0.00039647255
5026,0.000976911,0.00013359338,0.014044181,0.00019921763,0.057573494,0.9270491,2.3458702e-05
5027,0.020190218,0.0024311275,0.27544433,0.0016354016,0.45629573,0.24398907,1.4136606e-05
5028,8.9934496e-05,0.0001273478,0.00019184251,1.8195138e-05,0.01326133,0.98625386,5.743076e-05
5029,4.3144514e-08,9.011667e-07,0.0001643804,1.8721231e-06,0.00019048774,0.9982002,0.0014420174
5030,2.489424e-05,3.3051122e-06,0.00033343752,7.3520805e-06,0.0014669698,0.9981609,3.0826016e-06
5031,1.9513452e-06,1.9134695e-06,0.00019512896,3.0623994e-06,0.00031660867,0.99946624,1.5118677e-05
5032,0.029638125,0.4903312,0.06680657,0.01972023,0.015143437,0.37287974,0.005480653
5033,3.355e-42,1.2344506e-35,1.7942595e-27,0.0,7.822483e-17,1.0,8.486892e-38
5034,0.00014054558,5.0698614e-05,0.011300745,4.3348533e-05,0.019546049,0.9687927,0.00012601056
5035,0.0034166044,0.00075637776,0.085567296,0.0066105393,0.0015114482,0.9020542,8.358397e-05
5036,4.0713627e-07,2.1842955e-07,7.827106e-05,1.1001027e-06,6.125956e-05,0.999858,7.0755107e-07
5037,6.514802e-06,1.1507269e-05,0.00017621893,1.8801973e-05,0.0002171954,0.99955016,1.9482502e-05
5038,0.0020081792,0.0047765244,0.006531107,0.007020513,0.001936303,0.9771468,0.00058060646
5039,0.058644634,0.020596199,0.3307632,0.016929884,0.32604703,0.2469604,5.868648e-05
5040,2.8756189e-05,0.00025374285,0.00047186646,1.7508555e-05,0.0028906623,0.99589705,0.00044047917
5041,0.011512063,0.010340893,0.77785105,0.005609114,0.049237695,0.14535531,9.381547e-05
5042,6.7971523e-15,1.7728712e-09,5.2490406e-10,1.5750574e-16,4.012458e-08,0.9999999,3.4903017e-08
5043,0.0,4.6e-44,4.7906697e-36,0.0,4.2369656e-23,1.0,1e-45
5044,0.00014229225,9.5816446e-05,0.01513652,2.5557447e-05,0.1922865,0.7917016,0.00061175704
5045,2.6656032e-11,7.675674e-09,9.7703996e-08,1.5830768e-13,2.165192e-06,0.99999774,2.5485407e-09
5046,0.00012328447,0.0011442706,0.096467026,0.0011403075,0.027635401,0.87342703,6.2709674e-05
5047,0.29940826,0.39893252,0.04301502,0.043319594,0.1450982,0.06942271,0.00080363976
5048,0.0035772088,0.008703447,0.017103562,0.000624786,0.053221535,0.9104843,0.0062851724
5049,0.06226965,0.49296936,0.18766636,0.06618607,0.019520719,0.1632221,0.008165732
5050,0.0005393023,6.518047e-05,0.009150542,0.00028539306,0.006003281,0.9839491,7.119476e-06
5051,0.011645306,0.0077161016,0.01616897,0.012100527,0.00661146,0.945397,0.00036057847
5052,0.1897131,0.5408185,0.1551718,0.059091978,0.0030914159,0.050522335,0.0015909119
5053,0.046994172,0.025034927,0.049252074,0.0044377097,0.42806694,0.44605753,0.00015664118
5054,1.3929464e-06,9.274556e-07,0.00010731682,1.2463292e-06,0.0008529927,0.99902725,8.962685e-06
5055,0.024387369,0.28595802,0.04248882,0.14791335,0.0054592537,0.485976,0.007817163
5056,6.384386e-06,1.9461306e-06,0.00019978473,6.323735e-06,0.00026725125,0.999516,2.3780726e-06
5057,3.1276906e-19,6.3889714e-13,6.03041e-13,2.1534742e-22,5.833333e-10,1.0,8.19502e-12
5058,0.055643722,0.0021745146,0.28912807,0.0015814061,0.49680334,0.15466382,5.136557e-06
5059,0.008929902,0.0054020574,0.7612001,0.0028622365,0.075400986,0.14617139,3.343113e-05
5060,0.00088682503,6.6517176e-05,0.03966765,8.745394e-05,0.36308292,0.596205,3.661876e-06
5061,6.6318306e-10,9.967617e-07,6.413157e-06,2.6998646e-09,1.2599594e-05,0.999962,1.8066632e-05
5062,0.00016541628,0.00055463583,0.00784389,0.00012460546,0.0896617,0.9014523,0.00019736038
5063,1.4607092e-05,2.2246219e-05,0.0009929972,8.243179e-05,0.000508487,0.998287,9.219763e-05
5064,0.0011052161,0.021075413,0.024307493,0.0019989891,0.02519597,0.90022105,0.026095932
5065,0.00020352242,0.00072376465,0.008411851,0.00017175694,0.05033945,0.93986064,0.00028898023
5066,0.009418825,0.001615727,0.13297628,0.00071948586,0.464814,0.3904485,7.1176505e-06
5067,5.2791087e-11,1.04124474e-07,2.0272002e-07,1.41450116e-11,1.4415068e-06,0.99999607,2.2111e-06
5068,0.0027558105,0.0007134132,0.0019753373,0.00069119345,0.005150138,0.98869866,1.5533502e-05
5069,1.7778968e-24,2.4853352e-16,2.1504189e-16,1.4479105e-29,1.0629668e-11,1.0,9.0447e-15
5070,0.009496749,0.0049675675,0.062352844,0.0015454385,0.1602985,0.7609615,0.00037749132
5071,0.0013525626,0.00024955766,0.031011876,4.9854443e-05,0.20299372,0.7631001,0.0012423388
5072,8.1471204e-05,0.0005275159,0.001057077,0.0005460857,0.0019531937,0.9954483,0.00038636607
5073,0.07307772,0.028373782,0.17491384,0.008495785,0.3793754,0.33540717,0.00035629197
5074,1.9632241e-06,2.4558728e-06,4.2208245e-05,1.4760024e-06,0.0015095496,0.9984315,1.0771979e-05
5075,7.902586e-06,4.5848873e-07,0.0012207958,5.928175e-06,0.0006412472,0.99812216,1.405024e-06
5076,0.0,0.0,7.1e-44,0.0,8.230748e-28,1.0,0.0
5077,0.022675613,0.00829263,0.29383418,0.0016724212,0.2601179,0.41295934,0.0004479056
5078,0.019647917,0.06426306,0.016837746,0.010267955,0.018194094,0.85991603,0.010873167
5079,0.00021293093,0.00089560455,0.014296782,6.9724105e-05,0.06758412,0.91678333,0.00015744641
5080,0.00023161096,3.184555e-05,0.012375631,1.5014481e-05,0.050637603,0.9366841,2.4333887e-05
5081,2.053985e-06,3.7470042e-07,0.0001621684,5.7429734e-08,0.040778738,0.9590557,8.8322764e-07
5082,0.0002371618,0.00012791359,0.015874572,6.846589e-05,0.1394753,0.844181,3.5591118e-05
5083,0.020479871,0.0118207745,0.06280473,0.0022849627,0.16962813,0.72971755,0.0032640712
5084,0.0027702628,0.00040110317,0.61054546,0.00052514207,0.05032205,0.3354285,7.4979753e-06
5085,0.023390127,0.02547837,0.7496073,0.009597736,0.030327063,0.16136031,0.00023916346
5086,3.0034602e-07,2.0566355e-07,1.5175443e-05,1.7316741e-07,0.0005454744,0.9994288,9.890127e-06
5087,0.00027127206,3.2336226e-05,0.011698157,1.0859164e-05,0.11101729,0.8769586,1.1531069e-05
5088,1.632136e-07,6.788182e-06,2.5417683e-05,6.301081e-06,0.00013362212,0.99968374,0.00014400441
5089,1.28e-43,4.9524315e-33,1.1045634e-28,0.0,1.1362937e-18,1.0,1.1726676e-33
5090,1.6857715e-05,0.00040681276,0.0016735689,0.00017477463,0.0029820339,0.98160756,0.013138298
5091,5.2e-44,1.48528545e-30,8.4868986e-29,0.0,3.8561172e-19,1.0,1.716998e-29
5092,0.012420166,0.039776005,0.04591341,0.0028521682,0.01471047,0.87349296,0.010834747
5093,0.0002156558,8.4064806e-05,0.02966678,1.5843678e-05,0.2928106,0.67695844,0.00024863103
5094,1.427247e-14,9.90406e-09,6.5259725e-10,5.4783725e-17,2.5184724e-07,0.99999964,8.786021e-08
5095,0.0004406057,0.00026651323,0.09862239,0.00033050048,0.18553044,0.7147916,1.7924029e-05
5096,1.8400921e-06,3.8491808e-06,0.00012617662,8.642488e-06,6.551521e-05,0.99978465,9.289331e-06
5097,6.651925e-07,2.1859469e-06,1.3722587e-05,1.4947076e-08,0.00014387164,0.9998388,7.559042e-07
5098,0.051820263,0.09758362,0.104693234,0.01733116,0.16391623,0.56374973,0.00090578635
5099,5.174889e-15,1.674456e-10,1.826491e-10,4.2224573e-17,2.8753846e-08,1.0,4.589296e-09
5100,1.35382925e-05,2.616397e-05,0.00017792705,2.6293317e-05,0.00036027908,0.99936813,2.7642936e-05
5101,0.0072309766,0.0029106005,0.0011913659,0.0003642651,0.04012898,0.9480447,0.00012904513
5102,0.008360272,0.020585373,0.07202886,0.0032496557,0.06419395,0.8301877,0.0013942195
5103,9.425974e-05,0.00014820203,0.03670327,0.00011531886,0.017791543,0.9450007,0.00014658358
5104,0.0006364277,0.0001501996,0.01268216,0.0002760276,0.007742138,0.978496,1.7074266e-05
5105,7.271466e-11,2.5792598e-08,1.1431788e-07,1.1417093e-12,4.8321717e-06,0.9999949,1.5517323e-07
5106,0.0010496966,3.1707202e-06,0.02345126,3.838127e-06,0.4989069,0.47658384,1.2085176e-06
5107,0.0338095,0.014924032,0.082869805,0.003806623,0.041761365,0.8191831,0.0036455558
5108,0.16191672,0.07097217,0.10317276,0.013713808,0.052058913,0.5969683,0.0011973515
5109,0.0100632245,0.2105637,0.045541395,0.058779623,0.003866685,0.6609964,0.010188953
5110,3.0204596e-05,1.4692101e-05,0.004065698,9.203346e-06,0.06748942,0.9283181,7.273281e-05
5111,2.2076197e-32,1.9926345e-21,2.0683243e-21,4.28964e-40,6.4012114e-15,1.0,9.474506e-21
5112,0.0003491457,0.0006325801,0.036570232,0.00025154138,0.097988814,0.8640686,0.00013914691
5113,0.00044226059,0.000113775975,0.1085398,0.00013988171,0.1477395,0.7429871,3.7712187e-05
5114,8.019343e-05,8.174234e-05,0.005614414,2.8677576e-05,0.0742123,0.9198485,0.00013416994
5115,8.445524e-13,2.3221641e-08,6.978641e-09,5.810542e-14,1.5554757e-07,0.99999917,6.3919174e-07
5116,0.006179094,0.0049291565,0.73317695,0.0028522927,0.06388936,0.1889476,2.548815e-05
5117,3.5132334e-08,1.1323539e-06,1.21555395e-05,2.0288253e-08,2.486453e-05,0.99993956,2.2362387e-05
5118,9.4874495e-06,2.0902266e-06,0.0005899389,2.7364533e-06,0.0030671915,0.9963232,5.294478e-06
5119,4.80728e-08,4.8897873e-06,6.4672313e-06,4.2651436e-08,8.650736e-06,0.9999527,2.7236734e-05
5120,0.0052951463,3.122687e-05,0.019992953,1.2419936e-05,0.7245422,0.25012037,5.708549e-06
5121,0.0024524522,0.017534351,0.052462026,0.0035685182,0.008977767,0.9144969,0.00050791865
5122,0.17595237,0.19326009,0.28349155,0.043446824,0.023549726,0.27772927,0.002570154
5123,0.0034344539,0.00021504881,0.018937364,0.00027170102,0.12393477,0.85315496,5.174325e-05
5124,0.00073499687,0.00047692296,0.027679428,0.003898338,0.0003759548,0.9667035,0.00013086695
5125,6.89945e-10,7.679103e-07,8.0699647e-07,1.412923e-10,3.861982e-06,0.9999931,1.587535e-06
5126,0.0,1.5366303e-38,8.8744715e-36,0.0,1.7123528e-23,1.0,9.836708e-38
5127,8.915488e-05,1.3649199e-06,0.031300403,1.5160483e-05,0.009369794,0.9592236,5.228514e-07
5128,2.0716617e-07,3.1759162e-05,4.2646487e-05,3.4234392e-07,2.6954065e-05,0.9998485,4.961537e-05
5129,1.4221886e-20,4.49967e-14,7.184269e-14,2.0581365e-24,2.417899e-10,1.0,5.2599976e-13
5130,0.0006403711,0.016446719,0.018540358,0.0051279035,0.0067587052,0.9438938,0.008592054
5131,0.00014873975,3.457305e-05,0.0017806869,7.9024585e-06,0.10374024,0.8942477,4.016822e-05
5132,1.0947631e-05,1.06397165e-05,0.00012321476,5.301446e-06,0.001642046,0.99818736,2.0499714e-05
5133,4.2025382e-05,1.4971927e-05,0.003370215,6.0334305e-06,0.035306532,0.96124065,1.9488118e-05
5134,0.057691853,0.20857865,0.0236402,0.03244156,0.059136547,0.61589104,0.002620179
5135,8.982119e-06,7.374143e-06,0.0011622839,5.3063077e-06,0.012961418,0.98583406,2.0555059e-05
5136,0.0008638595,0.00010077315,0.040587645,0.00018855868,0.078569755,0.8794899,0.00019954206
5137,5.3362448e-05,1.5656322e-05,0.01995986,1.4149706e-05,0.116725795,0.86321753,1.3628287e-05
5138,1.0594397e-28,1.1563206e-18,4.996415e-19,2.4930798e-34,9.61853e-14,1.0,5.8360166e-17
5139,9.266529e-05,9.20749e-05,0.018024152,5.7454665e-05,0.09096854,0.89072186,4.325802e-05
5140,0.1309746,0.052518964,0.5276114,0.023728024,0.11797854,0.14707693,0.000111580324
5141,0.00042352363,0.0007012484,0.0073711025,9.073028e-05,0.027353095,0.963963,9.73224e-05
5142,0.6332753,0.078009285,0.12465507,0.06999373,0.033565562,0.060454465,4.6644844e-05
5143,3.2125176e-13,1.5395152e-08,4.2296433e-09,5.817789e-15,7.150342e-07,0.9999988,4.658064e-07
5144,2.8396723e-17,1.64047e-13,1.3044226e-11,1.3172069e-21,6.1187198e-09,1.0,5.392731e-13
5145,1.9808669e-19,4.9490067e-13,3.0895281e-13,6.185856e-23,3.4904585e-10,1.0,7.4313845e-12
5146,0.4522441,0.039811946,0.20231527,0.019188184,0.15470955,0.13169912,3.1802112e-05
5147,0.0010780098,0.0008928462,0.01994353,4.342884e-05,0.051436797,0.9264113,0.0001941333
5148,0.08386631,0.3028646,0.36415333,0.05838037,0.010373483,0.17738649,0.0029753398
5149,0.039766528,0.015932037,0.43847558,0.015988301,0.018872196,0.4700581,0.00090719626
5150,3.9749152e-14,1.1405193e-10,6.5311784e-10,5.0059204e-17,7.330013e-08,0.9999999,2.8904518e-11
5151,0.0052623977,4.2084524e-05,0.036698766,4.7163012e-05,0.28350514,0.6744396,4.8865736e-06
5152,6.72911e-05,1.0904819e-05,0.0033556165,6.480629e-05,0.0013298537,0.995168,3.6249953e-06
5153,2.4239262e-07,7.2206144e-06,5.550863e-05,3.824903e-07,0.000105606036,0.9996501,0.00018083536
5154,8.390923e-05,9.574998e-05,0.017051807,6.710396e-05,0.11384717,0.8688405,1.3784834e-05
5155,2.9680248e-06,9.852016e-06,9.073286e-05,7.819047e-06,0.00039884748,0.9993455,0.0001442674
5156,0.00065512286,0.00097534107,0.013040091,0.0023915076,0.0068149585,0.9756468,0.0004761963
5157,0.0005190539,0.0043245917,0.008206965,0.0014013462,0.001340498,0.98399144,0.00021599648
5158,2.4546869e-06,2.8822324e-05,0.00026758056,4.875482e-05,0.00060324225,0.999014,3.5190937e-05
5159,0.03006318,0.6367944,0.04970605,0.036244366,0.0038761755,0.13248634,0.11082948
5160,5.7593206e-05,0.0003216049,0.006063267,6.552951e-05,0.0140578,0.9790565,0.00037764906
5161,0.002099286,0.0007656227,0.05691717,0.0004714058,0.2026108,0.73707515,6.0555656e-05
5162,5.4268974e-05,0.0006896885,0.011459613,0.00013144713,0.01988542,0.9674067,0.00037291672
5163,1.5260875e-05,9.484372e-06,0.0005972646,3.9025796e-05,0.00035909037,0.9989737,6.031267e-06
5164,0.04310239,0.00028927618,0.05903313,0.00016350528,0.7873229,0.11008818,6.3976967e-07
5165,0.09576734,0.013116822,0.062265985,0.0016864795,0.13415237,0.6920467,0.0009642567
5166,0.004540495,0.002162018,0.10833367,0.000808774,0.13100278,0.75129026,0.0018620458
5167,0.0007277828,0.0006309578,0.0061653573,3.473634e-05,0.02023269,0.97194237,0.0002661074
5168,2.8043e-41,8.0558234e-30,2.79037e-27,0.0,4.550646e-17,1.0,6.527339e-30
5169,0.00014767038,3.4509278e-05,0.037556928,7.061544e-05,0.11218969,0.8499948,5.7323696e-06
5170,0.0004810153,0.0001083359,0.0014008788,3.8548977e-05,0.19768234,0.80027604,1.2824971e-05
5171,0.00010057074,3.4348104e-06,0.039113734,4.9103933e-06,0.14676791,0.8140019,7.565117e-06
5172,0.0026444746,0.04290948,0.018141268,0.0011085505,0.020952122,0.8940343,0.02020983
5173,5.1117075e-17,9.145315e-11,1.5588182e-11,2.1658021e-19,4.1396198e-09,1.0,8.484294e-10
5174,0.0014124754,0.00488087,0.035118025,0.00051932904,0.02855602,0.92892355,0.0005896162
5175,5.0839742e-05,5.2552507e-05,0.0027529416,2.0460446e-05,0.0041564475,0.9928797,8.709961e-05
5176,0.00012310367,3.4063465e-05,0.016995506,2.2551409e-05,0.08161374,0.9011906,2.0486346e-05
5177,0.0032743216,0.00041410228,0.034669403,0.00031274778,0.1713491,0.78995365,2.6678597e-05
5178,5.697246e-07,1.7097575e-07,0.00012978299,1.6251071e-06,0.00013373402,0.999734,1.3026838e-07
5179,0.000121344725,1.6882672e-06,0.009990836,6.587214e-07,0.39252293,0.5973615,1.0349295e-06
5180,0.00022318114,0.0008322826,0.00510856,0.00029581983,0.024323542,0.96580184,0.0034148293
5181,0.028189331,0.0013834478,0.05579303,0.00033215637,0.20694098,0.70716536,0.00019565386
5182,0.0011554823,0.0055852565,0.5840168,0.0014416205,0.24763927,0.16010699,5.4552966e-05
5183,0.00040345624,0.001554314,0.03674291,0.0016542794,0.02316409,0.9363279,0.00015309078
5184,0.22490302,0.017839324,0.21906011,0.008009587,0.4746963,0.055482034,9.669476e-06
5185,0.03162986,0.005586034,0.16401948,0.006393188,0.41077054,0.38156375,3.7125563e-05
5186,4.5492575e-07,2.2300208e-06,6.502357e-05,9.977942e-07,6.667394e-05,0.99982893,3.5644964e-05
5187,8.706531e-16,8.502628e-11,2.4576624e-10,2.6050633e-18,3.746841e-08,1.0,5.222179e-10
5188,0.00084583723,0.00060835143,0.0004287907,0.00021446701,0.0004987247,0.99721694,0.0001869614
5189,0.02788356,0.028584648,0.022155534,0.004221137,0.41129205,0.5052194,0.0006437748
5190,0.12398948,0.45217827,0.12145908,0.07035913,0.007925346,0.21033616,0.013752485
5191,0.057114925,0.045604832,0.16682197,0.022269767,0.013874166,0.69288105,0.0014333262
5192,0.0016461019,0.00022188663,0.0075517604,2.9961866e-05,0.4643003,0.52622294,2.7017328e-05
5193,0.0033301103,0.0023227704,0.041227087,0.0004326335,0.09899373,0.8516119,0.0020816969
5194,4.077444e-05,2.5684585e-06,0.0039536795,2.0442785e-06,0.20157741,0.794422,1.4927448e-06
5195,0.0030913572,0.009644907,0.03036082,0.0010409711,0.14778627,0.80664146,0.0014342609
5196,0.08225544,0.78544647,0.046892215,0.03435622,0.0003068251,0.03723035,0.013512567
5197,0.00018742525,0.0032434189,0.036753576,0.0003684754,0.06257353,0.88628215,0.010591386
5198,8.62064e-23,2.4563346e-15,1.8856878e-15,1.2707586e-27,1.4778085e-11,1.0,1.5287879e-14
5199,0.0027232766,0.0008384703,0.034897204,9.0940775e-05,0.062144373,0.8990813,0.00022447927
5200,0.0005051157,0.0011747888,0.09611655,0.00039048778,0.4998482,0.40159345,0.00037142143
5201,0.060668137,0.0222389,0.35804352,0.0053300248,0.20160365,0.35043696,0.0016788092
5202,0.00033202555,0.0008937306,0.0025712722,0.0010136144,0.0061852233,0.98865706,0.00034714345
5203,0.031174336,0.011304217,0.26827538,0.0073614665,0.23551248,0.44626057,0.00011147722
5204,7.4115633e-06,0.00039928468,0.00016368978,7.3723963e-06,0.0005527257,0.9973003,0.0015691732
5205,0.0017895208,0.005837788,0.2055113,0.0041206027,0.03050868,0.751736,0.00049606524
5206,0.0025720499,0.011936069,0.08617532,0.0006401261,0.078285664,0.81762075,0.002770071
5207,0.39590588,0.08429671,0.28726915,0.03662629,0.12364047,0.0722156,4.5928464e-05
5208,2.7987016e-05,1.2052503e-05,0.0041917516,7.73734e-06,0.08687961,0.90886414,1.6796941e-05
5209,0.00014175689,0.0026828316,0.00902983,0.0012802498,0.012758455,0.97354716,0.00055976445
5210,0.04323251,0.019586548,0.6304357,0.007005186,0.17071848,0.12893818,8.33333e-05
5211,0.0020608387,0.00019003551,0.10767367,9.84742e-05,0.3385946,0.5513577,2.4806764e-05
5212,0.00057715893,0.0019431477,0.0072795427,0.0001823455,0.029301746,0.9601871,0.0005290049
5213,0.13285765,0.6474304,0.02735186,0.015576466,0.070696555,0.08041752,0.02566949
5214,0.0005578173,1.3628375e-05,0.021245243,1.0021134e-05,0.06993381,0.90820116,3.832648e-05
5215,0.0025312032,0.0003299196,0.10883617,0.0007908886,0.037456818,0.84995586,9.9124845e-05
5216,0.21428926,0.4572471,0.10874541,0.03324431,0.022768142,0.16254371,0.0011620857
5217,1.2119386e-06,2.0869837e-05,9.528196e-05,1.295203e-06,6.602255e-05,0.9997452,7.014605e-05
5218,9.1084155e-05,8.741236e-05,0.018179068,4.0314873e-05,0.08331828,0.8977883,0.00049548905
5219,0.101225816,0.65725476,0.041216068,0.04836402,0.010818796,0.12930183,0.011818773
5220,0.0025162944,0.05603626,0.09413768,0.014618722,0.022066498,0.80215913,0.008465402
5221,0.022645965,0.003957127,0.09878008,0.0037743098,0.18110853,0.68964577,8.8244895e-05
5222,0.014481788,0.597704,0.013876221,0.00847482,0.0062242183,0.092869855,0.26636907
5223,0.018368328,0.007963197,0.13977249,0.059162237,0.0036824557,0.7709522,9.902716e-05
5224,4.641656e-06,2.5452205e-06,0.00015971556,6.835176e-07,0.003569638,0.9962011,6.165569e-05
5225,0.49877682,0.1976526,0.06909696,0.03302983,0.12718646,0.07409272,0.00016454385
5226,0.034620404,0.09416703,0.12532078,0.010058916,0.44732788,0.27897802,0.009526937
5227,0.00043855287,0.0011063362,0.08161643,0.00050851394,0.058928035,0.857196,0.00020614798
5228,0.0002032819,0.00021999433,0.002176943,0.00013328386,0.0016544135,0.9951448,0.0004672252
5229,0.00092469784,4.7381265e-05,0.0038954816,1.749341e-05,0.1970663,0.79799926,4.9397913e-05
5230,2.8056552e-34,3.386453e-24,1.690636e-22,3.36e-43,1.4972831e-15,1.0,4.866476e-24
5231,0.00034530772,3.4501783e-05,0.010596665,1.2312061e-05,0.10981918,0.87917244,1.9681449e-05
5232,2.6707947e-05,1.3026695e-05,0.00069914584,1.2118546e-05,0.013202071,0.9860436,3.3894712e-06
5233,0.0015080898,0.0014066303,0.04846834,0.0004098064,0.12721676,0.8201067,0.00088366994
5234,0.0018566132,0.0033262158,0.16293842,0.0019724632,0.027814297,0.80198234,0.000109564266
5235,0.001968013,0.0004923461,0.49579972,0.00033166527,0.37122068,0.13018598,1.5272243e-06
5236,0.042387288,0.2050785,0.49926502,0.026986536,0.015884101,0.20771988,0.002678669
5237,0.00048892864,0.029578507,0.043686192,0.0047006407,0.020353006,0.88331395,0.017878775
5238,0.0002161048,7.499643e-05,0.0031332043,8.756101e-06,0.009574694,0.9869357,5.670311e-05
5239,0.01387268,0.016679317,0.066185,0.00701024,0.035964616,0.85795397,0.002334215
5240,0.2979438,0.26346222,0.24379295,0.07275034,0.00977419,0.109461665,0.0028148394
5241,0.036777858,0.005654182,0.31964287,0.004716914,0.5412068,0.09199512,6.2845684e-06
5242,1.9046936e-05,1.6897277e-05,0.00046823232,6.2877705e-05,0.0001944033,0.9992349,3.582761e-06
5243,0.012221417,0.013160436,0.03582433,0.0048793256,0.03237126,0.89768636,0.0038569334
5244,1.5065194e-09,9.3791823e-07,6.954028e-07,1.04988955e-10,2.0488313e-05,0.9999764,1.4945441e-06
5245,0.15243898,0.0956607,0.33233696,0.03465218,0.09741394,0.2868682,0.00062906294
5246,0.2024088,0.07291963,0.11183767,0.07816745,0.04357957,0.49050495,0.0005819787
5247,0.02580571,0.65236044,0.041432258,0.045034688,0.0042849784,0.22384457,0.0072373175
5248,6.6807296e-13,3.5237943e-10,7.006435e-09,9.430462e-15,9.2115954e-07,0.99999905,3.4481078e-09
5249,0.0010239711,0.0027876263,0.002101483,0.0062849335,0.0007670104,0.9868302,0.00020493763
5250,2.9783535e-06,2.8427086e-05,0.018007213,9.872677e-06,0.21159182,0.7506653,0.019694367
5251,0.00013662541,0.00015130064,0.028984074,3.3359458e-05,0.33842158,0.6318987,0.0003743818
5252,0.00536112,9.2146496e-05,0.08747759,5.936033e-05,0.7420559,0.16495278,1.1165964e-06
5253,3.347138e-08,1.9307915e-06,3.2849696e-06,3.0470517e-08,2.1488253e-05,0.9999131,6.0170318e-05
5254,1.8474873e-23,6.247822e-16,1.882475e-15,5.3730797e-28,1.0377097e-11,1.0,8.1459345e-15
5255,0.0062610903,0.0042430484,0.04700201,0.0015576127,0.14109397,0.7993041,0.0005381484
5256,0.055937488,0.059957832,0.04327985,0.003669925,0.09491483,0.7367249,0.005515126
5257,4.2220063e-17,9.895135e-12,2.3375338e-11,2.3715186e-20,9.190035e-09,1.0,6.232127e-11
5258,0.0059087914,0.007833739,0.015119495,0.0010294623,0.037450306,0.9311752,0.0014830324
5259,0.02117717,0.35808942,0.19857508,0.04197509,0.0110749295,0.36678773,0.0023205765
5260,4.6798075e-05,0.087408595,0.0002431074,9.881176e-05,0.0039042977,0.34434977,0.56394863
5261,0.031394392,0.016739879,0.009569543,0.00088562147,0.69200736,0.249323,8.0228325e-05
5262,0.0,1e-44,6.65181e-39,0.0,1.95732e-25,1.0,8e-45
5263,0.10736053,0.007946288,0.31261358,0.048145313,0.01026645,0.51362884,3.9042447e-05
5264,0.0009264029,9.7359385e-05,0.006885037,2.3641573e-05,0.3539964,0.6380432,2.7886908e-05
5265,7.0474557e-06,7.8763276e-07,0.00069090904,3.4619275e-06,0.00086867966,0.99842834,7.722933e-07
5266,0.008213977,0.0018521281,0.008003086,9.453062e-05,0.12811139,0.8468791,0.006845774
5267,0.00017604852,1.4575719e-05,0.0069618453,6.874388e-06,0.3195056,0.6733321,2.940536e-06
5268,5.2081738e-05,0.0003832563,0.0044791335,3.7298458e-05,0.033151023,0.9607697,0.0011275482
5269,0.00033549324,0.00012175014,0.06474435,0.0005529974,0.0048812167,0.9292611,0.00010313514
5270,0.00024525705,0.00016772262,0.00049145013,0.0002940885,0.0009903325,0.9977691,4.2044732e-05
5271,2.518917e-06,2.370478e-06,0.00052911555,7.07023e-07,0.02560608,0.97381413,4.510828e-05
5272,8.3302904e-05,0.00035175923,0.00073153654,0.0005692954,0.0005689388,0.99760455,9.068854e-05
5273,1.9730366e-21,6.8412975e-15,2.6241685e-14,1.8135704e-25,7.980261e-11,1.0,6.709235e-14
5274,9.495053e-13,6.0298437e-09,8.563519e-09,6.481417e-16,2.4461706e-06,0.9999975,1.1761465e-09
5275,0.0019761154,3.912384e-05,0.003934105,1.21168205e-05,0.11028661,0.8837335,1.8462226e-05
5276,0.0016174922,0.00091346924,0.00918688,6.5659355e-05,0.08728454,0.90026104,0.00067091157
5277,0.000980415,0.00029432707,0.11057358,0.000100299934,0.16932844,0.7186876,3.535384e-05
5278,5.004081e-06,4.7971557e-06,0.0023802822,2.0649395e-06,0.0100634005,0.98753625,8.103594e-06
5279,0.03926891,0.013797975,0.041410014,0.06359551,0.0044710194,0.8372591,0.00019741872
5280,3.087639e-05,1.4040143e-06,0.0036003713,6.9142254e-07,0.31454644,0.6818199,2.2332111e-07
5281,0.0009392936,5.6898574e-05,0.0058793453,1.5837366e-05,0.3725644,0.620491,5.329129e-05
5282,7.75468e-06,3.871478e-06,0.0025335294,3.8983612e-06,0.04686847,0.9505771,5.49255e-06
5283,0.07052251,0.10536824,0.37000892,0.020650906,0.06896334,0.36384937,0.0006367894
5284,0.10784846,0.033428706,0.040981412,0.05780067,0.046404187,0.7134688,6.774805e-05
5285,0.0001744929,2.5878067e-05,0.008514541,0.00034739607,0.0019403417,0.9889964,9.743237e-07
5286,1.0210088e-28,8.333015e-20,3.2251035e-19,5.9291073e-36,1.9420443e-13,1.0,3.1121828e-19
5287,0.0004940785,0.000577424,0.006472194,0.00010375271,0.04270702,0.9440741,0.0055714687
5288,0.0,3.6966037e-31,9.744754e-31,0.0,1.2421455e-20,1.0,9.3304565e-30
5289,0.0039766855,0.00146498,0.012777693,0.000287109,0.04351605,0.93653136,0.0014460991
5290,0.0041748034,0.6839319,0.011426847,0.030590964,0.0012739013,0.21290189,0.0556997
5291,0.0044894824,0.18841657,0.00062018755,0.0034626587,0.003253954,0.78797424,0.011782901
5292,0.00013806246,0.0009533234,0.0040025217,0.00017893959,0.010106285,0.9844162,0.00020462474
5293,0.0023865493,0.00027820346,0.023226164,3.7671976e-05,0.1951578,0.778843,7.068933e-05
5294,1.5880634e-18,4.9756627e-12,1.8375943e-12,1.102921e-21,2.8834455e-09,1.0,7.4854456e-11
5295,1.1975531e-05,0.0007215909,0.003724479,2.0239811e-05,0.108088605,0.831262,0.056171153
5296,0.0022566344,0.0013623298,0.7975611,0.0010051985,0.063070536,0.13473883,5.3475924e-06
5297,9.586274e-07,2.6255184e-06,4.89046e-05,4.820716e-06,0.00035911423,0.99956614,1.7491166e-05
5298,0.0017077661,0.00026977464,0.06450463,0.0001569213,0.14995943,0.7833465,5.5096276e-05
5299,3.981306e-17,2.0575026e-11,2.0319772e-11,5.1581432e-20,5.991693e-09,1.0,1.4356459e-10
5300,6.722222e-06,1.7933007e-05,0.00074341166,0.00012028925,0.00015689709,0.9988978,5.6960653e-05
5301,2.3922392e-05,8.348203e-06,0.00033583504,3.0623247e-05,0.00041035117,0.99918777,3.2192925e-06
5302,0.09062245,0.025182009,0.05598485,0.014223006,0.2835741,0.5303505,6.310609e-05
5303,2.913783e-05,3.0011803e-05,0.0021191572,7.8909015e-06,0.17694622,0.8208172,5.0358187e-05
5304,2.4567013e-05,6.634089e-06,0.0008013004,1.3705795e-05,0.0006263883,0.9985221,5.3500803e-06
5305,0.00062209525,2.2049617e-05,0.0029443528,2.4843686e-05,0.00859084,0.98777324,2.255411e-05
5306,5.065876e-05,5.2879795e-06,0.0005784138,9.501398e-07,0.25684613,0.7425153,3.1660456e-06
5307,0.034251593,0.6882967,0.062462866,0.036882434,0.0035462233,0.16801131,0.006548909
5308,0.46951222,0.21037383,0.11939631,0.059532046,0.071965285,0.06909661,0.00012375662
5309,0.0005654687,0.005504999,0.0022788325,0.0004354665,0.002450243,0.98850715,0.00025790744
5310,0.0006106573,0.0029875021,0.01065469,0.0005394508,0.004298484,0.97784686,0.0030622364
5311,1.1255105e-05,6.6538696e-06,0.00044885834,1.8595541e-05,0.00036280404,0.9991467,5.0803455e-06
5312,6.931712e-09,3.1888703e-06,2.96864e-06,8.600615e-09,8.654256e-06,0.9999217,6.341859e-05
5313,4.9979485e-06,7.091935e-06,0.00020287099,3.9537554e-06,0.00039577432,0.99936014,2.5177696e-05
5314,0.10349035,0.008542075,0.24543464,0.037210524,0.025605593,0.5796113,0.000105501065
5315,0.0143359685,0.0006588699,0.03600496,8.342271e-05,0.8775437,0.07131339,5.9686874e-05
5316,0.00046602727,5.4755834e-05,0.037846547,7.337756e-05,0.04968144,0.91181046,6.736039e-05
5317,0.0016474098,0.0025161393,0.020466074,0.0002238781,0.043628667,0.93086386,0.00065383175
5318,0.000909148,0.0038716306,0.04162768,0.0003702051,0.14286116,0.80364525,0.006714976
5319,0.011200766,0.010440704,0.23912261,0.0025059076,0.31259128,0.42408413,5.4686257e-05
5320,0.000384016,0.0006485773,0.011061633,0.0010022066,0.05018213,0.9366576,6.369881e-05
5321,5.945901e-05,7.683891e-05,0.004111638,5.9957594e-05,0.00086725724,0.9947583,6.651997e-05
5322,4.7364463e-07,5.997256e-08,7.7783756e-05,2.0323273e-07,0.0007803874,0.9991406,3.7829574e-07
5323,0.16735576,0.08233477,0.33741692,0.04818747,0.18507488,0.17946014,0.00017005662
5324,0.0068069547,0.003452434,0.018928435,0.00045721993,0.053141255,0.91677916,0.0004344757
5325,1.2091936e-05,1.569618e-05,9.886121e-05,2.6794381e-05,0.00013562612,0.99970585,4.9416512e-06
5326,1.01896e-39,9.976552e-34,7.40476e-26,0.0,2.7826578e-16,1.0,1.1649618e-35
5327,0.001262692,0.00010450484,0.03785709,4.4967976e-05,0.10398733,0.85666025,8.3233455e-05
5328,0.0053396723,1.0801627e-06,0.0019218338,1.9348806e-07,0.93888974,0.05384749,6.73591e-08
5329,2.0551306e-10,2.431531e-06,3.6777237e-07,6.7443995e-11,4.349741e-06,0.99996185,3.1087227e-05
5330,0.17673455,0.07383018,0.51257396,0.035531446,0.05948392,0.1414232,0.00042270412
5331,0.00024780378,0.00011572504,0.012414809,3.4914105e-05,0.04610254,0.94106233,2.1841564e-05
5332,0.013051797,0.0043834667,0.22543548,0.0019835087,0.049892027,0.70481485,0.0004389388
5333,0.0266125,0.028627522,0.09940335,0.004165326,0.10466509,0.7329862,0.0035399762
5334,2.5159095e-05,1.7374756e-05,0.00083222246,3.9078328e-05,0.0004586748,0.99861705,1.048528e-05
5335,0.030845074,0.023690253,0.7253937,0.011016277,0.044045724,0.16487934,0.00012961023
5336,0.013161046,0.020858333,0.4630899,0.005869193,0.16988339,0.32694092,0.00019717605
5337,5.5809774e-05,0.00016342214,0.018710872,6.534781e-05,0.20080842,0.7801474,4.8772108e-05
5338,2.7986976e-18,6.87372e-12,1.3013654e-12,3.7093356e-21,9.0019203e-10,1.0,1.9699944e-10
5339,2.8121136e-05,5.4001925e-05,0.0022321944,1.7895198e-05,0.04354036,0.954047,8.047507e-05
5340,0.0027104449,0.0016830066,0.045161575,0.000810182,0.09787698,0.8516647,9.312282e-05
5341,0.004650965,0.0015029586,0.034580477,0.00040148958,0.08860562,0.8700677,0.0001906978
5342,0.0012689094,9.1020875e-06,0.0040103807,8.388567e-07,0.71199846,0.282709,3.3152564e-06
5343,0.0037196812,0.020760229,0.014816677,0.0008677909,0.02503989,0.92743653,0.0073592216
5344,8.849331e-26,1.2600784e-16,3.421146e-17,2.0167138e-30,9.724734e-13,1.0,7.461711e-15
5345,3.7330412e-07,3.7766943e-06,7.8467725e-05,4.6792292e-07,0.00011533491,0.99965143,0.0001501559
5346,0.011912041,0.0016051377,0.19118018,0.0010154113,0.30902046,0.4851714,9.531127e-05
5347,3.0375688e-06,3.538816e-06,0.00012693906,6.0674047e-06,0.00022641533,0.9996275,6.4668543e-06
5348,9.3413706e-05,0.00919082,0.017355705,0.00081974885,0.0036962403,0.96596974,0.002874351
5349,6.61e-43,2.2931031e-31,3.3090592e-28,0.0,6.2884607e-19,1.0,1.4489762e-30
5350,5.8320502e-08,6.740882e-06,9.742687e-06,2.6763274e-08,1.8976767e-05,0.9999449,1.9505835e-05
5351,0.00011481497,0.000860605,0.013087515,0.00015699334,0.053579226,0.9244896,0.007711122
5352,5.243617e-07,1.2698713e-06,0.00019777924,3.8262644e-07,0.020272402,0.9794622,6.5449094e-05
5353,0.05329692,0.7592963,0.053469114,0.03443464,0.0101752365,0.074437,0.0148907965
5354,1.1006711e-05,0.00060401513,0.00020220061,6.2548243e-06,0.0009718717,0.99609864,0.0021059231
5355,3.6459725e-05,0.0012949655,0.00021976938,3.7934537e-05,0.00017603645,0.9975424,0.00069244875
5356,0.047823943,0.023186,0.049764413,0.0056250375,0.035818905,0.8364162,0.0013654352
5357,2.7211212e-07,7.88981e-06,1.51760905e-05,3.0035465e-06,5.094504e-05,0.9997507,0.0001720668
5358,0.19133489,0.0197142,0.37537944,0.023964638,0.19262114,0.1969586,2.7065991e-05
5359,1.1465978e-22,8.604411e-15,4.975029e-15,7.8069674e-28,1.6755262e-10,1.0,2.0471848e-14
5360,0.00035141263,6.338407e-05,0.1464643,9.032652e-05,0.24546489,0.60755765,8.0318805e-06
5361,0.0005757578,8.3407445e-05,0.08478002,2.5183082e-05,0.3576008,0.5569269,7.93366e-06
5362,6.191725e-05,7.945621e-06,0.0030061295,5.9234913e-05,0.0015420399,0.9953216,1.213448e-06
5363,4.642129e-05,1.7232722e-06,0.012446914,1.9653085e-05,0.0040067583,0.9834758,2.6446862e-06
5364,0.07038267,0.50133336,0.12293181,0.046922322,0.030300999,0.21971232,0.008416545
5365,4.779407e-13,3.4468208e-09,8.531355e-09,2.4551064e-15,4.049015e-07,0.99999964,3.480022e-09
5366,0.000121186014,0.0007617773,0.026272137,9.41508e-05,0.06357274,0.9084702,0.0007077869
5367,3.605878e-06,1.812736e-06,0.00018655312,2.4689514e-06,0.00054560107,0.9992519,8.056608e-06
5368,3.427149e-05,0.0002878699,0.0002651582,1.332748e-05,0.00040434996,0.9989189,7.62401e-05
5369,0.0001885263,0.0001610295,0.16787578,0.00012431439,0.21593706,0.6155935,0.00011985438
5370,0.0033423724,0.029183986,0.0033360908,0.005332304,0.0039854604,0.95423365,0.0005860675
5371,0.00015816807,0.00013358638,0.003068503,0.0006920348,0.0004854463,0.99542785,3.4370958e-05
5372,0.0013072402,3.865516e-05,0.008284301,9.784419e-06,0.51915604,0.4711847,1.9316181e-05
5373,2.7624676e-05,2.4193336e-05,0.0027988958,4.080854e-06,0.08590204,0.9111308,0.0001122811
5374,6.223423e-06,1.6345217e-05,0.00017889185,1.7001426e-05,0.00011707737,0.9996412,2.327357e-05
5375,9.93758e-05,0.0005241871,0.027457621,0.00010853317,0.07501017,0.89647144,0.00032855195
5376,0.008366738,0.007490157,0.034783438,0.0006337864,0.05170555,0.89373267,0.0032876048
5377,0.18499242,0.17030516,0.1040173,0.017611263,0.3699317,0.15220636,0.00093580934
5378,2.1957027e-05,6.7056244e-05,0.00059065147,9.230276e-06,0.001942843,0.99730647,6.17317e-05
5379,0.007924356,0.0066934265,0.080698006,0.0050407606,0.04872693,0.8500491,0.0008674957
5380,0.010808658,0.0065524136,0.027774487,0.00042556904,0.27304423,0.6775629,0.0038317146
5381,0.00054031983,0.00022153807,0.0011537684,0.00016420097,0.0075715207,0.9903206,2.7902788e-05
5382,0.0006817617,2.4740257e-05,0.05321869,2.481029e-05,0.2187111,0.7272877,5.117474e-05
5383,6.526986e-06,3.3496724e-06,0.00048521356,8.855797e-06,0.00058145804,0.99891186,2.7962346e-06
5384,0.015727269,0.0005786792,0.084976226,0.00042949893,0.4610469,0.43720952,3.1901778e-05
5385,0.055493034,0.57285154,0.026606351,0.02685512,0.029185213,0.2727063,0.01630239
5386,7.273301e-24,8.6456664e-16,3.1122825e-16,2.7867926e-29,8.503434e-12,1.0,1.9831163e-15
5387,0.0004004926,8.422872e-05,0.010049125,2.972862e-05,0.16291542,0.8265066,1.441624e-05
5388,0.040518276,0.0039450834,0.36462182,0.0038681773,0.4227108,0.16432914,6.710413e-06
5389,0.0001207502,9.425539e-05,0.0048489976,0.0004145254,0.00045374807,0.9939758,9.199894e-05
5390,0.0029814474,0.00026850947,0.016934237,5.846477e-05,0.035566423,0.9440197,0.00017114458
5391,5.0884682e-06,1.7360753e-06,0.0003833397,2.6839596e-06,0.0007202077,0.9988801,6.7405012e-06
5392,6.5204e-05,5.1814895e-05,0.027002834,2.4420458e-05,0.23874967,0.7341004,5.6323947e-06
5393,4.7623457e-06,7.063699e-05,0.00013398103,0.00010276543,5.634368e-05,0.99947375,0.00015767445
5394,0.0036061718,0.0019324817,0.027195854,0.00027277388,0.027628677,0.93914235,0.00022184057
5395,4.88349e-05,0.00029472512,0.019556016,0.000103735176,0.034132525,0.94570214,0.0001620859
5396,0.0057610865,0.0007744627,0.015670985,0.00029231596,0.074849084,0.90259707,5.496452e-05
5397,6.744995e-25,3.0469725e-20,2.1621485e-16,1.9736505e-32,4.8758546e-11,1.0,5.1944535e-21
5398,0.0018604024,0.0009660546,0.03282328,0.0034158146,0.0018880109,0.95887923,0.00016726895
5399,0.010074139,0.0039349855,0.18132263,0.002664987,0.2273791,0.5745154,0.00010875053
5400,0.0055039804,0.00031675922,0.085125186,0.00021054863,0.3368699,0.5719601,1.3581796e-05
5401,0.00036471843,2.2241315e-05,0.0060508493,2.1639124e-05,0.013349576,0.9801601,3.089972e-05
5402,0.0018937743,0.01023901,0.0060660304,0.0054935114,0.0041604866,0.9694178,0.0027292427
5403,0.004831643,0.0020394237,0.033538584,0.00034382995,0.15039839,0.8042865,0.0045616906
5404,0.0,0.0,0.0,0.0,0.0,1.0,0.0
5405,2.0104977e-05,0.00045079592,0.002492488,4.731652e-05,0.0057156435,0.9909843,0.00028931253
5406,0.007935043,0.0003193,0.21878676,0.00031729214,0.31235662,0.46025968,2.5338397e-05
5407,0.00040574124,0.0006185231,0.039267126,0.0008456668,0.08300306,0.87576246,9.7384676e-05
5408,7.30512e-29,6.8526246e-25,8.1516685e-19,2.901122e-38,8.541484e-13,1.0,1.03239564e-25
5409,9.705273e-07,7.0151424e-07,0.00013950387,3.0709455e-06,0.00012310599,0.99973136,1.2428774e-06
5410,0.010464289,0.0500414,0.36492002,0.014194021,0.11474791,0.44434848,0.0012839201
5411,0.00050611485,0.00013943428,0.06655169,0.00014045779,0.12145236,0.8111055,0.0001043971
5412,0.00018073281,6.217907e-05,0.002209222,1.0827878e-05,0.03391956,0.96332765,0.00028993393
5413,0.032548074,0.010337952,0.23152821,0.0037885911,0.36841655,0.35329303,8.758987e-05
5414,0.00033072734,9.622181e-05,0.006235186,0.00018517055,0.004247109,0.9888259,7.9694495e-05
5415,0.021719424,0.0055237506,0.037712466,0.07646034,0.0047075846,0.85385203,2.441316e-05
5416,6.6823166e-05,5.4466553e-05,0.00672834,1.2084458e-05,0.051391874,0.9412145,0.00053196424
5417,0.46555358,0.034133807,0.296752,0.018269012,0.1681355,0.017151508,4.646724e-06
5418,5.2879177e-22,2.8275271e-14,8.490812e-15,4.273042e-26,4.286094e-11,1.0,7.073215e-13
5419,1.986299e-07,3.0662326e-05,2.963339e-05,6.657978e-08,7.40816e-05,0.9998429,2.2469394e-05
5420,0.037670672,0.006794407,0.19355515,0.006557299,0.15956257,0.5957731,8.676403e-05
5421,7.997061e-24,1.8207533e-16,4.960889e-16,2.9078514e-28,2.817303e-11,1.0,5.1084773e-15
5422,2.4536348e-06,1.49586e-06,0.000106372325,2.1360895e-06,0.0004218664,0.9994605,5.1044594e-06
5423,0.062516585,0.0080606,0.096553385,0.005195754,0.16135848,0.66596633,0.0003489307
5424,5.1324133e-07,0.00011254376,5.8183658e-05,3.8855077e-07,0.00013494617,0.99926156,0.00043191295
5425,2.2538966e-06,0.0002725827,0.000106275635,6.1886453e-06,9.5129406e-05,0.9966978,0.0028197973
5426,0.001252138,0.0012918704,0.43099114,0.00078344543,0.10842615,0.45719528,5.989846e-05
5427,0.39451554,0.06795386,0.18437377,0.062716834,0.14837156,0.14194003,0.0001284253
5428,0.128084,0.036231976,0.15270145,0.03950927,0.047181692,0.59598,0.00031157656
5429,0.01859636,0.06872469,0.12182048,0.008957374,0.009962286,0.7540621,0.017876677
5430,0.03163989,0.005344204,0.13134398,0.023219967,0.0042110034,0.8041805,6.0473678e-05
5431,0.0004925848,0.0011916547,0.031906236,0.00056031626,0.029604081,0.9329935,0.003251578
5432,0.005194156,0.033727612,0.01632408,0.0015535468,0.03217425,0.9034625,0.0075638583
5433,1.9991858e-06,7.6863694e-07,0.00013245213,2.923847e-06,0.00030725694,0.9995534,1.2183888e-06
5434,2.0345675e-11,6.276058e-08,6.081224e-08,4.3298183e-13,1.7100548e-06,0.999998,1.8794061e-07
5435,3.868271e-05,0.00042738425,0.0011016001,8.905125e-05,0.00035171013,0.9972337,0.0007579687
5436,9.378967e-06,1.3229724e-06,0.00016398888,8.274495e-06,0.0004290893,0.99938667,1.2933134e-06
5437,1.736e-42,4.8548537e-30,3.8350193e-28,0.0,7.935181e-19,1.0,3.1028125e-30
5438,0.0889391,0.2374686,0.16960157,0.030491509,0.035984766,0.42461056,0.012903873
5439,0.00018469211,0.00030144106,0.5655221,0.00035178397,0.169313,0.26426762,5.9407157e-05
5440,0.00023214804,0.00089025055,0.008507547,0.00040070695,0.028031688,0.96176606,0.00017163066
5441,6.854099e-07,1.589072e-07,4.2977023e-05,2.226066e-07,0.0008418831,0.9991115,2.6046516e-06
5442,0.00019547986,0.0014742787,0.2763822,0.0011665298,0.0078454465,0.71283144,0.00010460659
5443,5.2236114e-06,0.00016593076,0.0035765572,2.7985816e-05,0.0058827014,0.98227525,0.008066402
5444,0.00033486084,0.008171325,0.08749418,0.0014596288,0.050856423,0.84955007,0.0021334398
5445,0.0018838097,0.001710606,0.06898538,0.00092127227,0.04902392,0.8767926,0.000682379
5446,1.6223546e-05,1.548743e-06,0.0005234229,4.6266823e-06,0.0024207593,0.9970252,8.285639e-06
5447,5.3723077e-18,3.5913967e-12,7.362001e-12,1.25313485e-20,2.6667817e-09,1.0,1.5855699e-10
5448,0.14118938,0.2459948,0.40630803,0.057070736,0.027413463,0.11784082,0.0041827597
5449,0.023318319,0.025953818,0.46802184,0.005166039,0.11905261,0.358101,0.0003862893
5450,0.0063622706,0.004117649,0.17821158,0.0024012986,0.016422724,0.791723,0.00076146226
5451,0.0010166874,0.00037259035,0.012274337,6.7671965e-05,0.11101679,0.8749114,0.0003404805
5452,0.11396257,0.17758675,0.47970998,0.04739642,0.023009868,0.15730126,0.0010331861
5453,4.301684e-06,0.00020990222,0.00016191069,2.6589498e-06,0.0003422193,0.9990796,0.00019949535
5454,1.4688008e-05,5.4275865e-06,0.001981472,1.2866947e-06,0.094990484,0.9029921,1.4577151e-05
5455,7.5595167e-06,8.610023e-05,8.9842615e-05,4.596481e-05,0.000226476,0.99923575,0.00030833855
5456,0.12452118,0.022365717,0.012549117,0.0013863972,0.72777724,0.111385874,1.4372212e-05
5457,1.384657e-27,1.4887696e-21,6.634801e-18,1.0969634e-35,4.3611425e-12,1.0,4.3171735e-22
5458,0.0015211402,0.32475862,0.0022541473,0.0036070622,0.0006161841,0.0256978,0.6415451
5459,0.008702402,0.009344443,0.07372048,0.002325103,0.05176227,0.8532939,0.0008513809
5460,0.13269907,0.46999657,0.1413809,0.06867271,0.002799653,0.17601141,0.008439728
5461,0.0008847028,5.220637e-05,0.024665423,2.1708027e-05,0.6124144,0.36195305,8.537823e-06
5462,0.0,0.0,0.0,0.0,1.871684e-39,1.0,0.0
5463,0.0015369522,0.00032839147,0.002768801,6.28694e-05,0.04194167,0.9532389,0.00012241077
5464,0.0039402517,0.38231638,0.09295329,0.06581047,0.0008146872,0.44820067,0.005964172
5465,0.00022839951,0.0008972387,0.20005757,0.0005744094,0.21454339,0.58315825,0.0005406394
5466,0.00017415248,0.0010402506,0.0033925541,0.0003775804,0.019979376,0.97478604,0.00025013156
5467,0.15252942,0.6519872,0.055309623,0.027452722,0.035816856,0.07407843,0.002825728
5468,0.006639694,0.017112665,0.0060863914,0.0028284115,0.03724416,0.9293943,0.0006943964
5469,0.0027795595,0.6621602,0.012580059,0.018542608,0.000781929,0.29496104,0.008194554
5470,5.088155e-06,5.9578444e-05,1.106291e-05,4.7997196e-07,3.3197164e-05,0.99966,0.0002306222
5471,0.0004011245,0.00017617091,0.008518508,0.00013289253,0.08994665,0.90080446,2.015431e-05
5472,0.34910578,0.0663402,0.17579724,0.008684097,0.26069507,0.1387498,0.0006278476
5473,1.0085785e-36,1.3376673e-31,7.5417745e-24,0.0,4.242757e-15,1.0,3.0516501e-34
5474,0.0010998796,0.00020108768,0.065080225,0.00017024654,0.39246494,0.5409648,1.887165e-05
5475,3.2394294e-06,3.381449e-05,0.00010036931,4.114211e-06,0.0002645325,0.9994017,0.00019219708
5476,3.6553767e-11,9.134305e-08,1.1942227e-07,2.9338001e-12,1.8722734e-06,0.9999974,4.813636e-07
5477,0.06414022,0.78745615,0.025934381,0.035129257,0.0038684926,0.07615219,0.0073192567
5478,3.0106113e-21,1.4088872e-15,3.569506e-14,2.5599817e-27,7.427693e-10,1.0,7.9120696e-16
5479,1.4668695e-05,2.8590473e-06,0.012332313,5.607173e-06,0.07392981,0.9136715,4.3366144e-05
5480,0.00068058254,0.0025240595,0.071426585,0.001830896,0.08657654,0.8367945,0.00016683515
5481,0.0028575372,0.038901623,0.02490354,0.009904146,0.047803577,0.8719299,0.0036997076
5482,0.039230186,0.015386658,0.15461145,0.004275057,0.11935568,0.6656277,0.0015132318
5483,0.001452827,0.0031541104,0.013070171,0.00014426892,0.09505272,0.88417464,0.0029511356
5484,0.009854818,0.0033864551,0.026587289,0.00026874835,0.27726865,0.6823255,0.000308512
5485,0.00016140469,0.00023766533,0.02035528,5.6071283e-05,0.06043074,0.91864914,0.000109688364
5486,0.20752095,0.07043489,0.51091367,0.028416906,0.07568109,0.10687235,0.0001601808
5487,0.008459128,0.0007430965,0.08692374,0.00022998225,0.44188115,0.461752,1.0821305e-05
5488,8.392307e-15,7.2921874e-10,2.5179506e-10,5.573781e-17,5.4351023e-08,0.9999999,1.2209979e-08
5489,2.1718935e-05,1.5287113e-05,0.0024986023,5.9708736e-06,0.089265734,0.9078369,0.00035587492
5490,0.0070701083,0.00044260317,0.07329373,0.00025285932,0.4461885,0.47272637,2.5868481e-05
5491,1.8090224e-09,1.0986145e-06,3.1023444e-07,1.3853593e-10,2.548484e-06,0.9999796,1.6411834e-05
5492,0.00082992454,0.00012019647,0.019333513,5.0628423e-05,0.17013535,0.80937797,0.00015237804
5493,0.00029953543,0.0016211846,0.09917113,0.001062778,0.048784122,0.8482605,0.00080072886
5494,0.0020263656,0.00033535398,0.0226548,7.819535e-05,0.15705135,0.8176185,0.00023538822
5495,0.064812645,0.05777827,0.48797834,0.016526313,0.094870485,0.2778043,0.00022971285
5496,0.0061597754,0.035762746,0.08783322,0.025352648,0.00055497274,0.83654547,0.0077912244
5497,1.6387731e-19,2.8456787e-14,6.3208277e-13,7.126037e-25,5.576431e-09,1.0,1.0981516e-14
5498,0.07255168,0.2571827,0.13285014,0.031507734,0.051663186,0.45081556,0.0034290184
5499,4.9273833e-05,2.3086033e-05,0.0006287991,2.3663204e-05,0.0011802195,0.9980698,2.5149888e-05
5500,0.00090945454,0.00085658976,0.015380013,0.0011092582,0.0041565,0.9771574,0.00043071547
5501,0.02134329,0.4672685,0.10452303,0.032034457,0.017482234,0.34978294,0.007565462
5502,0.0035551537,0.0016835312,0.65822154,0.0020144938,0.069302574,0.26520243,2.0276437e-05
5503,0.0015250954,0.00020607961,0.0041348953,0.0012195971,0.0012594517,0.99164987,5.073115e-06
5504,1.3987604e-06,5.7264053e-05,9.168896e-05,1.6758725e-07,0.0007391554,0.9990802,3.017831e-05
5505,1.07176034e-13,4.7887982e-09,2.673749e-09,2.990954e-15,1.0814312e-07,0.9999999,3.263412e-08
5506,0.0019698504,0.0030342042,0.0060388152,0.0013696242,0.0024343042,0.98252654,0.0026267166
5507,9.05938e-05,0.0005620531,0.0055854064,0.00058030395,0.010206885,0.98280245,0.00017233459
5508,0.01682547,0.43427217,0.023211714,0.03249417,0.0029847114,0.26658776,0.22362402
5509,2.4931193e-10,9.613648e-07,3.5515214e-07,4.1215656e-11,1.7073384e-06,0.99998844,8.499827e-06
5510,0.00022759539,0.0002458622,0.0020168228,1.0800011e-05,0.12988134,0.8660316,0.0015860401
5511,0.0015825691,0.016323306,0.025920821,0.0013692136,0.0073099346,0.94655114,0.0009429687
5512,3.9024326e-05,3.7357637e-05,0.00029758853,4.339029e-05,0.0015150362,0.99803144,3.6109537e-05
5513,4.5194935e-05,0.00016380413,0.027141148,3.8184688e-05,0.37611458,0.59489894,0.0015981571
5514,0.00018408,6.164785e-05,0.03797475,3.1102452e-05,0.25372425,0.708003,2.1128728e-05
5515,4.624945e-07,8.1339624e-07,2.902141e-05,1.4368935e-06,6.196177e-05,0.9999014,4.8208112e-06
5516,6.401758e-05,0.0005355338,0.004453243,0.0009330683,0.0003372352,0.9889587,0.0047180937
5517,0.00012567027,0.00012561683,0.0026662345,6.382535e-05,0.01577561,0.98117346,6.952944e-05
5518,0.00063452654,0.000114536604,0.019242983,2.2702627e-05,0.35369873,0.6262255,6.1137536e-05
5519,7.2066885e-15,1.8115722e-09,2.273659e-10,8.178175e-18,3.2328543e-07,0.99999964,5.465537e-09
5520,0.004223737,0.0010183305,0.18912722,0.0010504597,0.15084684,0.65364707,8.6402026e-05
5521,0.0002102978,0.009548627,0.00467854,0.0018030517,0.00089973415,0.9823757,0.00048408943
5522,0.45834228,0.184404,0.21953645,0.058700558,0.027855508,0.05068084,0.00048041414
5523,2.26793e-13,2.3880775e-08,2.086635e-09,6.8601122e-15,1.6772103e-07,0.99999976,4.4209237e-08
5524,0.0010912732,0.006936078,0.06513586,0.0012116727,0.18925454,0.7356715,0.0006990902
5525,0.010481777,0.22906251,0.2195505,0.026331596,0.002502871,0.5080543,0.0040164576
5526,0.0047262805,0.0011837458,0.06898674,0.0008126011,0.124825366,0.7994146,5.069514e-05
5527,0.011277917,0.03275093,0.3290917,0.008653924,0.079484634,0.5383289,0.00041205218
5528,0.0018101027,0.0005755979,0.014533853,4.6841968e-05,0.04031241,0.9422842,0.00043694445
5529,0.00089200126,0.0138140125,0.011815018,0.014776924,8.103315e-05,0.9549096,0.0037114404
5530,0.0009784001,0.00059186807,0.010562067,5.6301742e-05,0.05949923,0.9277492,0.00056296185
5531,1.9629921e-13,1.3320156e-08,1.1105058e-09,1.0510778e-15,7.954985e-08,0.9999999,4.369244e-08
5532,1.1710583e-18,3.1746075e-11,5.81433e-13,1.3151735e-21,1.8194439e-09,1.0,3.6561137e-10
5533,0.03963735,0.0002868096,0.22116643,0.00037253692,0.29198387,0.4465443,8.745367e-06
5534,0.0010928375,0.0038671235,0.032798972,0.001499099,0.033400945,0.91079575,0.016545342
5535,0.0057354975,0.0023979854,0.67260545,0.002712028,0.13340111,0.1831041,4.38333e-05
5536,4.580768e-06,3.3180709e-06,0.0004563821,9.291748e-06,0.00068934384,0.9988257,1.1288916e-05
5537,1.240248e-05,4.5417208e-05,0.056785148,5.5456774e-05,0.021970132,0.92091024,0.00022117243
5538,0.0013515187,0.0032209416,0.011172318,0.0028634635,0.010317069,0.9696446,0.0014301277
5539,0.0016730058,0.00023998173,0.019162731,8.158227e-05,0.11355227,0.8651983,9.2111986e-05
5540,0.010836106,0.0108946515,0.8102629,0.0030098257,0.10821111,0.056775145,1.0299842e-05
5541,0.00011232205,3.3432038e-06,0.0057830927,5.6845247e-06,0.28302872,0.71106637,5.5626566e-07
5542,0.043853343,0.010034244,0.07340718,0.0051344545,0.59506834,0.27247766,2.4769117e-05
5543,2.47625e-16,1.30407e-10,3.409223e-11,6.98567e-19,9.944078e-09,1.0,3.166978e-09
5544,0.0003863134,0.00049709814,0.0072332015,0.0012105075,0.0019941998,0.9885026,0.00017610403
5545,9.016057e-06,0.00035996144,0.0010288318,2.838456e-05,0.0005835553,0.997736,0.00025430086
5546,1.0229212e-05,4.7291433e-06,0.0003819105,3.2298926e-06,0.0023977347,0.99718297,1.9219045e-05
5547,3.40354e-05,1.35034425e-05,0.026524287,1.4367896e-05,0.1418599,0.83155066,3.2996563e-06
5548,0.004460393,6.776936e-05,0.014485269,2.6321415e-05,0.73099434,0.24995175,1.4168308e-05
5549,0.0031504752,1.2561489e-05,0.05307066,1.0070921e-05,0.54293877,0.4007997,1.7791132e-05
5550,0.008974496,0.66629314,0.064277284,0.028259812,0.0094014015,0.21523155,0.0075623263
5551,0.00011904264,1.19231645e-05,0.03388791,2.2526849e-05,0.04645301,0.91949743,8.078071e-06
5552,2.5722298e-05,2.5960113e-05,0.00039467425,0.00012266124,0.00016617062,0.99923086,3.3937507e-05
5553,1.4987657e-05,3.168968e-05,0.008755578,2.416265e-05,0.025108302,0.965956,0.00010934154
5554,1.1026372e-17,6.232073e-13,8.682685e-12,6.811954e-21,1.9237731e-09,1.0,3.0287676e-12
5555,0.003985259,0.04874578,0.029986063,0.005658483,0.017547444,0.8821706,0.011906379
5556,4.2880471e-10,8.784605e-07,1.0020859e-06,8.245944e-11,1.141171e-05,0.999984,2.6926255e-06
5557,2.1110561e-07,9.959587e-08,2.3774572e-05,2.7241956e-07,0.00012433782,0.99985075,5.518157e-07
5558,4.0116065e-05,8.343164e-06,0.0006161478,4.196135e-06,0.0069559766,0.9923626,1.2618928e-05
5559,0.009811993,0.0015059416,0.0931612,0.00025370886,0.7526952,0.14256486,7.159361e-06
5560,1.1885418e-27,2.8663104e-20,6.6411564e-18,1.2529203e-34,4.0254965e-12,1.0,6.7913564e-20
5561,0.00025350507,0.00012681501,0.0005791632,0.000145163,0.0045010233,0.99438804,6.251745e-06
5562,2.4699877e-06,8.28386e-05,0.00018161953,4.111665e-06,0.00011976976,0.99948645,0.00012268465
5563,0.0017871656,0.15318953,0.028257657,0.021663686,0.013633992,0.73064727,0.050820716
5564,1.3353569e-25,4.3218763e-19,3.249447e-17,8.335248e-33,1.5445412e-11,1.0,2.1302906e-18
5565,0.0003703162,0.018785506,0.013685503,0.00067734456,0.0053035715,0.9574868,0.0036909615
5566,1.8074962e-06,0.00016848216,0.0003589915,4.6636105e-06,4.4531836e-05,0.99862003,0.00080160337
5567,9.0366215e-05,3.9802697e-05,0.023046287,3.1001626e-05,0.02082958,0.95593053,3.2448424e-05
5568,0.058275655,0.71031934,0.047643457,0.051129214,0.00092766876,0.08012603,0.05157859
5569,0.18212777,0.28364885,0.15599658,0.042098667,0.024315441,0.3051206,0.006692133
5570,0.0065452955,0.004420468,0.05298515,0.00095334667,0.1209914,0.81391364,0.00019063114
5571,0.031293366,0.0025696605,0.20487289,0.0010603666,0.5184883,0.24165097,6.447031e-05
5572,0.011249424,0.0032179283,0.14013374,0.0010932903,0.6177954,0.22648793,2.2301801e-05
5573,0.0006463762,0.00017409778,0.017006155,8.567255e-05,0.10369407,0.8783489,4.474741e-05
5574,0.00015302858,1.9046828e-07,0.00071556517,3.2624428e-08,0.9097452,0.08938588,5.0563834e-08
5575,4.6559835e-05,0.00010487329,0.010572144,1.42939e-05,0.049893606,0.9392636,0.00010487338
5576,0.16346385,0.21198808,0.15036826,0.044183314,0.054471377,0.37430882,0.0012163384
5577,0.01290135,0.0035707764,0.59156656,0.003255629,0.094638884,0.29402065,4.6080473e-05
5578,0.00040955996,0.00026473988,0.1674391,0.0003648275,0.046632063,0.784734,0.00015570856
5579,0.021915501,0.000119909535,0.026280813,3.3896886e-05,0.8470874,0.104561254,1.2013696e-06
5580,3.2180535e-24,3.3994614e-16,2.804932e-16,3.1280686e-29,4.528189e-12,1.0,7.5520585e-15
5581,0.18463881,0.21196014,0.048818387,0.031127509,0.1002281,0.42236567,0.0008613334
5582,0.0014741253,0.0004825611,0.03659241,0.000118291086,0.12699895,0.83408237,0.00025136085
5583,0.00022383542,0.00619138,0.0022785729,0.008636891,3.0219253e-05,0.9783945,0.0042446055
5584,4.7211965e-06,1.1192974e-05,0.00011484188,4.168613e-05,6.106534e-05,0.9997582,8.310823e-06
5585,5.066558e-06,7.725887e-06,0.0001450204,6.289872e-06,0.00015619566,0.99967325,6.4499964e-06
5586,0.0005757182,0.003434998,0.0015777394,0.00081907486,0.033889163,0.9590556,0.00064770767
5587,0.008116708,0.0005233481,0.0707747,0.00060981035,0.48443213,0.43553814,5.122484e-06
5588,0.00020382936,0.0005623148,0.011369964,0.00010784419,0.07186847,0.9153029,0.0005847341
5589,0.027804257,0.33386472,0.22280347,0.027706604,0.005368184,0.37585914,0.0065935617
5590,0.13659135,0.025750104,0.29164615,0.01239874,0.2585784,0.27495974,7.559677e-05
5591,0.0052927276,0.39222273,0.058565192,0.010754972,0.015575485,0.51170564,0.0058832625
5592,0.20400892,0.24546093,0.2552238,0.0767334,0.024449112,0.19329342,0.0008304549
5593,0.00021392056,9.381295e-07,0.0018675583,4.1263786e-07,0.7545082,0.24340579,3.2130188e-06
5594,0.0036581138,6.0483166e-05,0.014067239,1.8786965e-05,0.62021744,0.36197606,1.9409194e-06
5595,0.00046080092,0.00011335755,0.029320978,0.0002579569,0.021707647,0.9480443,9.4959694e-05
5596,5.180674e-07,1.113275e-05,0.00019343258,1.0560494e-06,0.0013862256,0.99839276,1.4770218e-05
5597,2.4258708e-07,8.68681e-08,3.5294026e-05,2.4698014e-07,0.0001316403,0.99983203,3.502461e-07
5598,1.0503558e-31,4.589303e-21,3.65102e-21,2.1325047e-38,2.0299973e-15,1.0,1.5337755e-19
5599,0.19311194,0.49547952,0.03661098,0.016355371,0.14065628,0.113832176,0.0039537665
5600,1.7417696e-07,1.018082e-06,0.0002379061,7.0627602e-06,9.437854e-05,0.9995797,7.973054e-05
5601,3.3436663e-05,0.0012645327,0.006147687,0.00012540694,0.0007309336,0.99157387,0.00012409102
5602,0.00702675,0.0014881255,0.07373722,0.00045210632,0.07655161,0.84048116,0.00026302395
5603,2.5835525e-30,2.4914052e-20,3.47934e-20,1.2380617e-37,1.1294813e-13,1.0,8.449079e-20
5604,0.35062814,0.09140681,0.11947599,0.011659928,0.35915154,0.06761195,6.570403e-05
5605,0.0007260829,0.0016543505,0.0028044987,0.00063734234,0.027688487,0.96607,0.00041925244
5606,4.7583048e-21,1.9233951e-13,2.852711e-14,9.035584e-25,1.2093433e-10,1.0,1.134734e-11
5607,1.2261782e-13,1.1666693e-09,3.6699903e-09,1.918798e-15,1.1069246e-07,0.9999999,1.605443e-08
5608,0.0005894133,0.0015267176,0.004231514,0.0006252367,0.017893279,0.9740277,0.0011060612
5609,0.0009905862,0.00057296164,0.09441104,0.0003565623,0.28776494,0.61579716,0.00010680023
5610,5.5607367e-19,2.6733778e-12,8.3987055e-13,1.5146787e-22,1.2799434e-09,1.0,1.643566e-11
5611,0.021923736,0.00942151,0.5354686,0.007504859,0.058304895,0.36723164,0.00014486632
5612,0.0013889055,0.0009234721,0.014710336,0.00012042537,0.11159052,0.8705456,0.0007207134
5613,8.78679e-06,1.0699127e-05,0.0002609962,6.6034954e-06,0.0008901612,0.99878234,4.0456947e-05
5614,1.142344e-17,1.5816787e-11,8.690821e-12,8.586024e-21,7.601998e-09,1.0,2.9876893e-10
5615,1.4114466e-12,3.001078e-08,1.8549649e-08,2.0136978e-13,2.1755399e-07,0.9999995,1.8966367e-07
5616,0.0006578509,0.0017203081,0.009829377,0.00029912524,0.021211555,0.96603715,0.00024469738
5617,6.050559e-05,2.3059833e-05,0.00078662945,6.0456157e-05,0.00069531385,0.99835473,1.9278386e-05
5618,0.0012352087,0.010408094,0.25465676,0.0034236764,0.008436847,0.72156674,0.0002726597
5619,0.010912095,0.03541323,0.7781169,0.009948479,0.060169198,0.105272576,0.00016756379
5620,3.4742785e-05,9.810906e-05,0.0015908622,0.0002349937,0.0012697281,0.9966281,0.00014345587
5621,0.0,1.5e-43,3.5566097e-35,0.0,7.6608946e-23,1.0,1.7e-44
5622,2.0771437e-05,0.0012501837,0.00052148395,6.6686065e-05,0.0005935705,0.98075,0.016797315
5623,0.010727254,0.025287835,0.0219785,0.001968596,0.028126655,0.90755826,0.004352938
5624,5.904824e-05,3.5012694e-05,0.0009674606,8.556312e-06,0.03308494,0.96582484,2.0209813e-05
5625,0.0039791395,0.01024638,0.04186763,0.0031556573,0.24887584,0.69132406,0.0005513101
5626,0.04210932,0.0022957018,0.14759478,0.0016429721,0.58014303,0.22620784,6.3846255e-06
5627,0.00015207034,0.00010177887,0.0031896508,3.28873e-05,0.061480135,0.93457067,0.0004727529
5628,0.14050737,0.46840695,0.115059346,0.065647185,0.03209761,0.16360065,0.014681
5629,0.0072462056,0.00026368175,0.041351926,0.00014959302,0.42576113,0.5252091,1.8323864e-05
5630,0.0009360043,0.007631357,0.0065404326,0.0005945306,0.018087657,0.9639253,0.0022847583
5631,1.680556e-06,2.0057782e-06,0.00011753562,3.394865e-06,0.0003856054,0.99948126,8.629621e-06
5632,0.000160107,0.008905991,0.031767584,0.0014693261,0.0008348376,0.9563235,0.0005385985
5633,3.6130197e-07,1.5952046e-05,3.8736584e-05,2.9869097e-05,3.574576e-05,0.9996927,0.0001865893
5634,0.00022757714,1.0535652e-05,0.21218023,3.7148217e-05,0.24825606,0.5392847,3.7149334e-06
5635,3.115545e-08,2.096677e-06,1.986882e-06,2.052829e-09,2.2997307e-05,0.9999641,8.705765e-06
5636,3.194314e-05,0.00048008267,0.0022698056,2.351941e-05,0.04576776,0.9487186,0.002708262
5637,0.0029653506,0.0005579909,0.16689767,0.00039062076,0.34843108,0.48073122,2.6008498e-05
5638,0.00012624984,2.105324e-05,0.0038416178,0.00012903908,0.00074626127,0.9951304,5.367165e-06
5639,6.2085186e-05,4.3845743e-05,0.014494378,2.2772374e-05,0.095715776,0.889639,2.212059e-05
5640,0.00039580525,9.428175e-05,0.029909063,0.0008155403,0.0037028445,0.9650617,2.0668882e-05
5641,1.355177e-09,2.1448889e-06,1.3091849e-06,4.6267754e-09,1.7128259e-06,0.9999167,7.819954e-05
5642,1.7885077e-05,8.623271e-05,0.00014831344,4.285598e-05,0.0008101425,0.9986462,0.00024841286
5643,0.00041212054,0.00032979247,0.2814364,0.00041179758,0.10265213,0.6147155,4.2216074e-05
5644,2.6540856e-05,2.4788994e-06,0.0007968612,6.601991e-07,0.05819098,0.9409785,3.9785114e-06
5645,0.00016479149,0.00023357176,0.0022623476,0.0006837535,0.0006574073,0.9958727,0.0001254622
5646,0.1894282,0.5644482,0.1342019,0.05365743,0.003568972,0.04481579,0.0098794745
5647,0.00015155053,0.0003171559,0.0010190825,1.227595e-05,0.05549291,0.9425885,0.00041849594
5648,0.006900686,0.107239924,0.06305528,0.028516984,0.009192508,0.7802399,0.0048546996
5649,0.000240184,0.0004991944,0.011412907,0.002241717,0.0011439071,0.984368,9.4037125e-05
5650,0.00511855,0.005184356,0.008490379,0.014794266,0.00072166155,0.9655757,0.000115044364
5651,0.00010618531,2.2519998e-05,0.0018611308,4.6800783e-06,0.26760167,0.73039013,1.3636604e-05
5652,0.07776819,0.27924058,0.1250893,0.02240835,0.033375487,0.45244545,0.009672681
5653,0.00072318653,0.00023696966,0.0043841815,2.056441e-05,0.046146825,0.948239,0.0002492237
5654,0.10687172,0.035098195,0.22890063,0.016982166,0.21826772,0.3936155,0.00026399214
5655,0.0070069614,0.03180105,0.0099361325,0.001992535,0.077024356,0.8693833,0.0028555947
5656,0.15736964,0.027714578,0.213295,0.008637854,0.37208727,0.22071177,0.00018389185
5657,0.000419366,0.00020709736,0.0071296464,0.000121918325,0.009207593,0.9828287,8.558791e-05
5658,0.0048182798,0.26799452,0.022930281,0.008203188,0.0642339,0.58302194,0.04879787
5659,0.0003664545,0.0015346246,0.0034002468,0.0001479991,0.03843623,0.9556781,0.00043640131
5660,1.406934e-05,3.1394318e-06,0.0026510505,5.362909e-07,0.24057253,0.75672585,3.2788404e-05
5661,0.012718616,0.009054105,0.14528248,0.002218973,0.3123052,0.51820093,0.00021965266
5662,0.015795635,0.0011159716,0.02976066,0.00059826917,0.28916937,0.66354334,1.6778955e-05
5663,0.00025066402,8.916733e-05,0.002652424,8.059915e-05,0.004784609,0.9921262,1.6338723e-05
5664,0.0006434371,0.0015188478,0.010399147,0.0002825528,0.026572531,0.9602288,0.00035471504
5665,0.004257668,0.00040314597,0.11876763,0.0027320383,0.01015593,0.8636608,2.2767637e-05
5666,0.005616604,0.0024265235,0.22825752,0.0018549162,0.16597275,0.5958336,3.8143164e-05
5667,0.0009134804,0.0020142705,0.20734459,0.00061277254,0.6297295,0.1590785,0.00030697984
5668,0.00047035815,0.0002874052,0.00037599378,0.000410613,0.00050273095,0.997881,7.189948e-05
5669,0.022872321,0.0020670502,0.045492455,0.00037908426,0.2582463,0.67030644,0.0006364082
5670,4.1471467e-06,1.337035e-05,0.00019843235,0.00011259494,3.9491162e-05,0.9996197,1.2209501e-05
5671,0.025734425,0.072535515,0.39687753,0.038884457,0.095239796,0.37008148,0.0006467507
5672,9.7845696e-05,0.0007258544,0.011619681,9.817864e-05,0.0896783,0.87169635,0.026083784
5673,0.011511182,0.08303086,0.14688069,0.02380111,0.115190044,0.61377376,0.005812301
5674,0.020071825,0.0036562295,0.07411954,0.001290807,0.41630664,0.48448357,7.132389e-05
5675,0.008889925,0.038399067,0.01644518,0.025540425,0.007779856,0.90118986,0.00175559
5676,0.00064734195,0.00034961448,0.016216736,0.00015590544,0.14711286,0.835478,3.9553277e-05
5677,0.09206345,0.6088085,0.041263737,0.012386171,0.030138373,0.18434034,0.030999435
5678,0.0002966951,0.0001632919,0.08770639,0.00012541727,0.287233,0.62444836,2.6812348e-05
5679,9.238748e-06,2.276004e-05,0.00046409696,2.507277e-05,0.00077206077,0.99858177,0.00012501511
5680,0.33160698,0.5107161,0.053904645,0.044222627,0.01644561,0.04161908,0.0014849382
5681,0.2992224,0.17021196,0.36153778,0.0443936,0.01789522,0.105726235,0.0010127155
5682,2.9065863e-05,0.00034963843,0.0012190262,0.00010516266,0.00049957307,0.9960743,0.0017230845
5683,6.2270476e-05,2.9883939e-05,0.024111912,1.8637562e-05,0.035013635,0.9406912,7.255246e-05
5684,0.76507497,0.0925504,0.052355357,0.041984644,0.03725722,0.010749651,2.7769043e-05
5685,0.0024823442,0.025885535,0.18598375,0.004153686,0.080482386,0.6982848,0.0027274722
5686,1.577774e-05,2.0497844e-05,0.00049903785,2.6196421e-05,0.0011801237,0.9982039,5.4510736e-05
5687,0.034032006,0.029262561,0.32242253,0.014305104,0.12887053,0.47053713,0.00057011633
5688,0.0030155338,0.00019505533,0.079938084,0.0006158589,0.08095973,0.83509994,0.0001759087
5689,0.000100448204,0.0013160917,0.0007553089,0.00044333987,0.0015024793,0.9938339,0.0020483646
5690,0.0017130973,0.0016939064,0.02163927,0.0003099709,0.31215563,0.662408,8.021667e-05
5691,0.010975596,0.0007975851,0.005787432,0.00016728594,0.3244561,0.65777814,3.7884132e-05
5692,0.00040840675,0.0074883066,0.023215465,0.0009093778,0.002384916,0.96488523,0.0007082262
5693,7.994123e-05,8.9230394e-05,0.0009346122,6.6232795e-05,0.003799775,0.99500054,2.9702946e-05
5694,2.8980237e-05,3.9836177e-06,0.00078708417,3.7490303e-05,0.00048274882,0.998659,6.84799e-07
5695,0.0070899646,0.0011335337,0.056974877,0.00021555176,0.12585069,0.8081928,0.00054271676
5696,0.00014690163,1.1111e-06,0.0005018799,1.1162696e-07,0.7835622,0.21578723,5.224703e-07
5697,0.0048034457,0.0022862444,0.0075382707,9.018201e-05,0.05175903,0.9317817,0.0017410488
5698,0.004707197,0.049827725,0.053680174,0.024792567,0.015239257,0.84608674,0.005666371
5699,2.373054e-08,8.3199575e-06,3.6189605e-05,5.2209106e-08,9.6356714e-05,0.9997714,8.769222e-05
5700,1.5461046e-05,2.7579832e-05,0.17249748,2.6285408e-05,0.2192161,0.607111,0.0011061954
5701,0.00016975589,0.0006400078,0.0044138283,6.858608e-05,0.032190446,0.9623084,0.00020899717
5702,0.00068172574,0.00024716457,0.013623916,0.0001366109,0.02011582,0.9650365,0.00015837791
5703,0.0008590543,8.109268e-06,0.0012754616,4.262146e-07,0.84072083,0.15712649,9.569934e-06
5704,0.22430429,0.10876573,0.21541628,0.055001773,0.13831373,0.25802106,0.00017717366
5705,4.269756e-05,0.0008377938,0.03780432,0.00012820738,0.50600755,0.41141027,0.043769162
5706,7.1455e-25,1.9505368e-18,1.5415264e-16,9.624865e-32,3.7777996e-11,1.0,3.9901202e-19
5707,0.028688448,0.10035326,0.035308503,0.022319363,0.02165396,0.78257126,0.009105166
5708,1.6691303e-06,0.00018769043,9.5607254e-05,2.030424e-06,8.8393244e-05,0.99933213,0.00029240365
5709,0.00025957695,0.0021088962,0.002536992,0.0010553972,0.0066189216,0.9847837,0.0026365097
5710,0.00011013796,0.00042794147,0.005816591,7.678163e-05,0.026225913,0.96721506,0.00012749886
5711,0.54217505,0.26140004,0.09474941,0.06317343,0.015632862,0.022684565,0.00018460998
5712,3.366775e-05,4.9850238e-05,0.08999746,2.0733953e-05,0.5046697,0.4035534,0.0016751427
5713,0.054013416,0.86185944,0.004285833,0.03188982,0.0037505238,0.02548849,0.01871256
5714,0.0068794303,0.84138244,0.012950566,0.031656604,0.0001559483,0.09132113,0.015653985
5715,4.863303e-16,1.7478433e-10,8.434175e-11,5.1755918e-18,8.8235526e-09,1.0,7.2465616e-09
5716,1.1447272e-05,0.032010734,0.00092272763,0.0004625222,0.0017345368,0.22911358,0.73574436
5717,6.0757327e-05,1.8055849e-05,0.0083774375,8.222743e-06,0.16975819,0.8217355,4.183898e-05
5718,0.00059079326,4.5227098e-05,0.019659672,0.00082922477,0.00069657556,0.97817606,2.4316457e-06
5719,0.011584498,0.020853374,0.05165395,0.003039992,0.30512288,0.6071409,0.00060450536
5720,0.31899288,0.11920929,0.27124456,0.053541966,0.061566707,0.17522195,0.0002226051
5721,2.7915669e-06,2.3745659e-05,0.00096247596,9.043383e-06,0.016246988,0.9827315,2.3449482e-05
5722,1.8942266e-05,6.2879975e-05,0.0007169742,0.00014530071,0.00012663615,0.998884,4.530936e-05
5723,0.2558383,0.6383851,0.042075645,0.043216046,0.0014094237,0.017080156,0.0019954052
5724,2.2826118e-05,0.00020262947,0.0005657803,3.3977165e-05,0.00050992565,0.99852836,0.0001365338
5725,0.0010300144,0.00026597298,0.03234987,0.000831246,0.0023312282,0.96305525,0.00013639625
5726,6.411609e-05,0.00030425788,0.0011899984,0.00073662656,4.046999e-05,0.99756575,9.882104e-05
5727,0.0011635786,0.00049817155,0.007582075,5.3918255e-05,0.062653586,0.92762744,0.00042125388
5728,0.0,0.0,0.0,0.0,1.1123913e-34,1.0,0.0
5729,0.00047097792,0.002512384,0.04101469,0.00035771928,0.094616435,0.8578651,0.0031627757
5730,1.7713355e-05,3.1507727e-06,0.00032892902,3.302756e-06,0.018915178,0.9807303,1.4033461e-06
5731,0.0004660097,0.12155205,0.0037225087,0.00322773,0.0033491268,0.2569553,0.61072725
5732,9.771045e-05,0.0030827625,0.012134908,0.00048388512,0.008037403,0.97502875,0.0011346674
5733,5.0313847e-05,4.8377584e-05,0.0004948533,4.0498886e-05,0.0023548824,0.9969717,3.9336996e-05
5734,4.4405385e-07,1.9868157e-06,0.0001634123,1.1694695e-05,8.097716e-05,0.9997248,1.662906e-05
5735,0.0031602113,0.0010512144,0.31106514,0.00055861584,0.43440023,0.24962738,0.00013722763
5736,0.00052226294,0.00032515716,0.0031654262,0.0003870002,0.0045918403,0.9909332,7.506095e-05
5737,1.0630649e-06,1.9361207e-06,7.39362e-05,3.1370291e-06,0.0001450551,0.9997665,8.40227e-06
5738,0.00017090239,0.0012052745,0.013769249,0.00027747866,0.03641548,0.9475302,0.0006314292
5739,0.00015584173,0.00035528676,0.0013638224,3.7476853e-05,0.014697178,0.98167694,0.0017134363
5740,0.0018443303,0.004547113,0.030517325,0.0006710341,0.032417443,0.92910147,0.0009012595
5741,7.998556e-05,3.93361e-05,0.009686427,2.2069824e-05,0.042255405,0.94782525,9.152689e-05
5742,7.67898e-06,7.209181e-06,0.0010959858,0.00020319659,0.00011702622,0.99856806,7.9545e-07
5743,6.977926e-05,3.755896e-05,0.008425832,6.279552e-06,0.18767728,0.80372906,5.414859e-05
5744,0.00049161643,9.960944e-05,0.036105987,4.5839464e-05,0.35153916,0.6117116,6.1610867e-06
5745,0.0019375009,0.0005089262,0.037100576,5.1055842e-05,0.19647981,0.76142377,0.0024983473
5746,9.01776e-05,2.5176496e-05,0.0025255121,9.400756e-06,0.084216654,0.9130179,0.000115222916
5747,9.891439e-05,1.8382569e-05,0.0038683491,0.00015737524,0.0005866291,0.99526525,5.200121e-06
5748,3.890991e-13,2.0455111e-08,6.860234e-09,1.1525003e-13,6.920007e-08,0.9999993,6.3321494e-07
5749,5.9384234e-05,0.00030844402,0.011889325,7.195072e-05,0.10417942,0.88257414,0.0009173114
5750,0.08979161,0.07217627,0.09870023,0.018613648,0.29907116,0.4200699,0.0015771704
5751,0.00585569,9.493128e-05,0.06777554,3.898045e-05,0.5107799,0.41544047,1.4520745e-05
5752,3.3386874e-05,3.1623298e-05,0.0013395536,4.7520857e-06,0.08426153,0.914282,4.708668e-05
5753,0.000109101566,1.6657757e-05,0.0018391218,2.6865768e-05,0.0043476583,0.99365026,1.0288046e-05
5754,4.0949664e-05,0.00010686113,0.004665013,1.378474e-05,0.06265768,0.9304094,0.002106405
5755,1.9984702e-06,1.1779164e-06,7.8984194e-05,2.454911e-06,0.00025305594,0.9996543,7.950598e-06
5756,0.010536766,0.025284745,0.20420747,0.005817068,0.064892024,0.68849397,0.0007680202
5757,0.00026624245,1.7212338e-05,0.046464276,9.8023986e-05,0.019274516,0.93387556,4.096984e-06
5758,0.0,0.0,0.0,0.0,1.0370332e-33,1.0,0.0
5759,0.023534577,0.004780908,0.123506695,0.011789879,0.046277143,0.7898444,0.0002664169
5760,0.10317712,0.7074299,0.05755279,0.05001676,0.0013865731,0.056245774,0.024191085
5761,0.029317226,0.032913174,0.259556,0.009680566,0.1116272,0.5555367,0.0013691202
5762,2.4617053e-10,2.501309e-08,1.6493595e-07,1.185723e-11,6.463243e-06,0.9999901,3.2491048e-06
5763,0.015122021,0.012781676,0.25650537,0.0050955527,0.03790796,0.6720244,0.0005630559
5764,9.511131e-12,3.145309e-09,6.190038e-08,9.9805045e-14,2.9964547e-06,0.9999969,1.8369054e-08
5765,0.001477677,0.0013290835,0.113417275,0.0012651375,0.00762291,0.87468404,0.00020404227
5766,0.0002988697,0.00012325274,0.0001176208,3.7302234e-05,0.00048313302,0.9988539,8.588253e-05
5767,7.230769e-05,0.00067356316,0.0013653294,0.00052899716,0.000110836096,0.9962022,0.0010468147
5768,3.420681e-07,5.660238e-08,2.8931554e-05,8.7674174e-08,0.0005153924,0.9994537,1.4466535e-06
5769,0.0010251018,0.00036850173,0.0039054728,0.000104758794,0.09349864,0.9008306,0.00026673017
5770,0.047121383,0.6287209,0.012793843,0.013867646,0.012716854,0.25350776,0.031271603
5771,0.0007497124,0.00013260491,0.030345803,0.0002610843,0.02905959,0.9393534,9.7802935e-05
5772,1.7363058e-07,1.2728867e-05,1.755887e-05,2.4898473e-08,4.2173786e-05,0.99986625,6.111377e-05
5773,0.00016077836,6.478688e-06,0.038683254,1.0278384e-05,0.23393625,0.7272015,1.3571058e-06
5774,0.00029733256,0.0010006181,0.021082522,0.00025721412,0.37394688,0.60220706,0.0012083516
5775,1.1894727e-05,3.909038e-05,0.0021830746,5.112837e-05,0.000574099,0.9970035,0.00013726499
5776,0.007532129,0.020964036,0.023342796,0.003437657,0.13238345,0.81053853,0.0018013245
5777,9.271843e-30,1.16987e-19,3.4441872e-20,1.1911917e-36,2.80425e-14,1.0,3.2144931e-18
5778,2.7699417e-36,2.1808844e-25,7.1068755e-24,1e-45,1.2971549e-16,1.0,1.8974986e-24
5779,3.6408254e-36,1.0550978e-25,2.660634e-24,0.0,4.717957e-16,1.0,7.231439e-25
5780,0.00030898573,0.000592144,0.017141536,0.00022507786,0.0041911555,0.9775218,1.9373774e-05
5781,4.108419e-06,1.1951763e-05,0.010924318,1.2770237e-05,0.0020983543,0.9869285,1.994041e-05
5782,0.00012692908,0.0048389444,0.033618383,0.0012733808,0.0009895301,0.9584492,0.00070356013
5783,0.0034607977,0.0006853526,0.05558213,0.00026630238,0.09872269,0.84027684,0.0010058278
5784,0.00011139388,1.4922356e-05,0.0999955,4.1330753e-05,0.114668876,0.7851619,6.0255265e-06
5785,0.008486526,0.04746895,0.08334754,0.030054068,0.0010033344,0.8193903,0.010249316
5786,1.5519039e-07,0.00045298514,1.1039609e-05,9.942557e-07,0.00037767165,0.008307874,0.99084926
5787,0.00013502309,0.032391384,0.03592015,0.0038296732,0.0021213598,0.9233435,0.0022589124
5788,0.000453989,6.431917e-06,0.008226834,1.7369945e-06,0.87814313,0.11316752,2.5850366e-07
5789,0.033688422,0.013388061,0.64488274,0.0057744593,0.21316248,0.08908698,1.6877937e-05
5790,0.07456844,0.6785217,0.096516915,0.032266892,0.0016245927,0.10752923,0.008972165
5791,0.00036459372,0.0001256641,0.033900313,3.4026696e-05,0.29469338,0.6708493,3.2752505e-05
5792,2.2566168e-05,5.7191122e-05,0.028275834,6.360793e-05,0.0076676686,0.96382594,8.7171116e-05
5793,0.0015503967,0.10687198,0.020964816,0.006192013,0.032810617,0.6023047,0.22930555
5794,0.00023473025,0.00011779959,0.0015803886,0.00025947628,0.0008777621,0.996876,5.3899003e-05
5795,0.0021899925,0.000113231246,0.0017006578,5.5094205e-07,0.9822384,0.013668617,8.8485336e-05
5796,0.00029392875,4.8876966e-05,0.004655204,5.8356476e-05,0.070455074,0.92448056,7.93053e-06
5797,1.007423e-06,4.006514e-07,0.00012974163,9.980351e-07,0.00022439053,0.9996424,1.1614358e-06
5798,0.0,9.659116e-38,1.8771943e-33,0.0,4.658641e-21,1.0,1.3969312e-38
5799,0.052589376,0.042421117,0.08007078,0.006677737,0.039776705,0.7762506,0.0022136848
5800,4.049347e-06,1.3803255e-05,0.0002846421,3.116788e-05,6.9777096e-05,0.9995623,3.4157714e-05
5801,0.00010202458,9.014704e-05,0.006910973,2.899645e-05,0.035993062,0.9567904,8.445682e-05
5802,0.53519267,0.15733851,0.118910335,0.10909821,0.022232391,0.056872044,0.00035581342
5803,0.0037814567,0.0011093537,0.025589522,0.000738773,0.03000802,0.9381774,0.0005955256
5804,0.01240663,0.022302106,0.39634144,0.004946252,0.25838774,0.3055107,0.00010507216
5805,1.3960486e-06,2.1211761e-05,3.4801342e-05,4.397852e-06,0.00019310557,0.99967027,7.477272e-05
5806,0.15619357,0.0050304555,0.25995946,0.0042643193,0.39026463,0.18427111,1.648832e-05
5807,0.0,0.0,4.37e-43,0.0,3.6679296e-26,1.0,0.0
5808,0.0021901175,0.0001010699,0.13431495,0.00017011669,0.4689303,0.39429122,2.1995165e-06
5809,0.0006664664,0.0003548039,0.026019394,0.0001929085,0.035184897,0.9374018,0.00017982113
5810,0.0020501765,0.0013161667,0.27488047,0.0011544877,0.2088936,0.5115005,0.00020462982
5811,0.004512878,0.0028238958,0.0040812315,0.0003060951,0.18143222,0.8066726,0.00017114788
5812,2.0381258e-05,1.1854098e-06,0.012572503,2.2370637e-06,0.041065205,0.9463359,2.5129827e-06
5813,6.3234075e-13,1.2777066e-09,6.3215397e-09,7.97571e-15,7.659637e-08,0.9999999,1.4545793e-09
5814,2.730692e-22,1.8937315e-16,3.9445448e-15,3.011818e-28,4.3580287e-10,1.0,6.232801e-16
5815,2.0367454e-05,4.661959e-06,0.0006334824,2.3972832e-05,0.00029700325,0.99901867,1.8831562e-06
5816,0.5007899,0.12355541,0.14510517,0.06617651,0.052347425,0.111903,0.00012260667
5817,5.311477e-06,6.0000584e-05,0.0002063387,0.00012685139,0.00017406308,0.99920386,0.00022349885
5818,0.00023204899,0.00021081566,0.0016086017,0.00024780078,0.004103824,0.9935622,3.4721794e-05
5819,0.0,0.0,0.0,0.0,3.1253465e-38,1.0,0.0
5820,9.901114e-07,1.8624858e-05,7.887273e-05,0.000101703736,1.675899e-05,0.99971646,6.6650806e-05
5821,0.0060774907,0.012262513,0.6336537,0.009672879,0.022987837,0.3150728,0.00027275764
5822,0.0007598307,0.017377254,0.021031084,0.003903176,0.0042908397,0.9491496,0.0034882482
5823,5.931713e-11,3.9173695e-08,1.13567744e-07,6.593363e-12,2.325456e-06,0.9999956,1.9650772e-06
5824,0.6194992,0.07340948,0.17163795,0.05019738,0.043298505,0.04188417,7.326013e-05
5825,0.0021584826,0.0012664981,0.02464343,0.002370062,0.028680863,0.9407603,0.00012048604
5826,0.14572866,0.02840845,0.37904072,0.030862892,0.14466667,0.27120614,8.6397165e-05
5827,2.7757405e-10,1.3738503e-06,1.2713727e-07,2.4953994e-11,2.370425e-06,0.9999856,1.0534724e-05
5828,6.0389582e-05,5.485615e-06,0.00026515147,4.0373434e-06,0.0040322663,0.9956275,5.1792626e-06
5829,0.016696472,0.017236529,0.8176374,0.0039701075,0.065228485,0.079197645,3.3300254e-05
5830,2.1289856e-05,1.9522646e-05,0.00073610136,4.930389e-05,0.00037819246,0.99876535,3.0225245e-05
5831,2.9336466e-05,0.00014088771,0.0004523286,5.842923e-05,0.0007291304,0.9984511,0.0001386602
5832,0.009713615,0.0037218179,0.23678762,0.0035454296,0.0559724,0.6900915,0.0001675636
5833,0.0,5.3e-44,9.050423e-39,0.0,3.821169e-24,1.0,1.1e-44
5834,0.016366513,0.015918693,0.44040295,0.0074213315,0.25748697,0.26229498,0.00010857499
5835,0.0072242627,0.004486562,0.024443282,0.00012467605,0.51560986,0.4450016,0.0031097564
5836,0.000924906,0.0014906081,0.013840163,0.002390799,0.019833993,0.9611986,0.000320916
5837,6.3592387e-07,1.3415733e-07,0.0004012698,9.626861e-08,0.037074942,0.9625224,5.0971715e-07
5838,3.785034e-05,1.7238672e-05,0.00032614116,3.8112732e-05,0.00066352525,0.99891424,2.9107216e-06
5839,3.039934e-05,0.00026531407,0.012992292,0.00018379923,0.03914931,0.9460634,0.0013153636
5840,0.50776577,0.0860501,0.03482113,0.017423058,0.32712346,0.026807448,9.080334e-06
5841,0.18972607,0.35027418,0.021636745,0.04395998,0.03261989,0.3599186,0.0018645291
5842,2.0687841e-05,2.6076323e-05,0.00041494728,6.7695815e-05,0.0009287175,0.99852633,1.548179e-05
5843,0.0001325799,0.0027855346,0.01367666,0.00043435596,0.004474911,0.9755127,0.0029833934
5844,7.041323e-05,8.656235e-05,0.0013082336,3.9013066e-05,0.007058663,0.99117684,0.00026031974
5845,7.9661106e-05,0.00019969566,0.0019416751,0.0016848374,0.00010135257,0.9959501,4.2620613e-05
5846,8.2567225e-05,0.0001477392,0.009034486,7.890674e-05,0.012242166,0.97837865,3.5387515e-05
5847,0.0010185865,0.0011486342,0.0069464017,0.00018001287,0.021509813,0.96830016,0.0008964518
5848,2.111236e-05,1.1732792e-05,0.00084290456,2.373953e-05,0.0005413895,0.9985513,7.798318e-06
5849,0.03772193,0.010799725,0.06607363,0.00132074,0.08286244,0.8004195,0.00080199004
5850,0.017926633,0.2530068,0.08070223,0.014246937,0.013874816,0.6134807,0.006761932
5851,1.2185181e-05,6.9250655e-06,0.0010627072,4.6813566e-06,0.033371426,0.96553415,7.861238e-06
5852,0.00019572797,6.181116e-06,0.004242094,4.410892e-05,0.004265253,0.99124485,1.8317527e-06
5853,7.989751e-07,4.767117e-06,0.00021936886,9.5241965e-08,0.00092659635,0.9988411,7.260062e-06
5854,1.8676664e-06,5.795615e-06,3.2442364e-05,4.23878e-06,0.0002821744,0.99965465,1.867653e-05
5855,2.5857727e-05,0.017455341,0.000880522,9.603518e-05,0.0018650083,0.0782273,0.9014499
5856,0.24087822,0.05646568,0.1677762,0.016148383,0.32386678,0.19454506,0.00031968858
5857,4.5657553e-25,2.6911952e-17,1.5533381e-16,3.309106e-30,3.019458e-12,1.0,2.817726e-16
5858,7.185503e-05,1.0466192e-05,0.0012242884,4.847095e-06,0.03941165,0.95925057,2.6285496e-05
5859,0.005496601,0.0008964076,0.04088706,0.00025657244,0.0768145,0.87541324,0.00023554493
5860,0.10221228,0.029410234,0.25242907,0.011809478,0.25993955,0.3437398,0.00045951933
5861,2.876139e-32,7.41599e-24,3.1654613e-21,7.304e-41,4.9416635e-15,1.0,1.1245444e-23
5862,0.32229277,0.047311086,0.31255275,0.029988185,0.14969975,0.13805872,9.667366e-05
5863,0.0011592942,0.002301426,0.011262017,0.0004121227,0.08630656,0.89580536,0.0027532645
5864,0.00012544439,0.00010491751,0.015048396,3.1275584e-05,0.09434797,0.890257,8.493627e-05
5865,5.3930024e-05,2.7941544e-05,0.0042122914,8.171317e-06,0.115699865,0.87923867,0.00075910485
5866,0.0008915588,0.0002747306,0.019327627,6.4821936e-05,0.25766045,0.72175336,2.7514921e-05
5867,0.00010364275,0.000464959,0.010073816,0.0004290636,0.01806067,0.9707483,0.00011943948
5868,0.006227624,0.0055952645,0.79546785,0.0053741545,0.07714238,0.11017509,1.7517976e-05
5869,6.516957e-05,8.042564e-05,0.001711236,0.00010866811,0.0018881237,0.9959734,0.00017308815
5870,3.831001e-06,1.5435326e-05,0.00028935293,3.571783e-05,9.644486e-05,0.999529,3.0152874e-05
5871,2.474506e-07,8.565568e-07,3.838677e-05,3.9275672e-08,0.000108799395,0.9998487,2.9636403e-06
5872,1.103319e-06,8.208579e-06,0.00016361981,1.9690116e-05,5.8158126e-05,0.99972934,1.9886891e-05
5873,0.0005880785,0.00020084511,0.008201321,8.8553104e-05,0.24346495,0.74742997,2.630277e-05
5874,0.005356362,0.0034779257,0.016503485,0.0013380712,0.083282664,0.8899228,0.000118625976
5875,4.3207715e-06,3.1767504e-06,0.000116574825,2.1241729e-06,0.00078364974,0.9990306,5.956575e-05
5876,0.0002763753,2.6212505e-05,0.029394746,0.00012165054,0.035954054,0.9341782,4.885097e-05
5877,3.79031e-06,3.1632577e-08,0.001980624,4.533137e-08,0.13239157,0.86555576,6.8312074e-05
5878,0.0017488856,0.0004593666,0.016717141,0.00015778429,0.05162865,0.92912257,0.00016559623
5879,0.004324478,0.011870762,0.5242251,0.007467996,0.03411842,0.4176855,0.0003076847
5880,2.942812e-05,6.8570655e-05,0.044585984,6.78552e-05,0.009829179,0.94540095,1.8061522e-05
5881,0.16243654,0.3450712,0.025575122,0.0727055,0.018136684,0.37298515,0.0030897944
5882,1.1505239e-06,0.0001889008,4.39779e-05,7.206778e-06,0.0002708884,0.9988951,0.00059283373
5883,0.00023928063,0.00063116767,0.0013648247,3.1316857e-05,0.05888181,0.9386357,0.00021581836
5884,0.00060058886,9.2760565e-06,0.012428301,5.4017564e-06,0.10527553,0.88167477,6.232956e-06
5885,5.0645464e-12,1.0944065e-07,2.991279e-08,1.06650156e-13,1.4002701e-06,0.9999982,2.5441202e-07
5886,0.0111524025,0.0008759887,0.0688462,0.005075671,0.010205316,0.9038315,1.29677865e-05
5887,1.469888e-06,6.138989e-06,7.14644e-05,9.888999e-06,4.3863784e-05,0.99984956,1.7523582e-05
5888,4.2276068e-05,2.9867088e-06,0.0017961573,1.4299151e-06,0.07306782,0.92508143,7.835784e-06
5889,0.00072760356,0.00012697032,0.0032491854,0.00040181953,0.00148676,0.9939971,1.0562225e-05
5890,0.015347334,0.036644887,0.560446,0.0139247645,0.027042883,0.3458898,0.00070422154
5891,4.7966574e-07,2.568008e-06,3.218242e-05,1.2450722e-06,0.00012906441,0.99980193,3.2531545e-05
5892,0.003989928,0.027175173,0.5968562,0.0097325025,0.041917764,0.32012713,0.00020131057
5893,5.478498e-07,8.983356e-08,7.141263e-05,7.3656736e-07,0.00021446857,0.9997123,3.73329e-07
5894,4.5290312e-06,9.603567e-05,0.00028711453,7.5575363e-06,0.00018179287,0.99887496,0.00054800394
5895,0.0040276786,0.00078461104,0.20769283,0.0050717704,0.010383055,0.77201086,2.9245997e-05
5896,0.2055501,0.60418797,0.05023337,0.038267687,0.054878805,0.04515698,0.0017251208
5897,0.012391564,0.0002691682,0.043844834,0.00036967345,0.34520456,0.5979163,3.962497e-06
5898,9.7545504e-05,3.293601e-05,0.0005308877,5.678858e-06,0.057413187,0.9418833,3.641236e-05
5899,0.002792728,0.023005692,0.019733174,0.005941178,0.17709568,0.7700564,0.0013751921
5900,0.48402852,0.14606753,0.17236409,0.0961731,0.022179378,0.0787246,0.000462835
5901,0.0016224749,0.0014206339,0.30196717,0.0013538147,0.09492748,0.5985771,0.00013131894
5902,0.0025196637,0.048669152,0.028362954,0.007950671,0.039409146,0.8703662,0.002722147
5903,0.0026140464,7.3762094e-05,0.010702733,2.7549533e-05,0.11396062,0.87261075,1.0543974e-05
5904,0.00018155189,2.3804118e-05,0.02044769,2.2858056e-05,0.014918977,0.96437496,3.012427e-05
5905,0.001162349,0.00074910105,0.0012133146,0.0005118957,0.0008726693,0.9953863,0.00010439251
5906,0.22001037,0.04592275,0.09603666,0.004838246,0.23660475,0.3945321,0.0020551262
5907,8.1480334e-14,3.4840069e-09,3.1953489e-09,8.719257e-16,2.237817e-07,0.99999964,7.645156e-08
5908,0.018740581,0.031740148,0.018575054,0.0011104995,0.6278222,0.3015264,0.0004850682
5909,2.4349083e-06,2.099203e-05,0.0007599947,0.00037615577,5.98134e-05,0.99876714,1.3520644e-05
5910,0.0654401,0.26976576,0.32987687,0.032325353,0.041137386,0.25865248,0.0028020258
5911,0.00014429347,0.001086155,0.0151329,9.9107536e-05,0.05919588,0.92268425,0.0016574336
5912,2.1258813e-07,5.041121e-06,8.005597e-05,1.4795695e-05,6.340328e-05,0.99968874,0.00014781134
5913,0.018749638,0.8247233,0.024100296,0.028774848,0.001753178,0.06974799,0.032150757
5914,1.246192e-06,0.00062441523,0.00017514077,1.3574723e-05,0.0005909779,0.4405295,0.5580651
5915,5.5754717e-05,1.3215958e-05,0.005860853,9.7091826e-05,0.0010850715,0.9928819,6.05096e-06
5916,1.7133433e-06,5.4335924e-06,0.00013821629,1.471112e-05,6.2350024e-05,0.99976486,1.2699277e-05
5917,0.016074589,0.09100055,0.10144592,0.011492599,0.024541205,0.7498069,0.0056381873
5918,5.478921e-05,1.049139e-06,0.006665939,1.9171448e-06,0.16016082,0.83311415,1.302056e-06
5919,0.00048594578,9.205705e-05,0.005209333,9.3707185e-06,0.6345728,0.35958666,4.3802076e-05
5920,2.730982e-06,0.0009780839,0.00018553497,8.3147395e-05,0.00010501107,0.90103346,0.09761204
5921,0.001579213,0.0005511225,0.027015679,0.0004347746,0.0688508,0.900463,0.0011054531
5922,0.0020954774,0.13034713,0.011375948,0.0023114474,0.05366489,0.30155075,0.4986543
5923,0.04103139,0.64820516,0.028462306,0.014565594,0.019787181,0.15400138,0.093947
5924,0.050842762,0.39374337,0.12549113,0.03051016,0.010596883,0.34569836,0.0431173
5925,0.0020495672,0.00094772415,0.022603787,0.0001588668,0.14148158,0.8323046,0.00045392406
5926,3.637683e-06,9.889959e-07,0.00017618085,2.1584851e-06,0.00045136595,0.9993637,2.0220552e-06
5927,0.00036283815,0.00011715021,0.009677778,2.9548126e-05,0.16342439,0.8263547,3.3629396e-05
5928,7.070108e-06,0.00011623685,0.00076738896,0.0014857211,2.9623368e-05,0.99744886,0.00014501422
5929,0.022379613,0.016616594,0.034688137,0.0036091688,0.16233967,0.75899875,0.001368107
5930,4.5549536e-11,2.7675334e-08,1.2697188e-07,4.79779e-13,2.7170634e-06,0.99999714,1.6098786e-08
5931,0.0,0.0,8.25e-43,0.0,4.742308e-27,1.0,0.0
5932,6.21633e-21,1.0180491e-13,5.773075e-14,1.1852656e-24,2.2395459e-10,1.0,1.6775359e-12
5933,5.2839696e-05,0.00031148957,0.012533042,3.0017529e-05,0.1142651,0.8697333,0.0030742052
5934,0.008602465,0.0019226535,0.037479043,0.00031658684,0.16921388,0.78143543,0.001029888
5935,0.00095952087,0.0011401582,0.055635232,0.00043760886,0.1013088,0.84012735,0.00039133892
5936,9.670878e-07,1.2012937e-05,2.0904492e-05,1.9816596e-06,0.0022617388,0.997682,2.0358717e-05
5937,0.022070302,0.061313387,0.5667277,0.018077973,0.015813699,0.31510103,0.000895875
5938,0.0,0.0,0.0,0.0,1.1058873e-28,1.0,0.0
5939,0.00030360944,8.364641e-06,0.06643106,8.206814e-06,0.54256797,0.39067984,9.537296e-07
5940,1.9307177e-10,1.6394254e-07,3.8225392e-07,1.0773721e-11,3.4834916e-06,0.9999951,8.512599e-07
5941,0.00021172756,6.543956e-05,0.0042719515,0.00019711028,0.0008560136,0.9943574,4.0310606e-05
5942,0.0069692098,0.0136150755,0.033454854,0.0205289,0.0073089297,0.9155963,0.0025267322
5943,0.000117784075,0.00051558344,0.0033146036,8.5930995e-05,0.02468153,0.9711671,0.00011758148
5944,0.000755816,0.0003137639,0.015324014,0.0003514973,0.045033652,0.9381311,9.007475e-05
5945,0.00058180466,0.005694209,0.004499997,0.0014877632,0.0017765206,0.98508656,0.0008731591
5946,0.0034865718,0.006600797,0.3184076,0.00304407,0.15497316,0.51315635,0.00033138358
5947,0.018115731,0.004013851,0.08111792,0.00058122614,0.13517769,0.75887746,0.0021160818
5948,0.068339296,0.72004676,0.04756108,0.042184938,0.00064271933,0.10050364,0.020721668
5949,0.20863716,0.027592715,0.18005241,0.0056031924,0.29395837,0.28376564,0.00039044677
5950,0.00027342356,0.0019514834,0.016210197,0.00020628408,0.019053094,0.96185416,0.00045145795
5951,0.0015294775,0.0013720724,0.013660104,0.0023274808,0.0042782025,0.976549,0.00028364404
5952,4.5384218e-06,1.0091886e-05,0.000117522366,4.3112987e-06,0.0010670142,0.99861777,0.00017869336
5953,0.0,0.0,0.0,0.0,1.403074e-29,1.0,0.0
5954,6.9047936e-05,0.0007430372,0.009839109,0.00041448383,0.008881701,0.9798784,0.00017417948
5955,0.0076825265,0.0035888862,0.30607128,0.0034340236,0.083880424,0.5951046,0.00023834276
5956,0.0044191964,0.00014693303,0.39256454,0.00040217847,0.18217862,0.4202831,5.4318043e-06
5957,1.739229e-34,5.204921e-23,9.6740506e-23,9.94e-43,7.825561e-16,1.0,8.0864296e-22
5958,5.495313e-05,8.9183195e-05,0.023585511,9.671045e-05,0.053450573,0.92269623,2.6793434e-05
5959,2.4246005e-05,4.5589084e-05,0.0012969408,0.00017072582,0.0016120976,0.9968118,3.849173e-05
5960,0.000558641,6.561789e-05,0.01907615,0.0005417086,0.0046831258,0.9750649,9.8250375e-06
5961,0.0071560284,0.0006920753,0.059917007,0.0008881928,0.017904362,0.9133269,0.00011546314
5962,5.285065e-06,5.0510876e-06,0.0003826089,4.446788e-06,0.0012391185,0.99832255,4.1064915e-05
5963,0.00023466225,0.08765453,0.0032700042,0.00081167865,0.00890779,0.16179752,0.7373238
5964,0.012279837,0.0045653856,0.37619957,0.003463329,0.24175684,0.36172193,1.3135582e-05
5965,8.6813525e-05,1.8141896e-05,0.0026619819,2.2380855e-05,0.033532858,0.96366936,8.443374e-06
5966,2.9268742e-06,9.2854614e-05,0.0035971042,1.9714967e-05,0.021909734,0.9124486,0.061929096
5967,1.4409314e-06,3.4561997e-06,6.189242e-05,6.3478005e-06,9.2465314e-05,0.99982387,1.0565677e-05
5968,6.754441e-05,4.953072e-05,0.008271087,1.2973151e-05,0.03033953,0.961065,0.00019437405
5969,0.00088462903,0.0015328834,0.019659152,0.0002451077,0.010086,0.9672382,0.00035404027
5970,0.0018066665,0.0008692002,0.017295584,0.00049843686,0.08141069,0.89781773,0.00030176016
5971,0.12918904,0.03533938,0.3614244,0.0122492,0.21018612,0.25138548,0.00022642338
5972,0.0061976756,0.029618269,0.04946491,0.0015937232,0.23183997,0.664275,0.017010447
5973,3.3414442e-20,4.0395237e-13,9.8424585e-14,2.2881045e-24,4.014207e-10,1.0,1.0952493e-12
5974,0.027607014,0.004249219,0.21404825,0.020243315,0.014560109,0.71926725,2.4884339e-05
5975,0.0,0.0,1.2148e-40,0.0,2.226513e-25,1.0,0.0
5976,0.0050262515,0.0015413896,0.12083792,0.0013101349,0.23970333,0.63147634,0.000104638
5977,1.414811e-11,9.5047135e-09,9.1905434e-08,3.4506024e-13,2.1714366e-06,0.9999976,1.5260702e-07
5978,0.00042449145,5.15053e-05,0.018018283,0.00011897728,0.034182493,0.9471749,2.9373183e-05
5979,0.052946318,0.49298006,0.124576345,0.029252417,0.0109553,0.2392291,0.050060503
5980,2.4805524e-06,1.020541e-06,1.8361956e-05,7.3086085e-07,0.0019363164,0.99804014,9.1635e-07
5981,0.0001342595,0.0005038332,0.008174304,8.8910296e-05,0.041077178,0.94977355,0.00024799028
5982,4.60047e-08,1.7966518e-05,1.9557641e-05,1.722151e-07,7.680818e-06,0.99971145,0.00024316825
5983,2.535851e-06,3.2943302e-05,9.96295e-05,6.1675564e-05,0.000114823866,0.9996395,4.8924794e-05
5984,0.00016845964,3.688394e-05,0.00095657713,0.00015740412,0.00036897007,0.9983084,3.2868309e-06
5985,0.00010406913,6.999058e-06,0.011634434,6.1519677e-06,0.0643594,0.923871,1.7936205e-05
5986,5.3949698e-05,1.2970914e-05,0.00020457272,3.857494e-05,0.00021794334,0.9994698,2.113568e-06
5987,1.6431572e-12,5.5301613e-10,1.5879712e-08,2.046055e-15,2.1325532e-06,0.99999785,2.1171556e-09
5988,0.0021950903,0.0002456689,0.008479255,0.0014800632,0.0038762724,0.98371685,6.763427e-06
5989,0.33377895,0.4186424,0.021648299,0.024092676,0.084997505,0.11541373,0.0014264543
5990,4.4458862e-05,0.0007376454,0.0012689863,0.0004269294,0.00025919927,0.99480283,0.0024599633
5991,7.79e-43,1.9741429e-29,1.9687667e-28,0.0,2.7587352e-19,1.0,5.1212235e-28
5992,1.6533055e-05,6.7783417e-06,0.0004971813,7.4579184e-06,0.0011592921,0.9982888,2.3867478e-05
5993,0.09795667,0.045146648,0.2739609,0.029953854,0.17166093,0.38107333,0.00024769435
5994,0.0003594162,0.0005753405,0.0010464124,0.001792453,0.0007601201,0.99542135,4.4881275e-05
5995,6.6528155e-05,1.8299125e-06,0.0015346254,5.4461793e-07,0.095051214,0.9033267,1.8526409e-05
5996,0.20101237,0.75139403,0.004307371,0.023744425,0.014551317,0.0037321227,0.0012583392
5997,7.350318e-22,4.498975e-14,1.16855725e-14,3.1389165e-25,2.6077423e-11,1.0,2.9524055e-12
5998,5.122445e-05,0.0012338525,0.0008711321,2.1359456e-05,0.0016337537,0.9956567,0.0005319758
5999,0.063533805,0.20567556,0.2039627,0.016218401,0.089560844,0.4175564,0.0034922813
6000,0.00010633152,6.185956e-06,0.04540954,1.2399025e-05,0.08967171,0.8647892,4.7171166e-06
6001,0.10837104,0.032507353,0.020897733,0.0026435077,0.4095263,0.42555335,0.000500794
6002,2.976507e-06,3.1675918e-05,0.00041320513,2.3190603e-05,0.00030634625,0.99846387,0.0007587593
6003,2.488219e-05,0.0001860389,0.0016438141,3.0779305e-05,0.0031125527,0.9948521,0.00014966862
6004,0.003615568,0.009244451,0.11420059,0.0035122714,0.060536925,0.8071498,0.0017404017
6005,0.008351072,0.0007679433,0.33735582,0.00063029013,0.23644952,0.41640514,4.029214e-05
6006,1.7326063e-05,1.0510562e-05,0.0003467626,1.5691638e-05,0.0009228977,0.9986754,1.1358527e-05
6007,2.8310616e-05,0.0011803264,0.021195283,0.00033879996,0.0041233804,0.9726845,0.00044939082
6008,0.05259474,0.1539246,0.11191945,0.01566275,0.2039336,0.4469903,0.014974587
6009,1.2900931e-16,5.8475755e-12,1.3533047e-11,8.63978e-20,9.1982075e-09,1.0,2.0553807e-11
6010,0.001699988,0.00015721373,0.046074905,0.00069988315,0.012712684,0.9386426,1.2606657e-05
6011,3.175698e-07,3.3644028e-05,5.0786293e-05,2.9654217e-07,9.563931e-05,0.9996549,0.00016448782
6012,3.20224e-05,4.1361964e-05,0.00021549163,2.2686198e-05,0.002621989,0.9970464,2.0005267e-05
6013,9.767412e-11,4.8750394e-07,1.2142387e-07,1.022983e-11,5.146714e-06,0.99998903,5.266343e-06
6014,3.8749065e-05,0.0008173491,0.0026956233,0.0008831631,0.008289927,0.98611116,0.0011640106
6015,0.0005330018,0.00023511726,0.011103083,4.0895146e-05,0.10114555,0.886927,1.5252804e-05
6016,0.004237807,0.001911548,0.011955729,0.020409873,0.0010927555,0.9603644,2.7838223e-05
6017,3.3320398e-06,1.8386965e-05,4.544594e-05,2.908744e-06,0.0014991062,0.99838877,4.2203337e-05
6018,0.006238521,0.017729454,0.1340345,0.0052602296,0.03273249,0.8031617,0.0008431242
6019,0.0,9.7e-43,1.1977857e-35,0.0,5.1545752e-23,1.0,7.3e-44
6020,0.0009939311,0.0020595791,0.009899791,8.48021e-05,0.030428577,0.95579094,0.0007424773
6021,0.00020874517,0.00012390231,0.0071704783,0.0006945059,0.002563603,0.98921376,2.5062933e-05
6022,0.0006049222,0.00046866757,0.015201305,0.00021569741,0.017394938,0.96603954,7.48749e-05
6023,0.00066439225,0.00022909294,0.18354437,0.0002604938,0.0821791,0.7330796,4.292051e-05
6024,8.131454e-05,1.714959e-05,0.21584617,4.9519786e-05,0.13937418,0.6446255,6.2334934e-06
6025,8.37452e-24,2.1847976e-18,1.0820625e-15,1.9708086e-30,8.009967e-11,1.0,5.371752e-19
6026,0.0071155718,0.0033126823,0.79459774,0.0021589755,0.07939217,0.113409735,1.3042527e-05
6027,2.0082061e-05,9.89105e-06,0.0011618278,3.900034e-06,0.04451636,0.95423365,5.4271226e-05
6028,9.157925e-05,0.00021042635,0.0015663172,0.00010024869,0.001244929,0.99666166,0.00012490139
6029,0.0019578016,0.00044954367,0.30759823,0.00086643506,0.052700352,0.6363533,7.423351e-05
6030,9.2165326e-05,0.00040034333,0.024837127,8.692656e-05,0.050110597,0.9242711,0.00020179793
6031,4.071086e-05,0.010180871,0.0016188783,0.00017420373,0.009243244,0.97660387,0.0021383811
6032,0.00033611472,0.0002795408,0.0047048787,8.503598e-05,0.09001127,0.9044681,0.00011492832
6033,0.013811195,0.89424163,0.010776315,0.019640379,6.121977e-05,0.043264724,0.018204577
6034,5.5508976e-06,3.0190529e-06,0.0015037161,1.3214774e-06,0.11371614,0.88470477,6.539386e-05
6035,0.00018137091,0.0025719868,0.0016990865,0.00029011085,0.00665579,0.9791088,0.00949268
6036,5.0598694e-05,0.0004673903,0.015232134,3.520537e-05,0.11922416,0.49033803,0.37465248
6037,0.005816347,0.0014478144,0.0036848495,0.00013136235,0.19221075,0.79668313,2.5722897e-05
6038,1.2168424e-13,1.8804707e-09,2.4552267e-09,3.7883673e-16,1.7974253e-07,0.99999976,7.2644952e-09
6039,4.4661618e-05,6.3500297e-06,0.00454087,3.4103489e-06,0.28321135,0.7121908,2.4992794e-06
6040,4.1791345e-06,0.011063626,0.0010819789,0.000118199525,0.0016350573,0.35011557,0.6359813
6041,0.00015182322,3.2426735e-05,0.0039462033,0.00022903578,0.002083551,0.99355066,6.1679516e-06
6042,2.6967875e-09,6.026432e-06,5.041226e-06,2.06049e-09,5.6988265e-06,0.99994886,3.4370943e-05
6043,1.7566332e-05,2.482817e-05,0.00029300514,2.7982871e-05,0.0019446575,0.9976788,1.3193903e-05
6044,6.7085703e-12,1.7328267e-08,3.2161502e-08,1.3770856e-13,6.5976303e-07,0.99999917,1.7036312e-07
6045,0.03408132,0.00035761745,0.010748313,0.0002645926,0.46854797,0.48599833,1.8669203e-06
6046,0.020675292,0.30048743,0.0723885,0.029119786,0.039997697,0.521727,0.015604267
6047,0.0008318749,0.00059372664,0.0019549425,0.00011858461,0.26850724,0.7279012,9.2401715e-05
6048,0.025901495,0.88052475,0.02017788,0.026906746,0.00020413932,0.03469371,0.0115912305
6049,0.001504328,0.0005040367,0.047271524,0.00049294566,0.3880446,0.5621642,1.8457129e-05
6050,0.061170183,0.8413894,0.030996284,0.026346821,0.00022406514,0.028350297,0.011522946
6051,0.00013776333,5.813055e-06,0.008217792,1.090501e-05,0.060092162,0.9315323,3.3408162e-06
6052,0.00215778,0.0008971501,0.006210742,0.0013681627,0.0057521956,0.9835808,3.3121174e-05
6053,0.00017387075,4.4059707e-05,0.00050191476,3.8582028e-05,0.002523656,0.99669385,2.3969882e-05
6054,0.0059536896,0.0016237743,0.04901623,0.0003654179,0.18154603,0.7612837,0.00021109248
6055,0.00035187328,0.00027422718,0.1523381,0.00023763094,0.091456756,0.7553139,2.7563923e-05
6056,9.227904e-06,5.638581e-06,0.004989738,3.6722104e-06,0.08973832,0.9052326,2.08487e-05
6057,0.0020202359,0.0051659057,0.10802405,0.017017672,0.004929015,0.8622231,0.00062000775
6058,0.43939373,0.37383118,0.039314512,0.04097011,0.08794672,0.018145612,0.00039812873
6059,3.090497e-06,1.3644928e-05,5.8108722e-05,7.2016883e-06,0.00013503636,0.99973685,4.615958e-05
6060,4.0952034e-07,1.2538758e-06,1.3610647e-05,3.8130926e-07,0.0006104382,0.99933964,3.420679e-05
6061,0.04642687,0.39569697,0.062166344,0.057038713,0.04160273,0.3774871,0.019581277
6062,6.486119e-05,4.8830865e-05,0.0003623607,2.108393e-05,0.008969775,0.99044985,8.30961e-05
6063,2.5048654e-11,1.01486776e-07,1.3487477e-07,9.315218e-13,2.4780654e-06,0.99999714,1.6860615e-07
6064,7.901246e-06,2.5438272e-05,0.00032101793,1.7633638e-05,0.00027443038,0.999172,0.00018161745
6065,0.00079189084,0.0003729058,0.010380771,2.4133034e-05,0.3347126,0.65360475,0.00011294386
6066,7.291866e-07,4.7784437e-05,9.6741576e-05,1.2693988e-06,9.875516e-05,0.9994661,0.00028863442
6067,0.055287078,0.040915184,0.24958293,0.014946155,0.12517914,0.51208305,0.002006383
6068,0.00023380248,5.961369e-05,0.0006138962,9.984832e-05,0.0004362458,0.9985434,1.3129552e-05
6069,0.00043789376,1.2723997e-05,0.069487534,4.022094e-05,0.10121679,0.82880104,3.7939824e-06
6070,0.00010316727,2.6517423e-06,0.0026723952,1.0427203e-06,0.24496023,0.7522599,4.988795e-07
6071,0.00026559652,0.010196179,0.009118552,0.0005258937,0.011317873,0.9680626,0.0005133094
6072,0.06286411,0.02285879,0.19045322,0.009761771,0.13834481,0.575342,0.0003753535
6073,1.9772335e-05,0.00065933965,0.00037171284,8.788203e-05,0.006082777,0.9892091,0.0035694728
6074,0.042111505,0.106295094,0.36418414,0.011969624,0.20940359,0.26545745,0.0005786123
6075,7.914183e-05,0.024693586,0.001372259,0.00014768053,0.004244967,0.03266864,0.9367937
6076,0.00069569505,0.00027454368,0.0020104693,0.0002312507,0.0032986398,0.9934443,4.5109875e-05
6077,0.00025164845,0.0026444371,0.003487433,0.0018192934,0.0017639806,0.98241055,0.00762266
6078,0.00066696655,0.0006901113,0.07146341,0.00057823677,0.07360713,0.84787935,0.005114786
6079,1.9548705e-12,1.4853609e-07,1.8515335e-08,7.6272064e-14,8.2269895e-07,0.9999981,9.586221e-07
6080,0.029029839,0.049835335,0.40111676,0.024529975,0.058694035,0.4364321,0.00036194464
6081,0.0,0.0,8.31e-42,0.0,2.3449286e-26,1.0,1e-45
6082,0.02296325,0.6244178,0.015637262,0.011294637,0.015087283,0.104271166,0.20632863
6083,2.8113473e-06,0.00010147283,0.00021498564,4.6484306e-06,0.00012036254,0.9992157,0.0003399449
6084,8.431057e-06,3.1373413e-06,0.00052080775,7.3937385e-06,0.0006710811,0.9987815,7.670132e-06
6085,0.0,0.0,0.0,0.0,0.0,1.0,0.0
6086,0.10595121,0.023356467,0.15354384,0.004327091,0.10134927,0.60916644,0.0023056832
6087,0.00423342,0.0015902107,0.081471145,0.0013152983,0.29115823,0.62013674,9.4934265e-05
6088,0.00024251931,7.823332e-05,0.009031342,4.2996886e-05,0.029224679,0.96109223,0.0002880532
6089,0.013957565,0.0008535714,0.006954499,4.907663e-05,0.92351896,0.05465994,6.430281e-06
6090,1.5323012e-06,1.1292167e-06,9.400588e-05,2.4465983e-06,0.00015806327,0.99973935,3.4255781e-06
6091,0.0042872215,0.00031329686,0.064462036,0.0006589609,0.04334788,0.8868951,3.5482786e-05
6092,0.00011130123,6.248259e-05,0.008709639,4.4032608e-05,0.0422981,0.9487445,3.0035075e-05
6093,6.641169e-05,5.1776104e-05,0.0071590035,2.5013756e-05,0.049405772,0.94327056,2.1544522e-05
6094,0.013800866,0.00069690245,0.031871587,0.0002518411,0.3480457,0.6051501,0.00018305118
6095,2.6594132e-06,7.995656e-06,0.00053981185,5.1413474e-07,0.3134241,0.6828207,0.0032042006
6096,0.009500327,0.00038456987,0.025365975,7.543725e-05,0.5415033,0.42313775,3.2521275e-05
6097,0.0005052825,4.3888886e-05,0.027066778,0.00011069647,0.03299466,0.9392252,5.3426902e-05
6098,0.00014840339,0.00012710622,0.0010836906,0.00010775181,0.0016010746,0.99686843,6.341353e-05
6099,5.0826612e-31,1.3333452e-19,4.3322547e-21,2.4376197e-37,1.21319445e-14,1.0,2.970949e-17
6100,1.7032356e-19,4.7218644e-12,2.6994466e-13,1.9603793e-22,3.4044034e-10,1.0,6.9186684e-11
6101,0.00049407623,3.5076573e-06,0.0022720182,1.8691595e-06,0.7507445,0.2464838,1.6319518e-07
6102,0.019208284,0.015144012,0.41909853,0.016081847,0.1555345,0.37481382,0.00011899515
6103,0.00060006004,0.00024248342,0.06491121,0.0005051702,0.19582155,0.73790956,9.942463e-06
6104,8.348398e-09,5.0164062e-06,2.9969585e-06,3.0521667e-09,1.4990539e-05,0.999941,3.6032634e-05
6105,4.57e-43,8.978199e-34,5.547088e-28,0.0,1.3690014e-18,1.0,1.0035792e-33
6106,7.199515e-05,0.0002869244,0.009944931,0.000122021025,0.04104994,0.94655895,0.0019652636
6107,8.759326e-25,1.8758576e-16,1.6325299e-16,9.765114e-30,6.166877e-12,1.0,2.4959122e-14
6108,0.003720791,0.0010806543,0.5054447,0.0008135376,0.11161138,0.37731946,9.498037e-06
6109,0.0043916903,0.0006308469,0.060438152,0.0002662529,0.16167073,0.7715048,0.0010975233
6110,3.099765e-27,1.8903294e-19,5.265023e-18,3.1550124e-34,9.617361e-13,1.0,3.873972e-19
6111,4.805642e-06,8.94538e-06,0.0003413891,1.9330075e-05,0.00015852193,0.99945277,1.4258309e-05
6112,0.014072376,0.0035561845,0.13303226,0.043317806,0.004381973,0.8016081,3.1353302e-05
6113,0.00922028,0.00035286712,0.03628722,0.00015320022,0.10936106,0.8443368,0.000288586
6114,0.0005520853,0.0006536023,0.014136018,0.0002136752,0.3444459,0.6399695,2.9188157e-05
6115,1.09002395e-17,4.0592907e-12,7.3012e-12,1.611133e-20,3.1246596e-09,1.0,1.57884e-10
6116,0.028599344,0.112415984,0.076162376,0.020801982,0.026864445,0.7313149,0.0038409315
6117,7.8347344e-05,0.00010352814,0.00022021894,4.3768687e-05,0.0004597875,0.9990416,5.267442e-05
6118,0.00021481092,0.0012703354,0.000843856,0.00038364227,0.0010883976,0.99500644,0.0011925629
6119,1.974541e-15,3.5359435e-10,1.7232155e-10,4.5385455e-17,1.1666122e-08,1.0,1.16427366e-08
6120,0.36112517,0.13511895,0.084579885,0.032268576,0.15971868,0.22678873,0.00040000633
6121,7.963653e-06,3.0270132e-05,0.00026170208,0.0001119563,9.664813e-05,0.99940765,8.3758685e-05
6122,0.016496133,0.0006554311,0.037876375,0.00015451109,0.59904087,0.3457502,2.6443917e-05
6123,3.4746756e-06,1.1429424e-05,0.00015850588,7.170744e-06,0.00014657831,0.9995297,0.00014309846
6124,0.00040368675,0.00029168825,0.0324216,0.00014962479,0.12750956,0.83919346,3.0320698e-05
6125,0.002874046,0.0026640485,0.09898436,0.001843883,0.12430148,0.76923585,9.622631e-05
6126,0.045979854,0.62208664,0.011026249,0.0049718493,0.11594571,0.14695595,0.05303366
6127,0.0005313271,0.0008929457,0.007988787,0.00038306223,0.06284444,0.92688924,0.00047025527
6128,0.00011695537,0.00015755427,0.035498664,0.0014456516,0.00042614058,0.9621607,0.0001942895
6129,0.016231915,0.008242131,0.12663977,0.022819376,0.01829357,0.8073504,0.00042283096
6130,8.693012e-05,0.00089924474,0.028560115,0.0001956107,0.01766084,0.9509551,0.0016421059
6131,7.7191544e-05,0.0002278995,0.013532856,2.212254e-05,0.13318065,0.85040617,0.0025531144
6132,0.019826185,0.00020383006,0.028560655,6.187272e-05,0.8524214,0.09892305,3.0596123e-06
6133,8.597058e-16,8.263312e-12,3.6649506e-11,3.454189e-19,4.7581644e-08,1.0,5.7977796e-11
6134,0.00012979303,8.792695e-05,0.0008902855,1.1943572e-05,0.061837338,0.9369993,4.337707e-05
6135,6.3037983e-06,1.2871851e-06,0.00015477308,1.191566e-06,0.006592092,0.9932417,2.5785316e-06
6136,8.166935e-07,1.6745665e-07,6.294474e-05,2.1671575e-07,0.0008791645,0.9990559,8.4059394e-07
6137,0.4087481,0.15198635,0.11684783,0.036379937,0.19890006,0.08704617,9.156574e-05
6138,0.00018706158,6.537433e-06,0.002887049,2.6312423e-06,0.2996057,0.6972239,8.710536e-05
6139,1.117053e-39,6.696239e-31,4.8017082e-26,0.0,2.959276e-17,1.0,3.9654062e-32
6140,0.00010494431,8.655995e-05,0.0012135768,0.00015203816,0.00061962893,0.99779946,2.379207e-05
6141,0.00010061592,0.00014805881,0.0012144515,0.0007992314,0.00036619164,0.9973568,1.4782172e-05
6142,0.03068809,0.50230277,0.14901328,0.056009367,0.0062864716,0.24794985,0.007750181
6143,0.12570222,0.2872312,0.4251029,0.048926473,0.009349525,0.09816445,0.005523324
6144,4.4683188e-10,2.0460539e-06,3.623989e-07,9.4000724e-11,6.4753713e-06,0.9999813,9.882477e-06
6145,0.10970111,0.37699845,0.2813556,0.070076555,0.010392185,0.1490505,0.0024255353
6146,0.06209521,0.01843015,0.3581483,0.007838724,0.36285427,0.19060476,2.86033e-05
6147,1.2313842e-07,2.7130711e-06,6.434679e-06,7.4360975e-09,1.907129e-05,0.9999707,9.193598e-07
6148,0.0062512206,0.0019035832,0.07999147,0.0016805095,0.056162536,0.8537214,0.00028932554
6149,4.909984e-06,4.4100274e-05,0.0003588938,0.00038536376,8.470341e-05,0.9991054,1.6556713e-05
6150,0.0009506937,7.211568e-05,0.02029286,2.24581e-05,0.2737046,0.7048646,9.275348e-05
6151,2.7403858e-06,6.9348825e-05,0.0037287448,2.2213906e-05,0.06019875,0.93155533,0.0044229804
6152,3.408958e-07,1.8752732e-07,4.9160306e-05,3.9274602e-07,0.00017535879,0.99977344,1.099995e-06
6153,0.00044605185,0.00092879677,0.037260953,0.0002085712,0.13463046,0.8259397,0.0005855022
6154,9.3050866e-11,5.389114e-10,8.493907e-05,2.4043099e-11,0.9327488,0.060059156,0.0071071186
6155,0.0001365445,0.0012189698,0.0013309347,0.0015080567,0.0002057304,0.9947733,0.0008264446
6156,0.0005975406,0.00032637647,0.00039717834,0.00010078604,0.003423328,0.99511117,4.3593293e-05
6157,1.4161675e-06,5.42273e-07,0.00010584061,2.9385174e-06,0.00011292567,0.99977463,1.6106922e-06
6158,2.9051932e-26,5.9983115e-21,5.9935886e-17,4.285122e-33,7.790994e-12,1.0,1.5125837e-21
6159,2.5151604e-15,1.4599377e-10,2.2255364e-10,1.031699e-17,2.480808e-08,1.0,2.73318e-09
6160,0.035017937,0.033431992,0.55412424,0.007862714,0.2101463,0.15928182,0.00013505116
6161,2.4e-44,1.0626363e-30,2.716718e-29,0.0,8.200886e-19,1.0,3.1437496e-30
6162,0.14876045,0.0026230647,0.05165146,0.0003678066,0.70279986,0.09375771,3.9741073e-05
6163,0.03495844,0.0027200058,0.25124317,0.0028787763,0.41716325,0.29101214,2.4236339e-05
6164,0.00018206293,2.5866428e-05,0.034074143,2.191816e-05,0.20744221,0.758251,2.8977909e-06
6165,0.0007220273,0.00033529042,0.056201726,0.00021561481,0.11039741,0.83204806,7.989991e-05
6166,0.00721552,0.004382471,0.43016326,0.0016687553,0.36360115,0.19294776,2.100603e-05
6167,0.016411422,0.006854258,0.6353915,0.0031455806,0.22274613,0.11544365,7.4774675e-06
6168,0.0034355405,0.0014156745,0.03391406,0.0002076097,0.079533175,0.8809128,0.0005812299
6169,2.8694967e-05,2.7020671e-05,0.00054110156,8.573537e-06,0.004215233,0.99471635,0.00046311153
6170,0.00793182,0.19931729,0.025091646,0.017136553,0.012938438,0.6818415,0.05574273
6171,1.2139983e-10,3.7507917e-07,4.2567711e-07,3.572687e-11,3.3841416e-06,0.9999776,1.8241795e-05
6172,1.9757796e-05,0.0005400266,0.0028825034,6.8137844e-05,0.02344639,0.96969104,0.003352166
6173,0.13569541,0.03573574,0.060099307,0.0036380936,0.537251,0.22723977,0.00034061293
6174,0.019309515,0.102322534,0.045490928,0.006722982,0.02006539,0.7808426,0.025246006
6175,6.9931714e-09,1.570524e-06,3.6830086e-06,3.0507699e-09,3.0550207e-05,0.9999238,4.038893e-05
6176,0.00045309876,0.004481351,0.08308181,0.0010174074,0.2703737,0.6255075,0.0150852
6177,5.263668e-06,8.692178e-06,0.00016187028,2.058411e-05,4.7779817e-05,0.999747,8.766704e-06
6178,5.780936e-05,1.2073171e-05,0.0016673416,8.75704e-06,0.060363617,0.9378878,2.693727e-06
6179,2.0144344e-26,9.508405e-19,2.0826907e-17,7.003524e-33,2.2625827e-12,1.0,1.9012224e-17
6180,1.353708e-25,3.384452e-16,9.835795e-18,2.0519519e-31,7.8317696e-13,1.0,1.839134e-15
6181,1.6435286e-22,5.2451996e-17,3.5244338e-15,5.8238196e-28,2.0189245e-10,1.0,4.9283326e-16
6182,4.541163e-05,0.0006318574,0.0044084867,0.00033459874,0.018861447,0.97558856,0.00012967215
6183,0.01408051,0.044851184,0.04886619,0.003395439,0.033859387,0.8503397,0.004607593
6184,1.4955466e-08,2.9752398e-06,2.2098575e-06,1.1791768e-09,1.8300465e-05,0.9999728,3.6806116e-06
6185,0.00097312784,0.00019791757,0.002285136,0.00017851364,0.01672778,0.9795726,6.493736e-05
6186,1.5001066e-16,2.498668e-12,3.3950058e-11,4.4017056e-20,8.0233695e-09,1.0,1.3041789e-11
6187,0.05218881,0.25665745,0.223067,0.040188998,0.019528462,0.4051817,0.0031875814
6188,1.4402999e-05,0.0050788647,0.00013477469,1.2764561e-05,0.0017039514,0.017131846,0.9759235
6189,0.018103087,0.00590185,0.012337735,0.0005056578,0.7130017,0.25008124,6.880839e-05
6190,0.08711025,0.13702166,0.12045477,0.034715004,0.11747708,0.5004666,0.0027545947
6191,4.2471755e-05,0.00016562684,0.0010014129,1.3205193e-05,0.03148819,0.9661371,0.0011519697
6192,0.0019324457,9.3550836e-05,0.008332487,1.6730613e-05,0.4947326,0.49483937,5.2852698e-05
6193,4.4284875e-06,0.00011889811,0.00014941095,3.637066e-05,7.1457034e-05,0.9992347,0.00038480945
6194,0.0002341386,0.00028435254,0.0017955598,0.00031067024,0.0063026054,0.9910404,3.2205127e-05
6195,2.3757405e-18,1.73044e-12,1.9408973e-12,1.1866609e-21,1.4593761e-09,1.0,2.7905843e-11
6196,0.0035062605,0.010456167,0.032684606,0.0010800409,0.051334854,0.89913887,0.0017992528
6197,0.21964392,0.034774885,0.33778396,0.0119842235,0.13308445,0.2625862,0.00014238985
6198,0.0,0.0,9.875e-42,0.0,8.3315545e-27,1.0,0.0
6199,2.2965994e-06,4.6691393e-06,8.951386e-05,1.6349177e-06,0.0005198298,0.99930143,8.055506e-05
6200,1.9582978e-18,2.674432e-13,1.7968213e-12,4.1403818e-22,2.2823639e-09,1.0,3.4834846e-12
6201,3.3963775e-06,8.1978305e-07,0.0010902504,1.8365894e-07,0.15473898,0.8441628,3.5082924e-06
6202,0.00030492822,0.0010083838,0.03473834,0.000439019,0.030815845,0.93265295,4.048554e-05
6203,5.1173614e-05,9.622822e-06,0.00066115067,7.594655e-07,0.30109668,0.69764304,0.0005375114
6204,0.00073381094,0.00054713973,0.026143188,0.0008812898,0.0080771465,0.9630088,0.0006085485
6205,0.00033893212,0.0014708604,0.0006385094,0.0011489717,0.0019153685,0.99385405,0.0006333444
6206,4.3213127e-05,0.0012632504,0.0007437205,1.6509164e-05,0.0065721422,0.9902354,0.0011258015
6207,0.000535761,2.4168028e-05,0.0064645796,1.0212738e-05,0.5061276,0.48683622,1.4585461e-06
6208,0.0,1.2988585e-38,1.949762e-34,0.0,7.243681e-22,1.0,9.205438e-39
6209,0.00045400922,0.0001927744,0.0035262674,5.5099477e-05,0.093339466,0.9022481,0.00018436038
6210,0.028174972,0.041476164,0.58841145,0.018888606,0.053611964,0.26919952,0.00023730446
6211,3.59242e-05,0.00011763241,0.0003633737,4.044852e-05,0.000359418,0.999022,6.111693e-05
6212,0.00040191575,0.000862807,0.005817156,0.00015909005,0.02416744,0.9681138,0.00047791397
6213,0.00067876943,0.00021132163,0.01959039,0.00026428027,0.08559339,0.89356077,0.000101046
6214,9.749252e-05,0.0009220878,0.006257524,0.00021232557,0.03936344,0.9527191,0.00042795192
6215,0.38216102,0.30283573,0.14706133,0.06378135,0.042519808,0.060603946,0.0010368511
6216,0.0019519792,0.0009986021,0.038623963,0.00037316227,0.07303646,0.8847445,0.000271341
6217,0.00029792392,0.00022880187,0.020408006,0.00021186801,0.09781504,0.8808136,0.00022476366
6218,0.017793259,0.053957727,0.6461828,0.010459039,0.16751057,0.10404396,5.2654916e-05
6219,3.5659752e-07,5.31699e-06,3.064883e-05,1.3697728e-07,0.00013562095,0.99976224,6.565717e-05
6220,0.0002869916,0.0017442806,0.0013748062,0.0018997292,0.0008243011,0.9932667,0.0006032342
6221,0.0026341372,0.0029932405,0.014230819,0.00036317942,0.04140355,0.93780077,0.0005743553
6222,7.3006487e-07,7.0495804e-07,0.00012168961,4.4074045e-06,6.696469e-05,0.9998048,6.9945406e-07
6223,0.0008282786,5.9709015e-05,0.009920286,2.7404332e-05,0.08537102,0.9037857,7.717651e-06
6224,1.6835424e-05,0.00017078109,0.0040635443,5.0648538e-05,0.03017893,0.9652888,0.00023050095
6225,0.0045196814,0.0015687997,0.0740388,0.0060706716,0.024279555,0.8894673,5.5186734e-05
6226,0.04001775,0.036238343,0.05263275,0.00839554,0.32749364,0.534263,0.00095896475
6227,7.975357e-07,7.1277704e-05,4.248979e-05,1.285117e-06,6.5086766e-05,0.99945015,0.00036887583
6228,0.00029177655,0.0031713906,0.0068140132,0.00011795732,0.02322348,0.9646265,0.0017548733
6229,0.00022330356,4.395041e-05,0.015636781,2.4450614e-05,0.044519547,0.93948764,6.437967e-05
6230,0.00010346404,0.00020195241,0.0021310276,0.00016328284,0.004663741,0.9921841,0.00055247504
6231,2.3276962e-05,1.9173985e-05,0.00025008916,2.1311958e-05,0.00066870806,0.9990044,1.3043651e-05
6232,0.00012631307,3.0002959e-05,0.016381865,1.632825e-05,0.04691295,0.936493,3.954646e-05
6233,0.0016594178,0.0013365179,0.25138584,0.00030564936,0.39639276,0.34866342,0.0002564268
6234,0.002368587,0.000796233,0.004945647,2.3453173e-05,0.89632624,0.09516226,0.0003776286
6235,0.0,0.0,0.0,0.0,0.0,1.0,0.0
6236,0.27392635,0.06603589,0.19131836,0.019787123,0.0319532,0.4141046,0.0028745008
6237,0.0007587055,0.0029983567,0.017966593,0.0005416755,0.081660755,0.89321554,0.0028583861
6238,0.27641973,0.3121473,0.05398686,0.06248352,0.12365792,0.17049979,0.00080492516
6239,5.5636644e-08,1.0981223e-05,2.305888e-05,3.8856868e-08,3.3499382e-05,0.99985707,7.5373035e-05
6240,5.5054003e-05,2.2764856e-05,0.0084105125,1.4569923e-05,0.09985618,0.8916212,1.9822939e-05
6241,0.021783356,0.0020904553,0.020225422,0.00047893796,0.45272586,0.50249964,0.00019633683
6242,1.2324123e-13,1.337389e-08,2.4577187e-09,8.647646e-15,6.332885e-08,0.9999995,4.3708613e-07
6243,3.32679e-10,6.5454554e-07,8.708575e-08,1.457636e-11,1.6069253e-05,0.9999789,4.3699274e-06
6244,9.3800946e-07,5.6842634e-08,0.00029417354,3.3797727e-07,0.00069131254,0.9990128,3.5195725e-07
6245,0.0005476408,0.000170814,0.12548724,0.00020100223,0.26760757,0.6059739,1.1834191e-05
6246,0.008390336,0.109949194,0.04685479,0.047427,0.0006089677,0.77203137,0.014738375
6247,1.0662884e-06,9.5148855e-05,5.316432e-05,8.6214364e-08,0.0007326709,0.9991105,7.3108577e-06
6248,9.6904705e-06,2.7197042e-05,0.0003035469,2.2309296e-05,0.00025218952,0.9993605,2.4656158e-05
6249,0.1049862,0.104676925,0.045058526,0.00770091,0.061913718,0.6721009,0.0035629114
6250,0.0048089465,2.3711864e-05,0.034398172,9.921238e-06,0.7826435,0.1781085,7.197693e-06
6251,3.9675706e-06,1.9232899e-05,0.00010191372,1.6188776e-05,0.0007265363,0.99907565,5.6538607e-05
6252,3.2391115e-05,0.00049300125,0.0067827934,0.000128598,0.06877092,0.8977006,0.02609164
6253,0.00037877465,0.0008059672,0.007293007,9.042909e-05,0.09769272,0.89358866,0.00015046935
6254,0.0004794845,8.787829e-06,0.0030073898,2.132756e-06,0.30658627,0.68990976,6.185369e-06
6255,0.0,0.0,0.0,0.0,5.537212e-29,1.0,0.0
6256,0.00023809246,6.0524853e-05,0.00029136418,1.8080182e-05,0.010552426,0.9888269,1.2791848e-05
6257,0.07227824,0.0062337923,0.35411102,0.0074760076,0.25097826,0.3088798,4.2869913e-05
6258,0.1568592,0.073765226,0.10598981,0.032436408,0.22214074,0.40834355,0.000465053
6259,0.029582946,0.013494795,0.20113099,0.014457134,0.23873252,0.50233823,0.00026344572
6260,0.28727922,0.48534158,0.038314126,0.10055894,0.03124438,0.056062292,0.0011994957
6261,0.011340981,0.0051605473,0.028869346,0.0010455472,0.6186202,0.33474627,0.00021704679
6262,0.0,3.8300016e-37,1.3142933e-32,0.0,2.7204415e-21,1.0,2.71737e-37
6263,2.982702e-11,3.4576054e-08,1.2269433e-07,3.1924903e-12,2.9966748e-06,0.999995,1.830306e-06
6264,0.027046986,0.12070115,0.04665779,0.023316529,0.17369477,0.60720795,0.0013748881
6265,1.18491125e-05,1.0751117e-05,0.00030057866,4.0521507e-05,0.00016441572,0.99944633,2.5550382e-05
6266,0.0004884515,0.0003335951,0.0020050572,0.0008711569,0.00058901566,0.99569595,1.685816e-05
6267,5.1068564e-05,6.3096595e-06,0.009362571,4.4973026e-06,0.11180982,0.8787579,7.874696e-06
6268,2.7035444e-08,2.0966252e-05,6.5892254e-06,8.5537435e-09,8.2048246e-05,0.99974436,0.00014600102
6269,0.00016218082,3.489287e-05,0.0005592144,2.789496e-06,0.08490286,0.9138869,0.00045114715
6270,3.5761108e-08,4.3120417e-06,9.3906965e-06,1.6526142e-08,2.8119626e-05,0.9999306,2.7553479e-05
6271,0.03766062,0.007877367,0.05695706,0.0018043829,0.078905374,0.8158468,0.0009483644
6272,5.4041316e-06,2.136236e-05,9.149387e-05,6.934067e-06,0.0009802254,0.99884534,4.9297825e-05
6273,8.0970596e-05,2.6050193e-05,0.00081096287,7.807769e-05,0.00060888263,0.9983909,4.129573e-06
6274,0.0,0.0,2.475e-42,0.0,2.3825635e-27,1.0,0.0
6275,0.00070940604,2.751429e-05,0.17108625,5.853024e-05,0.55029297,0.27782464,7.0599464e-07
6276,0.00055469066,0.044100832,0.038251307,0.0056373295,0.0054624523,0.8985527,0.0074406518
6277,0.0,2.1643288e-37,4.5458403e-32,0.0,2.5233502e-21,1.0,1.3287531e-37
6278,1.649321e-20,4.567976e-14,8.489489e-14,1.1235361e-24,4.011727e-10,1.0,3.2679263e-13
6279,0.0009072469,0.009397352,0.024933862,0.0005427479,0.025774844,0.93256533,0.005878601
6280,1.6210044e-05,0.00030684535,0.00022056013,0.0002271495,4.7742116e-05,0.9988134,0.00036813857
6281,5.244607e-06,1.8477283e-06,0.0001231119,8.887562e-06,0.00018740054,0.9996717,1.7098001e-06
6282,0.00031520988,0.0019312593,0.0016363568,0.0004893062,0.0010876801,0.99341786,0.0011223186
6283,6.3464016e-17,7.984856e-12,5.7877803e-11,5.9777587e-19,6.2121956e-09,1.0,2.4307073e-10
6284,0.03291489,0.008435132,0.029581778,0.0008599421,0.20881519,0.71899015,0.00040300217
6285,0.18663076,0.2389949,0.32620978,0.0670159,0.004217189,0.16638692,0.0105446
6286,7.505606e-05,7.829935e-05,0.00040633685,9.582611e-05,0.00047697505,0.9988525,1.4874704e-05
6287,0.012814545,0.0010855927,0.100330666,0.00032248808,0.21937874,0.6658492,0.0002187462
6288,0.01475284,0.061246492,0.021774987,0.006532887,0.053532243,0.8386066,0.0035538783
6289,0.1238484,0.018421028,0.22052251,0.0043477006,0.4522086,0.18055391,9.783861e-05
6290,7.659781e-05,0.00025853835,0.029132336,0.000116091775,0.014765637,0.95538586,0.0002649401
6291,0.38588756,0.25945142,0.035013102,0.08277648,0.12013171,0.11648401,0.00025572258
6292,0.025130738,0.0065006623,0.07402138,0.0019143691,0.14841354,0.74331146,0.0007077976
6293,2.4417394e-17,3.4843038e-11,1.5162567e-11,1.2555806e-19,2.4117144e-09,1.0,7.992147e-10
6294,0.00024696442,0.000838031,0.04944881,0.00019648585,0.41443396,0.524166,0.010669713
6295,0.0023061582,0.0018738457,0.030831993,0.00032296445,0.23352216,0.7309104,0.00023236216
6296,0.00042802095,0.0005392179,0.15569805,0.00077199185,0.04209899,0.80039203,7.176282e-05
6297,0.012281326,0.0009089344,0.30017975,0.0006074557,0.10686126,0.57897973,0.00018160474
6298,0.0024634283,0.0060734157,0.020732535,0.0003181039,0.034798708,0.90541416,0.03019964
6299,0.0015066421,0.0004588382,0.004516085,2.8102555e-05,0.052264247,0.9410481,0.00017801397
6300,0.081450745,0.016170219,0.4404669,0.016575208,0.26307076,0.18225296,1.3106186e-05
6301,6.950262e-05,8.0308555e-06,0.036450703,7.4603406e-05,0.0035623268,0.95983076,4.0588507e-06
6302,9.273077e-05,3.0947904e-05,0.0021105034,0.00021603463,0.00028535342,0.997247,1.7506758e-05
6303,0.000117814234,0.00010969311,0.007681589,6.5019405e-05,0.033400405,0.95849013,0.00013534057
6304,0.0011071241,0.004132774,0.010401554,0.00024888068,0.034726236,0.9420267,0.007356727
6305,0.00017849557,0.0001121222,0.0039863046,5.184406e-05,0.07289462,0.92275673,1.9983188e-05
6306,3.8720005e-05,8.984029e-06,0.00075062807,3.810106e-05,0.00076481915,0.998395,3.7424727e-06
6307,0.008345147,0.003168533,0.58261406,0.0022144176,0.21162726,0.19200683,2.3770082e-05
6308,0.01052759,0.008093597,0.06373195,0.003519182,0.116057605,0.7972763,0.0007938613
6309,0.07048632,0.039555147,0.11329455,0.0043343953,0.06919939,0.7020626,0.0010675692
6310,6.1830083e-06,2.2056354e-06,0.0006384287,9.17743e-06,0.00040889607,0.9989316,3.431904e-06
6311,1.6050464e-05,5.890167e-05,0.0049644173,2.0790543e-05,0.029683035,0.96510303,0.00015372843
6312,0.1401525,0.4685444,0.055950295,0.07683092,0.01319986,0.22703779,0.01828432
6313,2.4421974e-05,0.0012169443,0.0020930916,4.3283344e-05,0.0031099052,0.9921727,0.0013396682
6314,0.027311236,0.0012099692,0.40378898,0.00087967416,0.41689435,0.1499123,3.4572217e-06
6315,0.0031369324,0.7384915,0.03429018,0.029465174,0.00118447,0.18791762,0.0055141444
6316,0.29883656,0.042793296,0.23650782,0.013051178,0.3297396,0.07905798,1.349744e-05
6317,9.620738e-07,3.0050015e-07,7.1617884e-05,9.692764e-07,0.00019181336,0.99973387,4.148069e-07
6318,0.028061872,0.01050028,0.09894474,0.022560855,0.10985583,0.7299439,0.00013252576
6319,0.0015849182,0.0002097066,0.009857354,0.00010184595,0.06477456,0.9232747,0.00019704527
6320,0.0,0.0,9.525775e-38,0.0,2.5559278e-23,1.0,0.0
6321,0.017753886,0.006869167,0.57755774,0.0036948854,0.22972803,0.1643811,1.5152373e-05
6322,0.09550954,0.6025765,0.070433125,0.05441071,0.0081019895,0.16516548,0.0038027365
6323,2.71966e-05,0.009894022,0.00049271644,9.619465e-05,0.00014344201,0.02761169,0.9617347
6324,0.0006468905,0.12584491,0.0034003959,0.0026369453,0.014511503,0.344872,0.50808734
6325,0.0008610518,0.00032175813,0.0009495999,0.00023894462,0.0013516037,0.9962054,7.1722294e-05
6326,0.00079531193,0.00026671315,0.03637813,0.00029467783,0.08770389,0.8745133,4.795037e-05
6327,0.000103395316,0.00031843054,0.0056068953,0.00019288919,0.10540883,0.8883449,2.4697021e-05
6328,0.0013918269,0.0032787197,0.04741812,0.0003046172,0.36689433,0.5804115,0.00030081687
6329,0.0016357367,0.0064306096,0.028789267,0.00045096045,0.024522966,0.9365678,0.0016027676
6330,0.0058828616,0.0011909717,0.013770055,0.00022192225,0.06836511,0.90988773,0.0006813951
6331,1.4666552e-22,1.9145628e-17,1.155428e-14,2.997651e-28,9.260091e-11,1.0,4.6150845e-17
6332,4.385862e-07,1.577212e-06,2.9741252e-05,1.8946915e-06,5.952464e-05,0.999897,9.812452e-06
6333,0.025270771,0.0037724418,0.10474029,0.00060535205,0.56898403,0.29659763,2.9519317e-05
6334,1.8380493e-09,9.175893e-07,6.6398043e-06,1.6282762e-08,5.378739e-06,0.999897,9.003608e-05
6335,0.52983284,0.061937645,0.2390488,0.07084846,0.02827956,0.06990051,0.00015219471
6336,0.002117821,0.010446533,0.030587122,0.002795004,0.05287312,0.9005234,0.0006569719
6337,7.0339825e-06,4.130944e-05,9.339237e-05,2.8208711e-05,0.00012915599,0.99963,7.0833965e-05
6338,0.003599291,0.83712053,0.02591324,0.029131148,0.00039518322,0.09562368,0.008216912
6339,0.008085642,0.0067755054,0.62895244,0.0035639172,0.05143168,0.3010976,9.319324e-05
6340,0.0019624438,0.0002990437,0.01305694,0.0013671549,0.0022238146,0.98107797,1.2654018e-05
6341,0.0012000648,0.0033764106,0.016703872,0.00020875818,0.18039979,0.7975164,0.0005946627
6342,3.0123372e-05,2.7526772e-05,0.0023412409,1.0117662e-05,0.0845999,0.9129784,1.2705383e-05
6343,0.015170068,0.008054634,0.036629222,0.0013807056,0.6092093,0.32944894,0.00010707445
6344,0.0042901402,0.0020089636,0.09199445,0.001144799,0.023148283,0.8773262,8.712545e-05
6345,0.10849384,0.07304253,0.133356,0.027998112,0.10519323,0.5506685,0.001247862
6346,1.2846266e-05,1.3596872e-05,0.00034974917,6.8575914e-06,0.0005518339,0.9989454,0.000119749115
6347,0.0010420186,0.0003493189,0.0038653486,3.606717e-05,0.30922157,0.68530726,0.00017848049
6348,0.00012469899,4.843659e-05,0.007045719,0.00013968688,0.009989523,0.9826401,1.1905983e-05
6349,0.0006569775,0.0021545892,0.022604583,0.00018669652,0.027499119,0.94605,0.00084809837
6350,6.221932e-05,2.5998785e-05,0.0029298384,0.000104066574,0.0009494293,0.99591523,1.3130036e-05
6351,2.0104644e-06,1.2559688e-07,9.598468e-05,4.2553515e-07,0.0012044413,0.998697,3.6755157e-08
6352,9.1603315e-06,9.687034e-05,0.00035604503,6.1385916e-05,0.00046933384,0.99864644,0.00036072364
6353,0.00029117704,0.0004628592,0.0027481243,0.0005984082,0.003155467,0.9925895,0.00015442868
6354,0.38112512,0.03316751,0.05162816,0.0083064735,0.4315109,0.094226256,3.565851e-05
6355,0.0066363835,0.81667733,0.014037439,0.03675778,0.00043658522,0.12307214,0.0023823963
6356,0.0,1.7635e-41,1.5605513e-35,0.0,1.0985158e-22,1.0,4.577e-42
6357,0.005492985,0.0025232802,0.10936307,0.0006874746,0.044649776,0.8367452,0.000538232
6358,0.0017587042,0.00078296167,0.022716243,0.0011797212,0.008974123,0.9645033,8.4949235e-05
6359,0.010856091,0.9132539,0.012378894,0.013458149,0.00011618988,0.037263643,0.012673073
6360,0.0,0.0,0.0,0.0,2.8384798e-33,1.0,0.0
6361,8.215933e-06,4.8673315e-05,0.00069637474,8.583059e-05,0.00017649545,0.99862695,0.0003574938
6362,8.056878e-10,2.2465167e-06,4.663931e-07,1.3438788e-10,1.629676e-05,0.99996996,1.0979248e-05
6363,0.0003550098,1.2182619e-05,0.0050521977,2.0905398e-05,0.020930644,0.9736077,2.1383448e-05
6364,0.09260448,0.77153075,0.055278122,0.03538449,0.00015703902,0.020972464,0.02407264
6365,2.2456117e-09,2.1952321e-06,1.8722527e-06,2.8874056e-10,6.324943e-06,0.99997675,1.286559e-05
6366,0.00057981105,0.0054061036,0.08044556,0.0010213476,0.15395907,0.7552152,0.0033728285
6367,0.13277422,0.022256944,0.11706747,0.007018258,0.1517127,0.56784284,0.0013276053
6368,4.4152832e-05,1.1889643e-06,0.0021499298,3.1732548e-06,0.0060857274,0.9917142,1.6508585e-06
6369,0.015699757,0.016738642,0.05798953,0.006172547,0.45364052,0.4496558,0.00010321152
6370,0.00023395226,6.93445e-05,0.02135714,3.0135283e-05,0.08556729,0.89268154,6.0606e-05
6371,0.00030508314,8.070889e-05,0.003491004,3.2561293e-05,0.014844078,0.9812061,4.0505332e-05
6372,5.6381326e-05,0.00087531516,0.0054875035,6.6993314e-05,0.03343814,0.9589416,0.0011340677
6373,0.016923076,0.016060486,0.8388271,0.0058066375,0.043588124,0.078766584,2.8069868e-05
6374,0.0018318183,0.0002189402,0.009284257,0.0007311605,0.0064506046,0.9814751,8.1625285e-06
6375,8.488906e-05,0.0001596401,0.15650107,4.0647257e-05,0.5194354,0.3230079,0.00077045657
6376,0.06433095,0.06617,0.27706248,0.030761419,0.024732562,0.5347708,0.0021717774
6377,0.03392059,0.011343512,0.5032638,0.0025324547,0.06393697,0.38449076,0.0005119088
6378,0.0005510986,0.0017081423,0.0041227792,0.000989729,0.004527543,0.9874988,0.00060186477
6379,0.0016904674,0.11532267,0.038641494,0.007854648,0.0037622468,0.8314728,0.0012556151
6380,0.0013677386,3.220314e-05,0.020026177,2.799998e-05,0.32156453,0.65694976,3.1539977e-05
6381,3.4430283e-05,1.8402332e-05,0.00055245764,9.5207324e-05,0.00012364249,0.999166,9.951295e-06
6382,0.014222962,0.0075227353,0.059533488,0.0016566386,0.19256438,0.72355723,0.0009425898
6383,0.00053064903,0.0013988133,0.010152016,0.000116014926,0.041761562,0.9452695,0.0007714575
6384,0.06931131,0.09804285,0.42707387,0.050420627,0.19189292,0.16305993,0.00019851924
6385,0.06919467,0.6958266,0.041417003,0.050672915,0.0066995686,0.13033071,0.0058585643
6386,3.1240438e-06,1.2796703e-06,0.0001369003,3.836909e-06,0.00022880833,0.99962497,1.0822622e-06
6387,0.0061962795,0.0020311314,0.5873609,0.0017619719,0.067153536,0.3354715,2.4593712e-05
6388,0.1190803,0.37045598,0.28398547,0.07331206,0.00036938523,0.11843999,0.034356903
6389,0.0,0.0,0.0,0.0,7.999043e-39,1.0,0.0
6390,0.0002508567,0.019918773,0.017663362,0.0013903675,0.018213863,0.69307506,0.24948777
6391,2.7582391e-05,7.763946e-06,0.05512058,1.4032678e-05,0.083996296,0.86082,1.3750949e-05
6392,0.007497281,0.0037979519,0.3751532,0.010746274,0.0042978395,0.5981659,0.00034154876
6393,0.10154005,0.23472835,0.19545929,0.05103806,0.24655217,0.1664062,0.00427585
6394,0.17694314,0.31280234,0.20916201,0.06692887,0.010943507,0.21106984,0.012150303
6395,4.3970426e-12,3.744933e-09,6.010459e-08,1.0270831e-14,3.3550912e-06,0.99999654,2.7013383e-09
6396,1.6913915e-05,1.5632104e-05,0.0006307897,3.762259e-05,0.000363251,0.99891186,2.392263e-05
6397,0.00049981574,0.001051539,0.012897311,0.00011076715,0.060493592,0.92376333,0.0011836501
6398,5.9011404e-06,7.1783186e-05,0.00034672726,6.357788e-07,0.001958052,0.9976037,1.322174e-05
6399,5.2856076e-06,2.5952156e-06,0.00043773287,9.443809e-06,0.0007192551,0.99882406,1.6585636e-06
6400,1.4449333e-06,2.539704e-05,0.00015993786,4.2721945e-06,9.31829e-05,0.99953413,0.00018164898
6401,0.24818727,0.47908798,0.05444425,0.086932294,0.044277534,0.08502955,0.0020411883
6402,2.2113602e-08,6.8886793e-06,5.3158583e-06,3.567161e-09,4.5522727e-05,0.99992216,2.0098878e-05
6403,0.0025709285,0.00042882,0.35850435,0.00040106694,0.2681782,0.36989254,2.3976714e-05
6404,5.1542756e-06,0.0003279263,0.00054144877,4.8682955e-07,0.5916944,0.02278564,0.38464487
6405,0.035686824,0.0024866962,0.019564938,0.00016770161,0.62541753,0.31647706,0.00019913995
6406,0.011822951,0.0011975687,0.187376,0.0012443841,0.11854272,0.67971176,0.00010466873
6407,0.041422296,0.4758177,0.032963894,0.046407763,0.005535686,0.3799086,0.01794405
6408,4.7229632e-06,1.3806726e-05,0.00024080473,2.2338578e-05,0.00017750038,0.99947435,6.653941e-05
6409,7.4842224e-05,0.00033246892,0.003512106,6.406493e-05,0.0048689623,0.9908406,0.00030702667
6410,0.00034186555,9.983941e-06,0.020098923,1.4390153e-05,0.42376715,0.55576456,3.0729323e-06
6411,0.0006684276,0.0001124363,0.020116862,5.5966808e-05,0.15505894,0.82391196,7.5374584e-05
6412,6.371728e-07,9.699357e-07,3.2282987e-05,2.3562707e-06,2.4293484e-05,0.9999379,1.5980895e-06
6413,1.9876026e-05,2.5162077e-05,0.0005094585,0.000105784566,0.00025866588,0.99907553,5.5293517e-06
6414,0.0033557103,0.031432707,0.017832676,0.037500113,0.00025814824,0.9045314,0.0050893286
6415,0.0032796937,0.00035225542,0.13549604,0.0003460987,0.34475464,0.5157518,1.9551902e-05
6416,6.80369e-06,1.5952637e-06,0.0007325733,6.151994e-06,0.00037475317,0.99887544,2.659918e-06
6417,4.5294865e-07,1.8387535e-05,1.2098259e-05,4.577218e-07,7.9640966e-05,0.99978226,0.00010674839
6418,5.4034995e-08,1.9395851e-05,2.2062275e-05,1.060631e-07,1.890599e-05,0.9996082,0.00033129775
6419,2.9912206e-05,3.788346e-05,0.018477181,3.2436446e-06,0.0713894,0.9098507,0.00021164872
6420,0.00020037651,0.00036472213,0.0059540467,5.252689e-05,0.43850645,0.554747,0.00017486421
6421,0.00073411857,0.0014292055,0.011644713,0.0003296028,0.05684258,0.9287853,0.00023448827
6422,0.0,2.3067299e-37,5.174926e-31,0.0,1.1854218e-20,1.0,5.0800645e-38
6423,5.651308e-05,5.676696e-05,0.00072299154,2.1713557e-05,0.023103857,0.9759503,8.7843604e-05
6424,0.019969927,0.006224205,0.046540406,0.0018259854,0.26755083,0.6577188,0.00016984732
6425,0.0001780007,6.0250557e-05,0.00058772205,0.00015964526,0.00023529438,0.9987746,4.516904e-06
6426,0.001316578,0.001227572,0.01288154,0.012243936,0.00025343688,0.97187364,0.00020327551
6427,6.652979e-06,0.00016838589,0.00010354196,6.64684e-06,0.0003876887,0.99869686,0.0006302466
6428,0.0113319205,0.0032411162,0.06173,0.0110742515,0.009588158,0.9028755,0.0001590661
6429,0.00034018804,0.00037968712,0.0024229395,5.2091127e-05,0.016961826,0.9798052,3.807192e-05
6430,0.37135783,0.19819134,0.104524516,0.04606131,0.07650169,0.20247175,0.0008915618
6431,0.23445109,0.1839188,0.07483606,0.030946735,0.12189659,0.35231903,0.0016317241
6432,0.0,0.0,3.831e-42,0.0,1.3954432e-26,1.0,0.0
6433,0.0074327765,0.00042173744,0.05512527,0.00037316862,0.1284058,0.80818796,5.3345157e-05
6434,1.7284058e-06,7.664494e-06,2.7589585e-05,1.3636106e-06,0.0007525336,0.9991186,9.055322e-05
6435,0.015062097,0.005239083,0.24766782,0.002836269,0.43479466,0.29436725,3.285785e-05
6436,0.00047388716,0.000103916,0.00311832,0.0005511486,0.00059287663,0.9951487,1.1125187e-05
6437,0.0,0.0,2.23292e-38,0.0,7.0430433e-25,1.0,0.0
6438,0.037999917,0.030610487,0.055519294,0.055714842,0.00302612,0.81616426,0.0009651185
6439,1.16363005e-07,5.5344663e-06,7.722339e-06,5.6432953e-08,3.515012e-05,0.9999291,2.244518e-05
6440,0.013612676,0.016763547,0.044045173,0.0010920713,0.08710333,0.8292917,0.008091453
6441,8.707463e-23,8.759705e-15,7.023547e-15,8.181792e-27,8.0901466e-11,1.0,8.169838e-14
6442,0.00021660108,0.00024930108,0.0020780321,8.052739e-05,0.004964942,0.9922889,0.000121575795
6443,1.9885332e-22,3.1534664e-15,6.234989e-16,7.4993324e-27,1.16020915e-10,1.0,1.7136291e-13
6444,0.000101342506,7.3833646e-05,0.003379068,0.00016284049,0.00096201274,0.9952911,2.9904551e-05
6445,0.17721123,0.0034562554,0.027160004,0.00060530996,0.41025656,0.3810584,0.00025215847
6446,0.00029055768,5.5568948e-05,0.0014986913,0.00037430372,0.0005854461,0.9971923,3.1686984e-06
6447,5.409763e-06,5.0985785e-05,0.042375863,1.667903e-05,0.106026515,0.77383953,0.07768499
6448,0.11375135,0.0066637187,0.19712359,0.003104173,0.43361068,0.24572809,1.8477214e-05
6449,1.6036514e-05,7.664998e-06,0.00063735544,9.871742e-07,0.058155943,0.94117016,1.184386e-05
6450,0.00015380644,4.0876876e-05,0.0023505683,4.15499e-05,0.002850361,0.99453706,2.5831912e-05
6451,5.7915034e-10,5.803654e-07,4.197489e-07,2.7181e-11,3.638006e-06,0.99999404,1.3195375e-06
6452,1.964325e-06,1.9102838e-06,0.00012221678,1.1703631e-06,0.0016077379,0.9982487,1.6259013e-05
6453,0.0038642744,0.0012426471,0.35728398,0.0010447406,0.50521487,0.13134554,3.9768433e-06
6454,5.5602852e-36,3.3773413e-26,6.023571e-24,0.0,2.1016063e-16,1.0,3.0413774e-26
6455,0.002624967,0.00026424695,0.066479266,0.00033068281,0.09639149,0.83379287,0.00011640119
6456,0.01519418,0.044578522,0.43490502,0.0108193215,0.090066396,0.40371805,0.0007184523
6457,0.054298095,0.00076094724,0.061266147,0.00038634366,0.5205458,0.3626186,0.00012415354
6458,0.003192144,0.0074810525,0.018400287,0.0012766516,0.013811186,0.95357686,0.002261809
6459,4.8999875e-05,0.0016820625,0.0044824984,2.578647e-05,0.26937634,0.24626733,0.47811696
6460,5.223267e-11,5.505294e-08,1.08788505e-07,3.8864897e-12,6.8861214e-06,0.9999914,1.6297055e-06
6461,2.1438523e-11,6.7312884e-09,3.4613258e-08,1.3638328e-12,5.3020663e-06,0.99999464,2.7653684e-08
6462,2.9610676e-06,1.1918937e-06,0.00024964576,5.279122e-06,0.00018700064,0.9995535,4.310919e-07
6463,0.00015761248,0.0059589585,0.04541828,0.0021969744,0.05520369,0.7626354,0.12842904
6464,0.0044434606,0.007815246,0.01062464,0.00081207626,0.1483627,0.8275764,0.00036554952
6465,0.0002934855,0.034164548,0.013426576,0.00076103007,0.007763313,0.9310177,0.012573301
6466,6.7995716e-05,1.6553036e-05,0.00051270897,8.814166e-05,0.0003095313,0.99900264,2.4340054e-06
6467,3.162969e-05,1.277297e-05,0.0011804019,3.820774e-05,0.0014027169,0.9973253,8.990465e-06
6468,0.00025152013,0.014635038,0.0039234995,0.0014312469,0.00069691695,0.9780462,0.0010156544
6469,7.8551275e-05,1.5798525e-05,0.0022234968,1.12488015e-05,0.036194287,0.96144426,3.2324224e-05
6470,0.00070238806,0.0067661023,0.20057347,0.0011081221,0.0949772,0.6955152,0.00035753104
6471,0.00030346136,1.4396684e-05,0.06666595,3.698942e-05,0.17200512,0.7609705,3.530304e-06
6472,0.5905137,0.15145563,0.049261667,0.022016957,0.07557054,0.11101729,0.00016425182
6473,0.32195705,0.2860004,0.18842737,0.060634207,0.044896696,0.096456595,0.0016276537
6474,1.2953141e-18,7.0250544e-13,9.643666e-13,1.7563076e-22,5.7169175e-10,1.0,5.254305e-12
6475,0.0002320705,0.005053906,0.007438916,0.00012214966,0.027356027,0.95683646,0.0029604258
6476,0.00010552214,1.7387847e-05,0.0016004007,6.546825e-06,0.02379893,0.9743775,9.373338e-05
6477,1.32524e-22,2.7060191e-17,1.4715087e-14,1.0312767e-27,2.956477e-10,1.0,1.2983479e-16
6478,0.0069466177,0.00037716024,0.48283392,0.00033250358,0.4200073,0.089501895,5.66326e-07
6479,6.053274e-08,1.3506225e-05,1.6032142e-05,3.1236897e-07,1.5818154e-05,0.9991492,0.0008050592
6480,0.0035068102,2.5104155e-05,0.019474309,2.5460633e-05,0.5825386,0.3944276,2.1468595e-06
6481,0.47615066,0.34682778,0.06359241,0.051771257,0.022072705,0.03922337,0.00036180954
6482,0.000114675226,0.0006524511,0.0128903445,0.0002847506,0.004901952,0.9801222,0.0010336994
6483,1.3501922e-15,7.974482e-10,1.05671485e-10,3.0956904e-18,7.8662666e-08,0.9999999,6.9926633e-09
6484,4.8756473e-14,3.307728e-11,6.490936e-10,2.5762288e-18,2.896475e-06,0.99999714,4.9927822e-11
6485,0.003048261,0.10406408,0.10795376,0.021781659,0.003948812,0.75432783,0.0048756315
6486,0.00037589655,0.00031367072,0.007087536,0.00010295097,0.026280526,0.9656217,0.00021771122
6487,0.64811707,0.12650889,0.104652904,0.042581126,0.06278873,0.015313545,3.7703878e-05
6488,9.537373e-06,1.0004107e-06,0.0060099205,1.3806301e-06,0.2260502,0.76792735,5.8530014e-07
6489,0.0037482984,0.00016671889,0.0147117805,4.3873522e-05,0.48882267,0.4924636,4.311871e-05
6490,0.0012850768,0.013360137,0.01659215,0.00083031825,0.06566825,0.90199465,0.00026943404
6491,4.1847296e-05,0.00084910094,0.0029188194,0.00010468965,0.0023632012,0.99234515,0.0013771823
6492,4.7464354e-34,3.138511e-24,2.3730726e-22,1.411e-42,1.684989e-15,1.0,1.2419263e-22
6493,0.0027329694,0.0007234873,0.1405173,0.0010222066,0.17423517,0.6807365,3.2462412e-05
6494,0.001565415,0.0011982672,0.01895407,0.00049749017,0.022029256,0.9555556,0.00019991833
6495,7.4583027e-06,0.00097514066,8.7649234e-05,7.162559e-06,0.00047951366,0.9960616,0.0023815208
6496,6.168766e-17,9.0892675e-11,2.3226986e-11,2.0858529e-19,5.9537575e-09,1.0,5.117579e-10
6497,9.86437e-14,1.1184004e-09,2.7331897e-09,6.4383324e-16,1.7766845e-07,0.99999976,1.4663485e-09
6498,0.00028316944,1.994284e-05,0.011821464,2.0038658e-05,0.087553635,0.90027773,2.3899433e-05
6499,0.00031224167,0.012684507,0.020971047,0.00079872,0.012305448,0.93515867,0.017769396
6500,0.00031472472,6.683395e-05,0.005064458,0.00040132433,0.00047244877,0.9936753,4.8921743e-06
6501,0.002066359,0.015648331,0.005150328,0.0072952923,0.0029015958,0.96227914,0.0046590148
6502,0.00028525255,0.005146265,0.032181814,0.0010670786,0.0064041656,0.9536003,0.001315122
6503,0.0044880174,0.00096946163,0.00949109,0.0005294401,0.035383265,0.9490144,0.00012436711
6504,0.0002125375,0.00012352261,0.11267447,0.00012585994,0.09593886,0.79086226,6.244426e-05
6505,1.5353959e-06,1.0022882e-05,0.00017155342,1.4383462e-06,0.000256627,0.99932146,0.00023745777
6506,3.927683e-08,7.53681e-05,6.741127e-06,8.056574e-09,5.8450783e-05,0.9997658,9.3636416e-05
6507,0.05570717,0.089118056,0.5988727,0.03280616,0.014404665,0.20760888,0.0014823173
6508,0.036014087,0.006662594,0.3739887,0.00708864,0.29633072,0.27989942,1.5824082e-05
6509,5.4224927e-15,1.2613766e-09,2.499762e-10,2.903932e-17,4.0438046e-08,1.0,1.5160103e-08
6510,0.000889633,0.025260223,0.027362688,0.012205875,0.0022631318,0.92788136,0.004137125
6511,8.635657e-08,1.879188e-05,2.6942393e-05,1.2419387e-08,9.90398e-05,0.99982554,2.9542554e-05
6512,0.001151811,0.015651077,0.043694977,0.0026210784,0.045826226,0.88939005,0.001664739
6513,0.0011290659,0.0001759159,0.09590298,0.0001226829,0.41078213,0.4918695,1.7845567e-05
6514,1.2657491e-23,7.7911615e-15,1.1361004e-15,1.470618e-27,9.781459e-12,1.0,2.0472208e-13
6515,0.011447922,0.003936537,0.053295527,0.0019835706,0.008279152,0.91656727,0.0044899913
6516,5.843554e-06,2.6990752e-05,0.00016987379,3.3371558e-05,8.095508e-05,0.9995952,8.7700435e-05
6517,4.7974692e-05,0.0005760689,0.004117307,8.005125e-05,0.016074223,0.97855127,0.00055319443
6518,0.0026588305,0.0018991142,0.022543693,0.00028820653,0.62823975,0.3438277,0.0005427232
6519,6.244201e-05,1.6373442e-06,0.001975066,1.2260633e-05,0.0029503384,0.99499655,1.6753639e-06
6520,0.09557196,0.5325198,0.12593643,0.08398936,0.0018087171,0.13513117,0.025042627
6521,0.003641138,0.00042172754,0.014321722,0.0002788132,0.04178483,0.9393481,0.00020360008
6522,1.6498341e-31,5.1698564e-23,1.0808922e-20,7.01315e-40,6.453389e-14,1.0,1.0746007e-22
6523,0.00010637896,2.123586e-05,0.04251737,2.7688435e-05,0.23200779,0.7253129,6.595265e-06
6524,0.00032970248,0.005777061,0.003517172,0.0055277976,7.080694e-05,0.9813579,0.0034195927
6525,5.944272e-06,0.00020128678,0.00017840098,2.4487406e-06,0.00031989513,0.9992111,8.089172e-05
6526,0.19594416,0.49614415,0.13391621,0.06485534,0.019808497,0.07528835,0.014043347
6527,0.07481073,0.078846835,0.03974847,0.004884803,0.44875866,0.35150754,0.001443003
6528,0.0003270224,0.00055436033,0.0051658023,0.00030526612,0.016424505,0.9768884,0.0003347788
6529,0.0016154173,0.00056456134,0.03184257,0.0009582,0.02935101,0.93558794,8.033598e-05
6530,1.1252936e-06,2.7464175e-05,0.00016476307,2.1213737e-06,0.00021922626,0.99935097,0.00023429995
6531,0.23064405,0.1382227,0.35721248,0.04778083,0.09439069,0.13130793,0.00044130534
6532,0.065039754,0.43107247,0.086084165,0.019871179,0.109758325,0.2759019,0.012272254
6533,0.12685686,0.019500641,0.119273216,0.006957287,0.23434196,0.49279115,0.00027897704
6534,4.1159336e-05,3.5712066e-05,0.00063863135,7.510086e-05,0.00077583874,0.99840945,2.4088205e-05
6535,2.2891989e-05,1.3491005e-05,0.00043117008,2.825433e-05,0.00048495652,0.99900985,9.417153e-06
6536,0.00018758417,1.4150558e-05,0.0028538008,1.20938e-06,0.77148145,0.22545679,4.931323e-06
6537,0.042448852,0.040753085,0.6176113,0.020061148,0.04511255,0.23364535,0.00036779023
6538,0.00019527084,0.000411602,0.0029402042,0.0019564366,0.00061603735,0.99383485,4.554544e-05
6539,1.2788807e-06,1.969738e-06,9.0575246e-05,5.387119e-06,4.8393344e-05,0.99985063,1.7631444e-06
6540,0.00023916106,0.00063792494,0.0020384116,0.0006661978,0.0060815583,0.99018925,0.00014751579
6541,0.3108267,0.09044232,0.17540725,0.018783946,0.17637523,0.22797932,0.0001853449
6542,0.021702942,0.0003974915,0.019321036,0.0010218044,0.044289477,0.9132589,8.287571e-06
6543,0.0017182898,0.0021158012,0.01803986,0.00029429822,0.052622456,0.92396426,0.0012450686
6544,3.955404e-05,0.00083059986,0.0017372803,0.0003916586,0.0014904076,0.98030615,0.015204339
6545,0.23424366,0.1567221,0.2762158,0.037236847,0.090160854,0.20508236,0.0003384279
6546,4.0526575e-05,0.00012319689,0.0010437602,4.182116e-05,0.0041773273,0.9942198,0.0003536559
6547,0.09744069,0.6949477,0.07530236,0.04887086,0.0011671622,0.07037901,0.011892187
6548,2.5832616e-05,1.0908685e-05,0.00038941615,3.41945e-05,0.000347612,0.9991893,2.6785399e-06
6549,5.1890893e-06,1.2990471e-05,0.014211856,1.1325519e-05,0.0036994552,0.98201203,4.714648e-05
6550,0.0009546932,0.00018441377,0.08784966,0.00028710792,0.18334173,0.7273594,2.293433e-05
6551,0.016045265,0.0028472457,0.11379243,0.0015249599,0.25982663,0.6059313,3.21079e-05
6552,1.3842306e-06,0.00014928171,0.00016865385,6.706187e-07,0.0003247049,0.9987361,0.0006192053
6553,1.321269e-27,1.8348577e-17,1.0133002e-18,2.5731129e-33,1.5164259e-13,1.0,4.39326e-16
6554,0.00038395115,0.0017747425,0.021565855,0.0032613634,0.005436404,0.96731234,0.0002653115
6555,0.001260238,0.0001534968,0.015520261,1.6804977e-05,0.6269476,0.35606763,3.3980054e-05
6556,0.045179546,0.018684657,0.22815327,0.012734592,0.22940041,0.46558496,0.00026251405
6557,4.365142e-07,2.2598692e-06,3.2281285e-05,2.4147298e-06,6.4487525e-05,0.9998708,2.7328715e-05
6558,0.0016229947,0.002315971,0.0695825,0.0009639863,0.018336523,0.9067904,0.00038758127
6559,0.14172672,0.04683324,0.2900852,0.0113524245,0.20301636,0.30659327,0.00039281708
6560,6.5541134e-22,1.677739e-14,1.6450532e-14,1.7412484e-25,4.703216e-11,1.0,8.508979e-13
6561,0.003755393,0.0059079584,0.36928794,0.007161309,0.35913843,0.25465307,9.592805e-05
6562,3.5242815e-06,7.690834e-08,0.00021202263,3.7481007e-07,0.00161907,0.99816483,9.458588e-08
6563,0.0036342477,0.00029924157,0.019106885,3.869282e-05,0.9200862,0.056830984,3.7794787e-06
6564,7.6463016e-07,1.8851924e-05,0.00012850128,1.1843952e-06,8.1546044e-05,0.99946815,0.00030108704
6565,0.015763722,0.09609031,0.092638776,0.018230345,0.1622618,0.61005235,0.004962633
6566,2.8083852e-05,9.65226e-06,8.610286e-05,1.1143319e-05,0.00020391229,0.9996551,5.970587e-06
6567,1.9217394e-05,1.2240145e-05,0.0067335386,8.3310215e-06,0.023672733,0.9694983,5.5633787e-05
6568,5.618898e-05,0.0003395435,0.0017426766,0.0005324172,0.0001135212,0.9969747,0.00024088587
6569,1.262132e-32,6.7581146e-22,1.375228e-21,3.5184e-41,1.2116404e-14,1.0,4.3434244e-21
6570,0.00026101747,0.00019108417,0.027135652,0.00078101235,0.0043081343,0.9671733,0.00014985642
6571,0.0008621084,0.00042376973,0.0017126173,0.00011562294,0.011475141,0.9853351,7.562307e-05
6572,1.0871913e-09,4.4152733e-07,1.5258101e-06,5.3215377e-10,3.9941983e-06,0.9999726,2.1423255e-05
6573,0.0017192033,6.293948e-05,0.029269982,3.0494462e-05,0.29881552,0.670087,1.4846316e-05
6574,0.5751067,0.04055669,0.04118815,0.011730066,0.31860372,0.01281242,2.3753698e-06
6575,0.0015785908,0.00042583473,0.006617787,0.0041149203,0.00045902035,0.98677933,2.4563626e-05
6576,1.0394206e-27,8.238351e-20,7.613742e-19,6.3433423e-35,8.6238736e-13,1.0,8.532876e-19
6577,0.00039549134,0.0028074144,0.021657638,0.00014690215,0.15984403,0.8072037,0.007944728
6578,0.00031604688,0.00071738986,0.0062806006,0.00019966027,0.04177295,0.950346,0.00036743144
6579,0.003279848,0.0024687476,0.04832801,0.000666531,0.087234475,0.8574698,0.0005525083
6580,8.8382524e-07,1.9170253e-07,0.00011189212,3.8718403e-07,0.0005676184,0.99931777,1.3007755e-06
6581,0.17762691,0.03413301,0.26436865,0.028180921,0.10130898,0.39418325,0.00019826845
6582,0.010279035,0.00039660704,0.09023759,0.00032066402,0.5010708,0.3976672,2.8094659e-05
6583,1.2032839e-06,9.695027e-07,8.028996e-05,9.810338e-07,0.0006412066,0.9992705,4.889785e-06
6584,1.775518e-08,1.1395678e-06,4.0398145e-06,1.2164231e-08,1.17426525e-05,0.9998661,0.00011688514
6585,7.013827e-12,5.712857e-09,3.3013077e-08,7.028484e-14,1.6022117e-06,0.99999833,2.7423305e-08
6586,0.0013561732,6.846999e-05,0.02938409,3.2606582e-05,0.334282,0.6348197,5.6921202e-05
6587,0.004090929,0.002189679,0.62956965,0.0023542019,0.12729608,0.23448358,1.5833923e-05
6588,0.00011933368,0.010380797,0.003585929,0.001562412,0.0056901225,0.9721767,0.0064846417
6589,2.85735e-14,6.6278164e-11,1.9025392e-09,3.3585856e-17,2.2501052e-07,0.99999976,4.0572737e-10
6590,0.008481332,0.008146968,0.2082331,0.0034382497,0.028355142,0.7427767,0.0005685577
6591,0.11112169,0.15296103,0.09652052,0.036014337,0.05653544,0.53845346,0.008393513
6592,6.7465245e-10,2.6933893e-08,9.654937e-07,6.004372e-11,1.6080148e-05,0.9999826,3.5089798e-07
6593,0.048483822,0.02053928,0.059536856,0.0013668374,0.13275991,0.73513055,0.00218268
6594,4.362725e-06,4.7088728e-05,0.045255456,4.0267834e-05,0.2995269,0.63430905,0.020816745
6595,0.000102520295,6.663227e-05,0.0015310856,8.493474e-06,0.05037434,0.94788843,2.8520979e-05
6596,0.01900149,0.0026622175,0.13855706,0.0043864967,0.12087537,0.7143895,0.00012779777
6597,0.0022646624,0.23627844,0.03786793,0.008073982,0.021118654,0.3144018,0.37999454
6598,2.2850266e-08,1.7061474e-06,7.2462417e-06,4.016928e-09,4.3701348e-05,0.9999391,8.282305e-06
6599,0.025276858,0.06637943,0.57033896,0.021492459,0.0137802325,0.30131075,0.0014213236
6600,1.8070187e-23,7.981081e-19,1.62896e-15,1.6220584e-30,1.05500914e-10,1.0,6.6108436e-20
6601,0.0007154546,7.234788e-06,0.007687341,8.524437e-06,0.45665273,0.5349274,1.3420922e-06
6602,0.00030561,0.0004081756,0.05208734,0.0003165983,0.01197338,0.9348354,7.3482785e-05
6603,1.9875539e-07,6.5473664e-08,8.8112385e-05,8.82171e-08,0.003592802,0.99631834,2.9564316e-07
6604,0.00018201243,0.00010523107,0.015460631,5.1381823e-05,0.13063656,0.8535399,2.4273415e-05
6605,0.006428162,0.025906205,0.22489463,0.012857599,0.14292389,0.5859686,0.0010208837
6606,3.667948e-06,0.0053276676,8.369831e-05,7.217052e-06,0.0012044352,0.0094187865,0.9839544
6607,1.6325663e-06,2.026757e-06,2.7478345e-05,6.974064e-07,0.0008366472,0.9991078,2.3673565e-05
6608,3.0096357e-12,9.557633e-09,1.1966574e-08,1.2465209e-13,3.9856585e-07,0.9999994,1.9033715e-07
6609,0.26005253,0.08553157,0.23470578,0.03998752,0.25674748,0.12274546,0.00022965789
6610,1.9377776e-05,2.7088407e-05,0.0001815868,7.4631353e-06,0.013812157,0.98592687,2.5620095e-05
6611,0.00014639841,1.149793e-05,0.027784921,1.7351873e-05,0.07600765,0.8960241,8.0925665e-06
6612,0.00077882205,0.0018947254,0.019430669,0.00037782534,0.009084137,0.96806484,0.00036905805
6613,8.27834e-05,0.00029392907,0.016876576,7.712436e-05,0.043241676,0.9393355,9.234345e-05
6614,0.006931178,0.00015776228,0.027898557,5.421594e-05,0.71784747,0.24709764,1.3192969e-05
6615,0.00043277757,7.922858e-06,0.016090661,1.7228804e-05,0.21886688,0.76455605,2.8529481e-05
6616,4.6750396e-05,6.5450135e-05,0.0033196523,0.0002523009,0.0008563464,0.9953418,0.00011773668
6617,0.0058663967,0.0013563579,0.04838579,0.0005666327,0.09642205,0.84712255,0.00028031433
6618,0.0035104526,0.0014375268,0.014251726,0.00022634584,0.8135353,0.16688952,0.00014921406
6619,0.00048272614,0.008795957,0.011925782,0.0012825825,0.012464076,0.96242523,0.0026235955
6620,9.935674e-06,0.0008954754,0.0002495934,5.6112764e-05,0.000109614804,0.9936248,0.005054368
6621,0.0065683336,0.1089235,0.103494436,0.02150356,0.016770296,0.74011576,0.0026241192
6622,0.003045485,0.0016107542,0.043451034,0.0056269146,0.003340974,0.94276553,0.00015930324
6623,3.3198412e-05,2.3638327e-06,0.019946143,1.6216052e-05,0.014216324,0.96578485,8.823618e-07
6624,0.0012255331,0.0011162466,0.105653256,0.0010813074,0.04396624,0.84666616,0.00029127166
6625,0.0010748846,6.9700356e-05,0.00015802387,5.246936e-06,0.3907363,0.607949,6.815952e-06
6626,0.0005309131,0.0019845387,0.015533951,0.00020310882,0.057646263,0.92290556,0.0011957353
6627,0.0015078024,0.00025081745,0.04855754,0.0016072469,0.009173932,0.9388826,2.008867e-05
6628,0.007402706,0.0017695137,0.021383366,0.013870244,0.0044180253,0.951133,2.3214168e-05
6629,0.0,0.0,0.0,0.0,5.787827e-29,1.0,0.0
6630,0.14659566,0.32437712,0.020742625,0.062995374,0.016674513,0.4276988,0.00091586274
6631,0.15003146,0.6362821,0.028717345,0.04593064,0.058517132,0.07509491,0.0054264823
6632,0.00081304903,6.5360015e-05,0.07462381,0.0001742284,0.04142199,0.882875,2.65726e-05
6633,0.0,3.7387118e-37,8.613787e-34,0.0,2.3201528e-22,1.0,8.604086e-37
6634,8.8937115e-05,0.0005247963,0.0012067603,7.6396995e-05,0.00328791,0.9921095,0.0027057412
6635,1.863498e-23,3.8202933e-17,2.0683306e-15,1.0355772e-28,2.6980649e-11,1.0,1.4485002e-16
6636,2.5812945e-24,8.633864e-17,3.4689964e-16,2.0495759e-29,5.423556e-12,1.0,2.0028374e-15
6637,1.2496731e-06,8.109162e-06,3.38993e-05,2.813146e-06,0.0003294454,0.9994555,0.0001689333
6638,0.0101887565,0.054155663,0.24780186,0.030573346,0.019716525,0.63697255,0.0005912874
6639,9.979726e-16,7.692396e-10,8.6214494e-11,2.9175326e-18,4.5211994e-08,1.0,7.6880875e-09
6640,0.4155558,0.4185526,0.054530222,0.028109564,0.05224804,0.030491164,0.0005125864
6641,4.653359e-05,6.257302e-05,0.001203978,3.07346e-05,0.00084508833,0.9977042,0.00010698241
6642,0.26699537,0.42542696,0.13738091,0.078339465,0.0073239077,0.082865365,0.0016680164
6643,0.007681231,0.0010832819,0.45563954,0.0035523903,0.036813352,0.49518213,4.8100035e-05
6644,0.00024608578,6.223809e-05,0.013741901,5.1295403e-05,0.00888906,0.97694516,6.438384e-05
6645,3.7937054e-05,1.3672651e-05,0.0020007608,3.9623467e-07,0.7250437,0.27245668,0.00044682043
6646,0.11117155,0.6290106,0.057987727,0.054635476,0.0011029383,0.1269182,0.019173443
6647,6.22799e-06,1.1680529e-06,0.0011613381,6.461995e-06,0.0007315985,0.99809164,1.5803936e-06
6648,0.0034173145,0.0017576232,0.0158007,0.0002807744,0.2516495,0.72701573,7.832328e-05
6649,0.00043328697,0.0005432268,0.038533997,0.00011686097,0.03647529,0.9236375,0.00025980696
6650,9.456843e-06,2.255965e-06,0.015364861,3.8028572e-06,0.05804006,0.92657155,8.122307e-06
6651,0.00051968504,7.388669e-05,0.0058191,0.00037608165,0.0023497753,0.9908522,9.19571e-06
6652,0.7747664,0.04684708,0.048533928,0.0969851,0.010410202,0.022440378,1.7029748e-05
6653,5.8280413e-05,4.4245277e-05,0.0072676274,0.00010919097,0.03823725,0.9542754,7.9194e-06
6654,0.18466936,0.22274968,0.18687603,0.06250878,0.06055644,0.2812588,0.0013809559
6655,3.7426984e-05,0.0009160657,0.0068701757,5.2428582e-05,0.035303958,0.9196328,0.037187215
6656,2.9692379e-05,0.00016944113,0.0062373965,4.8724363e-05,0.00999566,0.9834599,5.9140515e-05
6657,0.06770854,0.038070925,0.034470886,0.0072332756,0.5007678,0.3514963,0.00025230172
6658,1.1811759e-08,5.902414e-07,1.7209052e-06,1.6327275e-09,0.0001533328,0.99984276,1.5686887e-06
6659,0.03832068,0.0029771067,0.09066193,0.0014854003,0.35367796,0.51282907,4.7903737e-05
6660,1.9926423e-05,0.0008405038,0.002720334,9.499205e-05,0.017186476,0.87239724,0.106740534
6661,0.0,0.0,2.13e-43,0.0,3.2047811e-27,1.0,0.0
6662,0.009541709,0.00064230704,0.14492819,0.0012940334,0.16605765,0.67751575,2.0374258e-05
6663,0.0023777604,0.00039047663,0.004603647,8.432301e-05,0.533897,0.45864314,3.706131e-06
6664,0.10746887,0.23721741,0.26084656,0.06980452,0.008539527,0.31398362,0.0021394757
6665,0.00017637835,5.011786e-05,0.0022370347,6.53455e-05,0.004300599,0.9931554,1.513869e-05
6666,0.00022963826,0.00057781726,0.0035365603,0.00023979718,0.06516643,0.930119,0.00013078495
6667,0.089407325,0.47767928,0.11794189,0.08201362,0.0010042476,0.2056569,0.026296737
6668,6.411536e-06,1.2537068e-06,0.00023548314,4.6332616e-06,0.00079448737,0.9989563,1.3209191e-06
6669,0.0028059678,0.0032196515,0.044620052,0.0007393988,0.57414097,0.37398928,0.00048464426
6670,1.1533756e-14,1.9433614e-11,1.1399652e-09,2.0859184e-17,8.679986e-08,0.9999999,1.016099e-10
6671,0.08360215,0.023124665,0.19614747,0.004354884,0.43357038,0.2589614,0.0002390401
6672,3.126716e-05,0.015085791,0.0008654808,0.00022975031,0.0028089248,0.3027921,0.6781867
6673,0.003022504,0.01692243,0.068875864,0.0015788012,0.044279717,0.864614,0.00070665556
6674,1.4900371e-06,0.00074945966,0.00011822863,1.2583391e-06,0.000470853,0.9956002,0.003058437
6675,2.1511633e-33,2.7232588e-26,4.882956e-22,4.2e-44,6.2817365e-15,1.0,9.857343e-28
6676,0.00033268746,0.0006175108,0.0104706185,4.91868e-05,0.06025483,0.92746365,0.00081148907
6677,0.0152865425,0.0027190896,0.41787708,0.0044619464,0.29657853,0.2630664,1.0371402e-05
6678,0.0006411404,4.4516804e-05,0.049751945,0.00022931388,0.014100961,0.93522424,7.94185e-06
6679,8e-45,6.1076566e-31,1.2064012e-29,0.0,3.325016e-20,1.0,3.4928088e-29
6680,0.00058002194,0.005077196,0.020837504,0.00039285904,0.14752387,0.8224587,0.0031299104
6681,0.00011327532,0.00015930776,0.0039609033,0.00056981633,0.00020349714,0.9949661,2.7081482e-05
6682,0.00020478635,0.001017878,0.0013807894,0.0002366744,0.013829482,0.98231345,0.0010170023
6683,1.5675932e-18,7.232394e-13,1.8945303e-12,6.6205276e-22,1.0502333e-09,1.0,1.2146781e-11
6684,0.3502622,0.06512701,0.22072178,0.07015928,0.048992828,0.24462353,0.0001133626
6685,1.0270637e-05,1.1802794e-06,0.00031018737,5.472974e-06,0.0005748131,0.99909616,1.8657561e-06
6686,0.0005419555,0.0022039888,0.031166146,0.0003995609,0.32220104,0.6426167,0.00087064964
6687,0.0016429649,0.0041436777,0.09203831,0.0021288327,0.009696558,0.88967305,0.0006767343
6688,0.01798698,0.002838992,0.09014567,0.0022185287,0.20769198,0.67905045,6.750065e-05
6689,0.0007337364,0.00028650372,0.020816391,0.00010620614,0.17151758,0.80648494,5.4669246e-05
6690,0.00398075,0.008845436,0.35560447,0.0033482935,0.18347953,0.44310626,0.0016352802
6691,0.0017521777,0.0014359405,0.09270939,0.001549582,0.052442383,0.8497575,0.0003530727
6692,0.30801165,0.3112248,0.19815123,0.06652228,0.040972225,0.074755974,0.00036182604
6693,1.1982195e-05,3.2692617e-06,0.0005762294,7.3386996e-06,0.0012554367,0.9981427,3.0118938e-06
6694,0.012829445,0.01250047,0.23063584,0.007290656,0.16537593,0.5710824,0.00028524504
6695,1.0723872e-06,1.3769612e-05,0.00018923245,1.4871238e-06,0.00017990443,0.9993957,0.00021880538
6696,0.029755497,0.011422335,0.2647794,0.015171062,0.22412074,0.45467335,7.764754e-05
6697,2.4083525e-07,9.6745964e-08,2.8745038e-05,2.779899e-07,0.000112217494,0.999858,4.3992378e-07
6698,0.0005785135,0.0003558058,0.015821489,0.000592974,0.0064973193,0.97600573,0.00014815002
6699,4.499899e-05,0.0003030344,0.0008048643,0.00018345084,0.00048198528,0.99782467,0.00035704515
6700,7.231633e-05,7.4093994e-05,0.0018544656,1.5720072e-05,0.012635044,0.98523235,0.00011597176
6701,3.874486e-06,4.2561064e-06,2.350173e-05,3.03026e-06,0.00015118225,0.9998048,9.413947e-06
6702,5.215269e-06,1.9962004e-06,7.993041e-05,5.108211e-06,0.00012682936,0.9997794,1.485877e-06
6703,0.00021346041,0.00025643822,0.0019313612,0.00013254464,0.0018739991,0.99544,0.00015212876
6704,0.0025887503,0.0036350342,0.019288538,0.0010934157,0.020435628,0.9498868,0.0030718213
6705,0.09678734,0.08764764,0.23630106,0.024097458,0.1218042,0.4309815,0.0023808526
6706,5.36408e-39,4.4058684e-29,2.1798532e-25,0.0,6.11446e-17,1.0,1.0161829e-28
6707,0.022400863,0.13981715,0.34494078,0.027489305,0.015625888,0.44805464,0.0016712954
6708,4.6043574e-06,1.9968456e-05,0.00013342497,1.0319367e-05,0.00014684812,0.99958724,9.750526e-05
6709,7.0618364e-05,0.00010457701,0.0003514452,4.361668e-05,0.009201057,0.9901805,4.8147762e-05
6710,8.902762e-05,0.02140621,0.0064911754,0.0018181625,0.0064731403,0.9329277,0.030794667
6711,0.0018763485,0.011971258,0.0245545,0.0015064876,0.06639805,0.89165413,0.0020391983
6712,0.0005692872,0.0032947331,0.023449704,0.000120859426,0.15659812,0.60050297,0.21546435
6713,2.8460986e-10,1.0739703e-07,1.1743848e-07,4.406211e-12,1.9862466e-05,0.9999795,3.6066848e-07
6714,0.21150535,0.09738284,0.21017458,0.009263973,0.38090754,0.090500906,0.00026476226
6715,0.0,0.0,2.094107e-39,0.0,6.5757907e-25,1.0,0.0
6716,0.0013237922,0.0004022622,0.10548686,0.00042867946,0.19688597,0.6954085,6.397111e-05
6717,0.27487022,0.40003192,0.06475266,0.06843997,0.053796783,0.13749436,0.00061405735
6718,2.678037e-05,0.0002312119,0.008896396,8.331963e-06,0.6817341,0.1625252,0.14657792
6719,0.0051320144,0.0088315215,0.010894802,0.0018357681,0.022531157,0.9479363,0.0028384142
6720,2.6039565e-12,2.583381e-09,1.2311276e-08,9.30394e-14,6.6389407e-07,0.9999993,4.2646427e-08
6721,0.14039192,0.03239331,0.41128007,0.026755858,0.122652315,0.26642016,0.000106427535
6722,1.2811912e-17,6.078104e-12,3.7726562e-12,1.3763255e-20,2.1260869e-09,1.0,6.232247e-11
6723,0.015670145,0.033925682,0.56711715,0.018465595,0.14733961,0.21711749,0.00036435275
6724,0.0012854496,0.00011137372,0.029680584,3.922717e-05,0.4714225,0.49745804,2.8616546e-06
6725,0.0001364145,0.00012825042,0.013980425,2.7415395e-05,0.1550353,0.83060724,8.498034e-05
6726,0.0014927223,0.004220618,0.049891,0.0017073115,0.11235857,0.83027107,5.8668993e-05
6727,0.0,2.2e-44,4.95597e-39,0.0,1.4576124e-24,1.0,2e-44
6728,0.00029712127,0.0048259776,0.009964273,0.0005016732,0.0009961247,0.9467179,0.03669688
6729,0.0006302187,7.7549535e-05,0.025882324,4.76702e-05,0.11243645,0.86087924,4.6437493e-05
6730,0.012253639,0.008934135,0.032470144,0.0017135773,0.24447145,0.6999805,0.00017661662
6731,6.826502e-07,2.547054e-05,0.0017823924,8.151901e-07,0.17582938,0.23978831,0.582573
6732,3.384371e-18,8.600703e-15,3.1723962e-12,1.3112496e-23,3.775486e-08,1.0,3.8024287e-15
6733,0.07290645,0.058214877,0.1102239,0.08094361,0.12384386,0.5535724,0.00029495702
6734,2.7668816e-06,6.83457e-05,0.0018694905,2.6792444e-05,0.0015719157,0.9963606,0.00010005673
6735,0.056568816,0.44319916,0.0772235,0.037708912,0.07134474,0.30015522,0.0137995845
6736,0.0029995847,0.0010404051,0.018563526,0.00015079384,0.1902592,0.78649294,0.0004934935
6737,0.013544652,0.010944237,0.21912773,0.0058088,0.35358155,0.3969428,5.021508e-05
6738,1.3734933e-05,7.564235e-05,0.00013586569,0.00028438622,6.277589e-05,0.99940515,2.2471962e-05
6739,2.2968091e-21,1.4363908e-14,3.346646e-14,7.2997823e-26,2.0307035e-10,1.0,2.1340282e-14
6740,0.004295221,0.0012900614,0.08204758,0.00038946397,0.09742872,0.81433064,0.00021829846
6741,0.034979522,0.007415425,0.41441527,0.004945658,0.31816995,0.22005506,1.9061183e-05
6742,2.9973944e-06,4.226072e-06,0.00027088218,1.4206766e-05,0.00010510582,0.99958485,1.786103e-05
6743,2.747881e-05,0.00030058197,0.00041280728,0.00014914069,0.0003439142,0.99819714,0.00056896626
6744,4.6181794e-06,6.009715e-05,0.0034322378,1.5058413e-05,0.0016365806,0.99469745,0.00015393675
6745,7.671565e-12,4.503769e-08,2.7967205e-08,7.760393e-13,1.8246783e-06,0.99999774,3.8928934e-07
6746,0.0003599817,0.00014436145,0.002415312,0.00013703054,0.0060992786,0.9907947,4.9356167e-05
6747,0.00075719715,0.00088100083,0.011949357,0.0014977719,0.0015122583,0.98313314,0.0002692648
6748,6.6225107e-06,4.171077e-06,0.00084557524,1.18848875e-05,0.00089701446,0.9982291,5.656382e-06
6749,6.8718555e-07,6.5409125e-07,2.8706567e-05,1.3807434e-06,0.00015089137,0.999814,3.7221312e-06
6750,0.16485153,0.019397,0.5481785,0.005566459,0.084909365,0.17685254,0.00024462622
6751,0.0045437245,0.0006159381,0.68327034,0.00067289564,0.19141334,0.11948259,1.2514436e-06
6752,0.0001162577,0.04082575,0.00074031745,0.00024396855,0.0026349886,0.055214483,0.9002242
6753,0.0037467103,0.00014087478,0.062542334,0.00064979104,0.05074641,0.88208824,8.56044e-05
6754,0.010230549,0.0016229656,0.15076934,0.0022430525,0.085223764,0.7495848,0.0003254725
6755,0.011732753,0.0077021034,0.7910502,0.0029021276,0.0901522,0.09644545,1.52087e-05
6756,0.000107312844,0.0004651759,0.0023171806,5.5316676e-05,0.006382875,0.99043745,0.00023459138
6757,0.00040775575,0.00015349487,0.026157891,0.00036214426,0.012569409,0.96033216,1.7161197e-05
6758,1.7033736e-08,7.3948218e-06,6.3266048e-06,8.6406455e-09,2.1177399e-05,0.999879,8.603842e-05
6759,7.697251e-07,8.246679e-06,0.0001616189,5.1669876e-06,0.00014203973,0.99966145,2.0810374e-05
6760,0.0058079897,0.0045472872,0.53865457,0.0038017835,0.14550398,0.30164915,3.526564e-05
6761,0.00024113839,0.00062449323,0.004723104,5.7268397e-05,0.05241346,0.94102484,0.0009156606
6762,0.017749751,0.046903484,0.32398728,0.045387268,0.06126894,0.5034286,0.0012747557
6763,0.029554673,0.098144144,0.07490545,0.006492797,0.12097566,0.66823906,0.0016882737
6764,0.0017267459,0.21733814,0.06496533,0.00863587,0.02052062,0.4984312,0.1883821
6765,0.0042006182,6.506435e-06,0.02087094,2.6725947e-06,0.7227664,0.25215277,1.399046e-07
6766,8.778087e-05,2.3877967e-05,0.0041191177,5.5545283e-06,0.019710073,0.9760424,1.1256821e-05
6767,0.0038996805,0.00028668912,0.0394081,0.0012760971,0.022844642,0.9322803,4.4442513e-06
6768,0.011301559,0.031247564,0.11523773,0.0061515784,0.26660928,0.56865466,0.0007976324
6769,0.00012468954,0.0020055056,0.001507046,0.00046927735,0.0037978946,0.98694396,0.0051516052
6770,0.0005274196,0.0028856646,0.013154921,0.0019049781,0.013592465,0.9646193,0.003315202
6771,0.2332284,0.04471969,0.17918241,0.010711718,0.044292618,0.48703784,0.00082729646
6772,7.395939e-06,0.00011066917,0.003201384,3.1564905e-05,0.0008021452,0.9957344,0.000112526715
6773,0.0028992074,0.048929233,0.10934925,0.027101696,0.040601853,0.7079656,0.06315315
6774,0.00011146866,7.872467e-05,0.008167434,2.0192268e-05,0.04350113,0.948059,6.198801e-05
6775,0.027447602,0.0019223142,0.049221262,0.00042164963,0.51750034,0.40344742,3.9421117e-05
6776,8.509475e-06,8.019821e-06,0.0010082659,1.5547457e-06,0.11224691,0.88643724,0.00028953055
6777,3.481241e-07,8.000913e-05,3.2705888e-05,2.27073e-06,1.3406119e-05,0.9986236,0.0012476469
6778,0.00036412769,1.6989437e-05,0.023626009,6.382494e-05,0.02595784,0.9499574,1.3770503e-05
6779,3.1417044e-27,1.1458486e-17,1.782282e-18,4.2397896e-33,3.5121304e-13,1.0,1.1702646e-16
6780,1.7573222e-05,6.423244e-05,0.0053825784,8.011601e-05,0.010786964,0.9836205,4.801099e-05
6781,0.009055943,0.01674146,0.4865529,0.0072981087,0.2091778,0.27105847,0.000115370145
6782,3.1876756e-05,7.0385184e-05,0.0020419462,8.270512e-05,0.037859283,0.9598924,2.1407024e-05
6783,2.6499383e-16,5.7540847e-12,6.219374e-11,7.3479145e-20,2.0903412e-08,1.0,1.33677305e-11
6784,0.030813973,0.018622518,0.6266331,0.0069455593,0.15783577,0.15912338,2.5708116e-05
6785,0.00012988529,0.00075668097,0.0122825615,6.2414634e-05,0.067468815,0.91912687,0.00017273662
6786,0.03947732,0.021247575,0.11625318,0.017258521,0.032425992,0.7728237,0.00051374384
6787,0.0020884438,0.004834748,0.03696392,0.0042383005,0.15756014,0.79423213,8.232332e-05
6788,0.0011663405,0.0007097066,0.01788358,0.0015786735,0.0052671228,0.9732616,0.00013296615
6789,7.664432e-06,2.0225061e-05,0.00010297899,1.0846176e-05,0.0013389167,0.9984962,2.3225328e-05
6790,4.2830024e-09,3.7087427e-06,3.2568441e-06,3.845686e-09,5.8933006e-06,0.9999374,4.977894e-05
6791,9.046205e-06,3.9784045e-06,0.0006296756,1.1888869e-05,0.0003536737,0.9989874,4.388524e-06
6792,1.1072334e-13,1.3087199e-09,1.6584716e-09,1.6501489e-15,3.1506016e-07,0.99999964,2.6261135e-08
6793,0.15150891,0.012372508,0.06353359,0.0035106526,0.6723565,0.096711926,5.9118884e-06
6794,0.056687407,0.013573277,0.33863834,0.016167043,0.033909358,0.54052484,0.0004997759
6795,0.0,0.0,0.0,0.0,6.5661777e-29,1.0,0.0
6796,0.015108753,0.007050652,0.0740938,0.0038423585,0.041150644,0.8577236,0.0010301241
6797,0.10064613,0.07674336,0.0981698,0.04135444,0.035402875,0.6474233,0.00026004747
6798,0.00014478981,8.246698e-05,0.023260135,7.3963034e-05,0.1303546,0.8460091,7.500866e-05
6799,0.03433091,0.0031390672,0.14442275,0.0015163246,0.5347847,0.28179917,7.00329e-06
6800,7.095631e-05,0.0002638497,0.021123584,0.0001244434,0.03148564,0.9463003,0.0006311746
6801,8.904618e-06,0.00022230762,0.0058532148,2.6869187e-05,0.0061160317,0.9876506,0.00012220537
6802,1.8710997e-06,1.7971553e-06,0.00017178695,4.8029374e-06,0.000186033,0.9996278,5.871878e-06
6803,0.0002126902,0.0008114541,0.004093462,0.00075080845,0.0017603453,0.99097085,0.0014003365
6804,9.0124624e-05,2.205041e-06,0.0016679919,5.2650756e-07,0.50271297,0.49550214,2.3998864e-05
6805,0.00042621748,3.6355574e-05,0.020755291,2.2324872e-05,0.16916473,0.80956763,2.7443724e-05
6806,0.048228856,0.026700243,0.13491473,0.0041806274,0.13487059,0.6495815,0.0015234806
6807,0.0007721182,0.0013066758,0.024074098,0.00029386516,0.037272584,0.9359947,0.00028588137
6808,0.0007068567,0.00019862768,0.0123314215,9.055085e-05,0.10363367,0.883007,3.1899064e-05
6809,9.615658e-06,6.2915656e-06,0.00046383933,9.981411e-06,0.00055209815,0.998933,2.5096399e-05
6810,7.665277e-05,2.0469599e-05,0.00046413467,3.1999218e-05,0.0042281593,0.99516994,8.52397e-06
6811,9.654221e-05,0.0034810677,0.00095216936,0.00016327966,0.009931967,0.9797,0.005675032
6812,0.00013075808,5.8124348e-05,0.04028113,4.159319e-05,0.05163651,0.9077982,5.377479e-05
6813,2.3161772e-05,4.2094307e-05,0.0036163102,3.1423497e-05,0.056936774,0.9393213,2.889071e-05
6814,0.16053674,0.03565439,0.22335683,0.010468149,0.31554258,0.25418577,0.00025563725
6815,0.0027279246,0.00021892779,0.0173327,3.4390363e-05,0.8064111,0.17306791,0.00020713318
6816,2.3152481e-06,4.6543263e-08,0.00043739405,1.7406482e-08,0.23396496,0.76559514,1.2121502e-07
6817,0.0014089631,0.00012014909,0.009013022,0.00066621567,0.006439937,0.9823329,1.8852803e-05
6818,0.00012228645,0.0005907488,0.04042808,0.00026117326,0.07615878,0.8823333,0.0001057139
6819,0.024481723,0.021834737,0.5607943,0.007773664,0.06351769,0.32131085,0.00028707844
6820,0.35835183,0.1446303,0.23990944,0.05132254,0.114122175,0.09147651,0.0001871974
6821,0.0018133502,9.145107e-05,0.008778885,3.1153348e-05,0.054946974,0.93427753,6.061675e-05
6822,0.00010069773,0.00036752227,0.0008135515,0.00027082468,0.0003429996,0.9977652,0.00033923605
6823,0.0001196646,6.50625e-05,0.0009769335,5.853875e-05,0.0021959925,0.9964845,9.922549e-05
6824,0.0038194605,0.0036530034,0.00364432,0.00033477673,0.22359267,0.76466876,0.00028704517
6825,0.0076185223,0.0016390437,0.012621655,0.00023137036,0.67347455,0.3043465,6.8354086e-05
6826,0.002219728,0.00035413352,0.064023025,0.00082044373,0.03964029,0.8929174,2.4985458e-05
6827,0.10356511,0.7135563,0.076670974,0.033035398,0.0010723671,0.06800703,0.004092801
6828,0.0007416174,0.00072775193,0.017563572,0.0009060941,0.05050328,0.92920846,0.0003491652
6829,0.0006294712,0.0025452457,0.057073757,0.0011207955,0.042702917,0.89553446,0.0003933533
6830,0.0156694,0.041797087,0.055201415,0.0031757692,0.08017568,0.7998081,0.0041726306
6831,0.0016554352,0.014449054,0.019044664,0.0024456752,0.002773751,0.9583767,0.0012546517
6832,0.00010488581,0.00016378285,0.0001583055,2.7228693e-06,0.026261698,0.9729584,0.0003502875
6833,0.0009947175,0.002739021,0.031243112,0.00021487549,0.022153258,0.9419158,0.0007392374
6834,0.0002214362,3.878823e-05,0.0131058,5.304069e-05,0.021507649,0.9648422,0.00023118575
6835,2.9645758e-05,3.7313024e-05,0.00057244,2.5865468e-06,0.15581863,0.8434989,4.053838e-05
6836,5.4727847e-05,0.00013136005,0.014802924,0.00018450175,0.02794571,0.95686865,1.2127779e-05
6837,0.0026488176,0.0019379754,0.022233773,0.00065579783,0.12246139,0.8482427,0.0018195647
6838,7.774191e-05,1.4853429e-05,0.0034716749,4.880234e-05,0.003155764,0.9932198,1.1441099e-05
6839,0.042153724,0.0014276048,0.19431466,0.0013883115,0.64831036,0.112403885,1.4601331e-06
6840,5.8961382e-34,3.8054458e-23,1.9328599e-22,1.153e-42,1.6013639e-15,1.0,2.0836945e-22
6841,1.8073968e-05,0.00016437801,0.00083630637,4.5845107e-05,0.00044821686,0.99784493,0.0006423285
6842,2.655222e-06,2.099256e-06,9.93019e-05,1.746423e-06,0.00025750836,0.9996351,1.5092972e-06
6843,0.0,9.2842e-41,4.470504e-38,0.0,1.3112239e-24,1.0,8.14701e-40
6844,0.010151329,0.007325705,0.057360016,0.0040025893,0.013711479,0.90630454,0.001144315
6845,0.061445214,0.065422244,0.36273098,0.034103207,0.11885015,0.35649756,0.0009506788
6846,1.2603391e-14,3.2443819e-09,7.0704326e-10,2.1824004e-16,1.0528075e-07,0.9999999,4.810442e-08
6847,0.02494032,0.5230259,0.1213554,0.026938217,0.026549377,0.21434474,0.06284607
6848,2.6181308e-09,2.6881665e-07,7.579351e-06,3.844707e-10,0.00017064268,0.99982065,8.7506464e-07
6849,0.00030155055,0.0005290656,0.005930557,0.00031561748,0.00328888,0.9887289,0.0009053953
6850,1.3451845e-06,3.0568335e-06,8.304523e-05,3.587008e-06,0.00013827895,0.99973744,3.3263725e-05
6851,1.3748375e-08,2.6967577e-06,2.8049653e-06,2.4328544e-09,0.00013322054,0.9998486,1.2575828e-05
6852,0.0,4.2913e-41,1.3467522e-36,0.0,1.7276592e-24,1.0,4.80233e-40
6853,2.0867358e-06,1.21659095e-05,7.0444905e-05,5.9713016e-06,0.00027714076,0.99956304,6.916748e-05
6854,8.757929e-05,9.17368e-05,0.013418871,6.486887e-05,0.044826206,0.9413987,0.00011210495
6855,0.01722479,0.02608945,0.25309414,0.025616774,0.15197901,0.5256136,0.0003822489
6856,9.5496125e-06,0.0003150116,0.000323076,2.7425406e-06,0.0017008309,0.99642015,0.0012286832
6857,7.8627863e-07,7.443868e-07,9.3738e-05,2.9962337e-06,5.144326e-05,0.9998487,1.5762217e-06
6858,9.0415284e-07,6.691073e-07,6.9876114e-05,7.398443e-07,0.0003203074,0.99960333,4.133768e-06
6859,0.0027119739,4.278884e-05,0.028964326,1.109102e-05,0.880405,0.08785204,1.2703554e-05
6860,0.0007179861,0.00067765,0.113953665,0.0006481854,0.024157383,0.8596157,0.00022939616
6861,4.9769387e-05,0.00013929406,0.009441801,0.00016420663,0.009705328,0.9804386,6.0935123e-05
6862,2.9985438e-06,0.0003169,0.00016820531,1.156426e-05,6.7724424e-05,0.99667203,0.0027605947
6863,0.000112943766,0.00030405493,0.00090000784,0.0004238741,0.0007872037,0.99702007,0.00045194593
6864,0.0002867668,9.119832e-05,0.004560836,2.0500602e-05,0.05701837,0.93799055,3.1814998e-05
6865,0.27707228,0.06464295,0.22133002,0.02316537,0.20170039,0.21192357,0.00016540867
6866,0.00017961011,1.12615535e-05,0.0074232356,7.767415e-06,0.27004173,0.7223355,9.04073e-07
6867,0.009086753,0.016314533,0.37108263,0.0059829457,0.1083861,0.48892844,0.0002186228
6868,0.00020273968,0.00031259668,0.0027749774,8.8014924e-05,0.035238538,0.96120006,0.00018311621
6869,0.10548234,0.61535436,0.034001727,0.06832923,0.014795592,0.16143644,0.0006003005
6870,0.5368919,0.25637844,0.0060029225,0.070840254,0.025966672,0.10387352,4.6364163e-05
6871,9.5734336e-05,5.0717972e-05,0.07176948,0.000119989854,0.099932306,0.8280236,8.080225e-06
6872,0.014652785,0.007150281,0.03739614,0.0008353209,0.05577745,0.8825929,0.0015950751
6873,0.00015391415,9.54173e-05,0.12043694,0.00012464776,0.06969558,0.8094704,2.3124507e-05
6874,0.17652114,0.5226876,0.0394352,0.04412312,0.12652446,0.08720951,0.0034990094
6875,9.20807e-05,1.4219792e-05,0.0003335357,9.757837e-06,0.0021918828,0.9973519,6.6536963e-06
6876,0.0189902,0.007935999,0.359338,0.0013807135,0.12128428,0.4903065,0.00076431455
6877,5.5144565e-06,8.1668506e-05,0.00053436356,2.1633563e-05,0.00059013034,0.9958275,0.0029392433
6878,9.100451e-31,2.3648052e-21,1.529568e-20,3.3492236e-38,2.191463e-14,1.0,3.603108e-20
6879,1.1651517e-08,9.814534e-06,5.657046e-06,3.1294984e-09,6.486185e-05,0.99988604,3.3635446e-05
6880,0.06276582,0.12443007,0.066754945,0.12229224,0.01475571,0.6076177,0.0013835565
6881,0.000905764,0.0029081393,0.002828873,0.00078310375,0.024497699,0.9655606,0.0025159342
6882,9.071073e-05,0.0010398019,0.01723568,0.00038543105,0.0028001813,0.9778376,0.0006105065
6883,0.0028202867,0.339652,0.017945819,0.024943534,0.0008135771,0.61176425,0.0020604692
6884,2.9713899e-08,3.7763675e-06,1.885947e-05,2.0804029e-08,2.7953572e-05,0.9998615,8.778598e-05
6885,6e-45,6.414906e-36,2.3514822e-29,0.0,1.4700245e-18,1.0,6.589257e-38
6886,0.0,6.99e-42,3.019044e-34,0.0,4.7156217e-22,1.0,2.4e-44
6887,0.00019999547,0.00010771078,0.0050957277,0.00047394802,0.0015035043,0.9925869,3.2309414e-05
6888,0.0029737654,0.0017710022,0.12274711,0.001144507,0.026905568,0.84424067,0.00021748067
6889,0.0008702649,1.0918034e-05,0.024049422,1.49272255e-05,0.7714934,0.2035609,1.8879498e-07
6890,0.00014599021,1.12065145e-05,0.030759504,8.97742e-06,0.29758027,0.6714631,3.0985084e-05
6891,1.3775154e-07,9.749936e-08,1.4680969e-05,1.9061794e-07,0.00011558493,0.99986756,1.6660874e-06
6892,0.0,0.0,1.3037942e-36,0.0,3.4097893e-22,1.0,0.0
6893,0.32032058,0.48905462,0.019406442,0.11269305,0.009423072,0.04874018,0.00036211204
6894,0.00027606808,2.6965175e-05,0.014375443,0.00013118079,0.003992624,0.98118895,8.68905e-06
6895,4.9624177e-05,0.00029504532,0.00028553687,4.0413015e-05,0.00033021616,0.99857354,0.00042559687
6896,1.4037155e-15,1.7877305e-09,4.8161475e-10,3.3591752e-17,4.1716675e-08,0.9999999,2.2662105e-08
6897,0.009584397,0.009860725,0.630536,0.0045487927,0.17973834,0.16569954,3.218731e-05
6898,1.7953116e-06,1.5575939e-06,0.00039324537,1.0714123e-06,0.029265078,0.9703352,2.0891764e-06
6899,1.4208684e-09,1.018045e-06,1.6510721e-06,8.7385027e-10,4.228978e-06,0.99998116,1.18422095e-05
6900,0.0,0.0,0.0,0.0,1.6482329e-35,1.0,0.0
6901,0.00063317985,9.3258124e-05,0.4987951,5.0202394e-05,0.3107761,0.18964617,6.0104826e-06
6902,0.0024555346,0.046507694,0.122566305,0.0018697155,0.1821117,0.3608621,0.28362697
6903,0.0013178544,0.017388593,0.015808975,0.001987859,0.07121533,0.88768655,0.0045947614
6904,0.09714275,0.0048088445,0.23633596,0.0074241427,0.34559435,0.30867526,1.8715562e-05
6905,0.0011069936,0.017115317,0.18714872,0.0080908025,0.016259613,0.7697581,0.0005204905
6906,0.15317376,0.3348453,0.32756668,0.04908539,0.0050703078,0.124371454,0.005887101
6907,0.0072588604,0.074036136,0.45346406,0.008687748,0.12611458,0.3299278,0.0005108856
6908,0.0017488945,0.002455276,0.0044093295,0.00011966463,0.122046016,0.8686871,0.0005336683
6909,0.009110026,0.000103295795,0.011209623,2.3482095e-05,0.90885055,0.07070289,9.561169e-08
6910,0.082783885,0.07483341,0.18883306,0.05571795,0.07442239,0.52270055,0.0007087457
6911,0.0005913132,0.0045622014,0.0011570341,0.00076715165,0.0013595567,0.9913003,0.00026252228
6912,0.11560752,0.13258259,0.1830056,0.024249097,0.045457486,0.49864018,0.00045747432
6913,0.027868353,0.00664641,0.15140994,0.0068344735,0.2097777,0.597395,6.809782e-05
6914,0.0012202649,0.001120824,0.01541677,0.0006882862,0.20542395,0.7760572,7.270018e-05
6915,0.00014957198,3.7771046e-05,0.004198632,6.5736212e-06,0.07659095,0.9188126,0.00020394662
6916,0.00025126824,1.347288e-05,0.012699806,5.2362598e-06,0.29815683,0.6888658,7.655121e-06
6917,0.46956527,0.06896125,0.18356174,0.021483488,0.1749923,0.08140036,3.5561796e-05
6918,0.008381919,0.03712841,0.018849406,0.0161737,0.012410868,0.90493613,0.0021194671
6919,0.016921643,0.20490648,0.14088681,0.017848868,0.022306316,0.5945006,0.0026292717
6920,0.0002709408,0.00044924574,0.005625381,0.0020825872,0.0016921307,0.9897452,0.00013444072
6921,0.018108007,0.0017325351,0.0046051266,0.0039462945,0.002540377,0.9690299,3.771598e-05
6922,0.12625821,0.0113336565,0.14549823,0.010480374,0.36119863,0.34518513,4.5768906e-05
6923,0.014724637,0.0042434074,0.05441455,0.012624965,0.011854019,0.9020109,0.00012753383
6924,0.004521039,0.0020277307,0.053516295,0.002362532,0.045963477,0.89124906,0.00035989782
6925,0.004599778,0.004704511,0.8285442,0.0021934959,0.0727456,0.08720002,1.2413929e-05
6926,3.4775508e-06,1.4615443e-06,0.00017142974,1.6065309e-06,0.0005916681,0.9992269,3.5040634e-06
6927,0.05086628,0.026599614,0.14615555,0.006025785,0.42374805,0.346502,0.00010271855
6928,7.127325e-05,0.00053875503,0.0020159108,1.9222438e-05,0.0080474485,0.9888954,0.00041194935
6929,0.041838426,0.0068661845,0.1122766,0.0033742408,0.38712126,0.44822,0.00030329972
6930,0.00015303108,0.00053859723,0.00073657505,9.2085356e-05,0.009475742,0.98879904,0.00020504046
6931,3.3248654e-08,3.6271595e-05,1.2157088e-05,1.9749553e-08,3.4138116e-05,0.9997465,0.00017095204
6932,4.6808926e-20,2.1695773e-15,1.510946e-13,8.651137e-25,2.9003846e-09,1.0,5.7610823e-15
6933,3.7702257e-06,7.0591865e-05,0.00014091947,6.511164e-05,4.1956606e-05,0.9994918,0.0001859683
6934,0.00040422042,0.011112379,0.010571438,0.0015198217,0.06415318,0.9026967,0.009542373
6935,5.6937396e-17,1.433415e-11,7.2192343e-12,3.1904964e-20,6.486481e-08,0.9999999,7.3011465e-11
6936,0.11210072,0.05247203,0.44405273,0.02506155,0.18101662,0.18518189,0.00011447994
6937,0.001193296,0.0029033623,0.017379297,0.0020703133,0.003460255,0.971915,0.0010784789
6938,3.7217607e-05,2.1524772e-06,0.0020901938,1.7508264e-06,0.02629419,0.9715597,1.4729699e-05
6939,2.5125328e-06,1.588758e-06,0.00010997116,4.7445346e-06,0.00013148139,0.99974746,2.2699317e-06
6940,0.050327636,0.027152164,0.32019547,0.02172199,0.2656303,0.31471777,0.00025464952
6941,8.082082e-06,5.7706184e-06,0.000430934,1.0204858e-05,0.00202273,0.99751735,4.8515044e-06
6942,0.00016963642,1.8454274e-06,0.0032825784,6.2408355e-07,0.586164,0.41037986,1.4340426e-06
6943,0.0088787805,0.0044187605,0.028058305,0.0016430225,0.48327243,0.47364843,8.022652e-05
6944,0.25767988,0.13795704,0.373812,0.041801162,0.060469758,0.12800367,0.0002765283
6945,0.020348176,0.013134203,0.027274506,0.011157068,0.018746471,0.9091777,0.00016188287
6946,0.072731875,0.012681963,0.010648886,0.010849966,0.0059992336,0.88695025,0.00013779051
6947,6.090923e-05,0.00036012524,0.009722734,0.00011293545,0.01845243,0.97121465,7.637282e-05
6948,1.0724725e-06,2.8838092e-06,8.002445e-05,5.7819066e-06,5.637715e-05,0.99984324,1.0598337e-05
6949,0.034673683,0.4163746,0.3510251,0.046457294,0.0024302204,0.14382602,0.005213068
6950,0.042180642,0.033662472,0.6037295,0.014767377,0.06548383,0.23981237,0.00036383895
6951,0.1616635,0.022462128,0.034257296,0.0039314446,0.5043167,0.27330443,6.4464584e-05
6952,5.4038893e-14,3.1296754e-09,5.64413e-10,9.324544e-16,8.195333e-08,0.9999999,7.601881e-09
6953,8.369814e-08,4.333271e-06,2.6426583e-06,9.738638e-09,5.8133053e-05,0.999918,1.68643e-05
6954,0.005545611,0.0046333573,0.046097938,0.00055812177,0.15298647,0.7856721,0.004506418
6955,0.009450305,0.013579932,0.09584312,0.003922936,0.16187915,0.7025711,0.012753454
6956,3.5683584e-05,0.00011035095,0.0019716069,0.0003393452,0.00012056163,0.99729353,0.0001289217
6957,0.28350645,0.6312299,0.026378827,0.046587005,0.00037372447,0.009515778,0.0024083105
6958,2.8431173e-26,2.2061464e-17,1.0175578e-17,7.293943e-32,1.2786115e-12,1.0,1.0800788e-15
6959,0.00067042833,0.00013089989,0.0057767867,6.809454e-05,0.027286058,0.9658464,0.00022137219
6960,2.426314e-05,1.48624995e-05,0.0014552582,7.929191e-06,0.039831918,0.9586115,5.4349628e-05
6961,1.0384e-41,2.8778168e-33,2.8645074e-27,0.0,6.0265774e-18,1.0,1.1866485e-34
6962,0.0128529575,0.0037337027,0.13343607,0.024202313,0.0026238353,0.823013,0.00013818197
6963,0.000117193165,0.02026076,0.0033930782,0.0013841401,0.00020261871,0.97441703,0.00022515909
6964,2.044435e-09,2.7844587e-06,1.5335343e-06,4.0425518e-10,1.2753379e-05,0.9999753,7.675573e-06
6965,4.2625118e-32,1.2834962e-23,3.4240507e-21,1.48199e-40,7.310776e-15,1.0,4.0469836e-23
6966,3.7440628e-07,3.316461e-07,2.0829948e-05,3.513688e-07,0.00012873195,0.99984336,5.99851e-06
6967,0.13235098,0.01106748,0.1111224,0.0074692094,0.56028694,0.17769435,8.718793e-06
6968,0.00143998,4.6764195e-05,0.02248465,2.4675523e-05,0.25252914,0.72347176,3.0839947e-06
6969,0.00060794345,0.008333987,0.35765678,0.0079193255,0.01541106,0.6098645,0.00020647242
6970,2.6662286e-05,5.141631e-06,0.0014292637,2.0255142e-05,0.0009514001,0.99756575,1.5691394e-06
6971,0.0051577003,0.00045472066,0.026111966,0.0019342813,0.008345733,0.95799047,5.1948928e-06
6972,0.03113678,0.003923976,0.54386926,0.0039723553,0.21468346,0.20240001,1.4197827e-05
6973,0.0010957284,0.004434144,0.01436234,0.00017672533,0.03688495,0.93202883,0.011017225
6974,0.0008803198,0.22754404,0.006377204,0.0059399772,0.0057139597,0.3962569,0.3572876
6975,0.00011091002,6.382239e-05,0.0012976859,3.5645222e-05,0.0041952743,0.99426985,2.681101e-05
6976,0.01805128,0.00783599,0.10737106,0.03909458,0.0046253954,0.8225992,0.0004225283
6977,0.21608146,0.042357482,0.39246267,0.025096059,0.20377167,0.12013496,9.562621e-05
6978,9.449695e-06,1.4163234e-05,0.0020833192,2.1166293e-06,0.097455785,0.900273,0.00016212903
6979,4.882511e-07,4.5432666e-06,5.401783e-05,3.613694e-07,0.0002599382,0.99963605,4.4604276e-05
6980,0.000164617,0.0001220895,0.009984365,2.368904e-05,0.020841442,0.9687779,8.5937565e-05
6981,0.0027073335,0.021141006,0.14842738,0.0058093225,0.0105065415,0.8108272,0.00058126444
6982,4.6554804e-05,0.000294027,0.0007455037,0.00068873353,0.00020688983,0.99788684,0.00013138821
6983,0.000100024874,4.0304276e-05,0.040224887,4.1158277e-05,0.14151305,0.81804556,3.5064248e-05
6984,0.005976607,0.0012811171,0.095564604,0.0005955586,0.23178072,0.6647721,2.9364464e-05
6985,0.38679996,0.18036994,0.10175684,0.04080498,0.18706036,0.10274715,0.0004607571
6986,0.0042310087,0.0050148135,0.0149952015,0.00025972087,0.035902414,0.9354563,0.0041405037
6987,0.0008952464,9.6905715e-05,0.04812916,5.760488e-05,0.25283858,0.6979345,4.799034e-05
6988,0.0013893162,0.0028819963,0.17894799,0.0012731926,0.052268617,0.7628724,0.00036649086
6989,0.0002892724,4.290042e-05,0.017332949,2.9050416e-05,0.06796473,0.91423976,0.000101247104
6990,2.3897112e-05,1.3506208e-05,0.0010632299,9.542963e-06,0.0074826945,0.99134326,6.385874e-05
6991,0.010778539,0.0019933053,0.02821218,0.0015208317,0.12633525,0.83111405,4.5822897e-05
6992,0.02282561,0.0047603473,0.2766029,0.017789036,0.037444286,0.6404954,8.235268e-05
6993,0.0017281084,0.022753898,0.058895484,0.0035581903,0.045935433,0.8596905,0.007438354
6994,0.0003355878,1.9711857e-05,0.072295755,3.182013e-05,0.056995858,0.8703154,5.788619e-06
6995,0.005364498,0.0039218995,0.32493502,0.0024003433,0.14180274,0.52098936,0.0005861457
6996,0.07923467,0.5513153,0.14624561,0.051598996,0.005007249,0.16021514,0.0063830367
6997,0.00048502872,0.0004763942,0.0015267973,0.0012354398,0.0021815442,0.99405956,3.5207308e-05
6998,4.7454098e-05,6.5867534e-05,0.00019013925,0.00036372573,0.00010762608,0.9992173,7.854963e-06
6999,0.010682867,0.0028323082,0.30496016,0.001957264,0.1625488,0.51685303,0.0001656016
7000,0.28727567,0.09644563,0.057366014,0.033140942,0.2513547,0.2742713,0.00014573598
7001,0.10183084,0.17528656,0.23227885,0.052777395,0.015200329,0.41931668,0.0033093486
7002,1.1671259e-08,5.100982e-06,7.426629e-06,1.15897635e-07,3.00009e-05,0.99994624,1.1027025e-05
7003,6.9081043e-19,2.838671e-13,3.1876493e-13,3.3361026e-23,6.826013e-10,1.0,1.6069472e-12
7004,0.0041162902,0.004848906,0.3059507,0.0012578142,0.27411947,0.40919456,0.00051224564
7005,5.3741187e-05,0.0007941497,0.0051511135,0.00014385536,0.028587086,0.96469283,0.0005771378
7006,1.318659e-22,1.6222131e-15,5.5399347e-15,6.616572e-27,3.890686e-11,1.0,4.1470855e-14
